"p_val","avg_log2FC","pct.1","pct.2","p_val_adj","gene"
5.59088391299684e-34,6.9789147160923,0.12,0.001,1.2467671125983e-29,"GZMK"
1.09879209528997e-135,5.27176129374739,0.465,0.032,2.45030637249663e-131,"GZMA"
6.6322520306134e-185,5.05970720253787,0.63,0.086,1.47899220282679e-180,"CCL5"
9.68399486244132e-54,4.50545921354511,0.264,0.044,2.15953085432441e-49,"CMC1"
1.09965778071313e-36,4.25845684336579,0.148,0.008,2.45223685099028e-32,"DUSP4"
2.04544248432326e-118,4.24403576745029,0.469,0.064,4.56133674004088e-114,"CST7"
1.42184955844293e-62,4.21356486990871,0.263,0.025,3.17072451532773e-58,"LMNA"
8.02140965169656e-42,4.10747837519658,0.179,0.015,1.78877435232833e-37,"TRGC2"
1.09488150933176e-42,4.08017707987588,0.178,0.014,2.44158576580982e-38,"KLRG1"
1.32453366814892e-22,4.0168279955603,0.107,0.013,2.9537100799721e-18,"KLRD1"
1.34139203275464e-39,3.9168360575912,0.169,0.014,2.99130423304284e-35,"BHLHE40"
1.43534680010244e-24,3.691571233428,0.113,0.012,3.20082336422843e-20,"METRNL"
1.34746021019983e-92,3.64220474941328,0.518,0.179,3.00483626874562e-88,"NKG7"
6.43863255104351e-110,3.55270309825486,0.457,0.068,1.4358150588827e-105,"LYAR"
2.5228757369105e-23,3.55173346327533,0.188,0.061,5.6260128933104e-19,"CCL4"
1.1411417817942e-38,3.45560623192448,0.188,0.025,2.54474617340108e-34,"CYTOR"
3.32463436522854e-43,3.33395930626738,0.218,0.033,7.41393463445964e-39,"PMAIP1"
1.04525842201399e-42,3.32903245043017,0.231,0.043,2.33092628109121e-38,"ID1"
6.09244960816208e-38,3.27398500140755,0.18,0.022,1.35861626262014e-33,"MYO1F"
3.37800369235643e-32,3.24083484497146,0.162,0.023,7.53294823395484e-28,"HOPX"
4.48316099524683e-38,3.12982198859228,0.201,0.034,9.99744901940043e-34,"MAP3K8"
6.24208011234583e-21,3.03669532467631,0.102,0.013,1.39198386505312e-16,"ACTN4"
3.84160454926906e-26,2.92131445370205,0.146,0.026,8.56677814487e-22,"A2M"
1.8192276770415e-16,2.87844809259784,0.123,0.035,4.05687771980254e-12,"GZMH"
6.10304578895852e-38,2.71816743883499,0.211,0.039,1.36097921093775e-33,"ANXA2"
9.41816977437129e-35,2.70461596466315,0.219,0.052,2.1002518596848e-30,"LINC01871"
1.28857768084043e-72,2.69442859917425,0.401,0.096,2.87352822827415e-68,"TUBB4B"
7.10703324731043e-24,2.68685183553023,0.142,0.029,1.58486841415023e-19,"RHOC"
8.10657150884991e-20,2.6663233493302,0.114,0.021,1.80776544647353e-15,"STOM"
5.114903245628e-70,2.55086562940446,0.464,0.154,1.14062342377504e-65,"TUBA4A"
6.0157134245221e-58,2.52850922207533,0.429,0.155,1.34150409366843e-53,"KLRB1"
9.00766675268004e-17,2.49868009405916,0.109,0.024,2.00870968584765e-12,"MAF"
1.08655255294348e-18,2.45769195177292,0.119,0.026,2.42301219306395e-14,"IL2RB"
5.8714073267987e-186,2.36545821198788,0.877,0.447,1.30932383387611e-181,"ZFP36"
4.67980472235671e-47,2.32851315147448,0.3,0.076,1.04359645308555e-42,"RUNX3"
1.35025808542157e-46,2.32529431997161,0.31,0.083,3.0110755304901e-42,"AC016831.1"
4.78040735918526e-119,2.3057664490066,0.719,0.315,1.06603084109831e-114,"DUSP2"
3.7104529207138e-127,2.3011263577184,0.745,0.356,8.27431001319176e-123,"ID2"
5.82036099250356e-49,2.28882086443235,0.413,0.163,1.29794050132829e-44,"RGS1"
1.42929686304811e-17,2.27450163913051,0.117,0.027,3.18733200459728e-13,"PTGER2"
8.0426334846288e-10,2.23693824409123,0.354,0.273,1.79350726707222e-05,"GNLY"
2.40009241914683e-13,2.11847407688225,0.101,0.028,5.35220609469744e-09,"CHST12"
7.82240855386528e-18,2.07289137787642,0.133,0.036,1.74439710751196e-13,"ATXN1"
2.56810970355313e-32,2.07140458679153,0.247,0.073,5.72688463892348e-28,"AC020916.1"
2.90109058032985e-29,2.05990579908538,0.211,0.057,6.46943199413557e-25,"AHNAK"
5.19529210142205e-24,2.00211522460283,0.181,0.051,1.15855013861712e-19,"FOSL2"
2.44252995845104e-17,1.9795600259078,0.148,0.047,5.44684180734583e-13,"PIM3"
1.52652172203196e-24,1.97653105092449,0.226,0.082,3.40414344013128e-20,"HLA-DPA1"
1.01448245776834e-17,1.97511023145031,0.136,0.038,2.26229588082339e-13,"SH2D1A"
5.51016745422309e-14,1.96846841300834,0.119,0.038,1.22876734229175e-09,"IER5"
5.20406195949344e-23,1.95193012054468,0.175,0.048,1.16050581696704e-18,"GATA3"
1.32589554300482e-26,1.94952971361321,0.219,0.07,2.95674706090075e-22,"JMJD6"
5.17373593349619e-14,1.92835186889421,0.132,0.046,1.15374311316965e-09,"AC004687.1"
6.57967195821591e-35,1.92662185303731,0.291,0.1,1.46726684668215e-30,"C12orf75"
1.54768752256878e-32,1.9218422170702,0.277,0.094,3.45134317532838e-28,"LINC00513"
6.43094972144395e-15,1.91708915955418,0.117,0.033,1.434101787882e-10,"ITGB1"
2.28815586578099e-24,1.88634629874445,0.209,0.068,5.10258758069161e-20,"FAM46C"
4.90743576821876e-29,1.86266342583573,0.341,0.161,1.09435817631278e-24,"LGALS1"
5.43976742716272e-12,1.86030994568422,0.11,0.038,1.21306813625729e-07,"ZC3H12A"
1.7432528105556e-14,1.85808012991111,0.133,0.046,3.88745376753898e-10,"GAPDHP1"
2.27062538805593e-14,1.85764338053729,0.168,0.072,5.06349461536472e-10,"Z93241.1"
1.96291739023711e-181,1.85093627462909,0.921,0.688,4.37730578022875e-177,"S100A4"
3.03306043444964e-12,1.84793588042239,0.125,0.047,6.7637247688227e-08,"KLHDC4"
4.75355271501218e-14,1.84781216557163,0.14,0.052,1.06004225544772e-09,"HLA-DRB1"
7.9225877804541e-11,1.79794176970741,0.101,0.035,1.76673707504127e-06,"PRF1"
3.44813696593615e-30,1.77887773514027,0.271,0.096,7.68934543403762e-26,"SYNE2"
4.11581015260025e-11,1.77215871033859,0.125,0.051,9.17825664029856e-07,"MT2P1"
7.08273675055364e-34,1.76714072483389,0.317,0.119,1.57945029537346e-29,"AC016831.5"
9.47050060657706e-13,1.75842977976869,0.103,0.03,2.11192163526669e-08,"CASP1"
1.2684754880515e-12,1.75762509684111,0.12,0.041,2.82870033835484e-08,"AC004520.1"
3.56928722504335e-11,1.74037105261401,0.125,0.051,7.95951051184667e-07,"IFNGR1"
3.78070658368694e-17,1.72876433177028,0.145,0.045,8.43097568162188e-13,"TGFBR3"
4.40771497689659e-19,1.7278158171676,0.153,0.045,9.82920439847939e-15,"AC007608.4"
7.94106480362992e-17,1.71331243424656,0.166,0.061,1.77085745120947e-12,"EHD1"
7.06622438537841e-10,1.69142361873053,0.109,0.044,1.57576803793939e-05,"GALM"
2.30440994674976e-10,1.68159711233353,0.105,0.04,5.13883418125196e-06,"TRG-AS1"
2.31130168408777e-31,1.67916746327651,0.321,0.133,5.15420275551572e-27,"ALOX5AP"
5.64673595843774e-15,1.67113295586216,0.149,0.055,1.25922211873162e-10,"PFKFB3"
8.14637742697531e-12,1.66950367300808,0.123,0.046,1.81664216621549e-07,"SQSTM1"
2.92410934250845e-74,1.65772213146669,0.667,0.36,6.52076383379383e-70,"GADD45B"
3.44732512377211e-20,1.65675802596126,0.205,0.079,7.6875350260118e-16,"GABARAPL1"
1.73489197098578e-41,1.65608454524421,0.373,0.141,3.86880909529829e-37,"TXN"
8.52521941714203e-13,1.65562704327389,0.121,0.042,1.90112393002267e-08,"DNAJC1"
7.27869312219994e-23,1.64571533175152,0.241,0.095,1.62314856625059e-18,"CD63"
4.90057445858949e-09,1.63626330092289,0.103,0.042,0.000109282810426546,"APOBEC3G"
7.10040839864497e-57,1.6056641814536,0.543,0.252,1.58339107289783e-52,"KLF6"
2.32768475667101e-55,1.5997545491908,0.504,0.214,5.19073700737636e-51,"PIK3R1"
7.15349098101696e-24,1.59605783427015,0.37,0.21,1.59522848876678e-19,"MT2A"
8.44028747653024e-16,1.59440152890392,0.172,0.068,1.88218410726624e-11,"GPR65"
1.03925511363658e-16,1.58603948570207,0.16,0.056,2.31753890340957e-12,"JPT1"
1.30073814743205e-16,1.57809619050168,0.184,0.073,2.90064606877348e-12,"REEP5"
1.10615196057057e-20,1.56166734593023,0.279,0.139,2.46671887207238e-16,"HLA-DPB1"
6.37215653929653e-23,1.55476458512494,0.233,0.087,1.42099090826313e-18,"S100A11"
2.76324307648182e-10,1.53320185714804,0.128,0.056,6.16203206055446e-06,"SRRT"
2.88290018716241e-20,1.52457174540847,0.212,0.08,6.42886741737218e-16,"RORA"
3.90638143165002e-21,1.52227608353565,0.212,0.078,8.71123059257955e-17,"ANXA5"
1.3176345145594e-26,1.52046367516059,0.292,0.122,2.93832496746747e-22,"CSRNP1"
2.3263336469951e-08,1.51716254226977,0.105,0.046,0.000518772403279908,"RAB27A"
2.75959971330158e-22,1.51642912937255,0.269,0.12,6.15390736066253e-18,"ADGRE5"
4.36017847101572e-89,1.51207742047909,0.788,0.51,9.72319799036506e-85,"NFKBIA"
3.62005247855014e-27,1.51206215603509,0.302,0.13,8.0727170271668e-23,"YWHAQ"
8.95822643619503e-34,1.50474158324888,0.387,0.18,1.99768449527149e-29,"CITED2"
8.91291249918549e-108,1.50268076117487,0.858,0.544,1.98757948731836e-103,"IER2"
3.66355611996401e-12,1.49668443114389,0.137,0.055,8.16973014751975e-08,"PHACTR2"
6.79085903780527e-14,1.48918786353244,0.188,0.088,1.51436156543058e-09,"EIF4A3"
2.32815099972015e-11,1.48586893453802,0.112,0.04,5.19177672937594e-07,"PYHIN1"
5.90456265810527e-49,1.48133366391651,0.558,0.297,1.31671747275748e-44,"AC058791.1"
4.01519275613985e-41,1.46945423611826,0.557,0.346,8.95387984619187e-37,"RGCC"
1.40751434175538e-16,1.46430311640939,0.163,0.057,3.13875698211449e-12,"TRADD"
3.63836553690685e-61,1.46139431880876,0.615,0.312,8.11355514730227e-57,"ANXA1"
3.15733813853906e-10,1.45573130004201,0.108,0.041,7.0408640489421e-06,"NDRG1"
2.68752859455044e-11,1.45107450349018,0.135,0.056,5.99318876584749e-07,"RASSF1"
5.80267994523296e-11,1.44440111961254,0.136,0.059,1.29399762778695e-06,"CDK17"
2.47095901002532e-08,1.43915410871487,0.113,0.052,0.000551023859235646,"AC025171.1"
8.86987495041216e-14,1.43348674306074,0.163,0.068,1.97798211394191e-09,"TNFRSF1B"
5.09395876790767e-37,1.43189169376582,0.418,0.193,1.13595280524341e-32,"SAMSN1"
4.97351408306409e-16,1.42754481447687,0.209,0.095,1.10909364052329e-11,"SLA"
1.52499327053097e-09,1.42710901534959,0.116,0.049,3.40073499328407e-05,"MVD"
1.26739747232899e-36,1.4240649467955,0.415,0.196,2.82629636329365e-32,"CLIC1"
9.5030035943987e-09,1.41981575831828,0.107,0.046,0.000211916980155091,"RORA-AS1"
2.85570712287001e-15,1.41824609486985,0.186,0.079,6.36822688400012e-11,"RNF19A"
6.14273879933559e-23,1.40315976967016,0.297,0.14,1.36983075225184e-18,"FYN"
1.38472819159594e-11,1.38897869500076,0.147,0.064,3.08794386725895e-07,"TMX4"
1.85917241852902e-165,1.38753328733324,0.984,0.906,4.14595449331971e-161,"CXCR4"
2.53600945925241e-14,1.38567687215643,0.187,0.084,5.65530109413288e-10,"NR4A3"
2.58309513562533e-12,1.3853602043031,0.177,0.085,5.76030215244448e-08,"SURF4"
3.02745997471549e-25,1.38354714894519,0.35,0.177,6.75123574361554e-21,"AC116366.1"
8.4053546954394e-11,1.37610262355527,0.139,0.062,1.87439409708299e-06,"APMAP"
3.36611851547087e-11,1.3747855539923,0.132,0.054,7.50644428950003e-07,"ARPC5L"
2.19036260719206e-19,1.36887315715819,0.333,0.195,4.88450861403829e-15,"CTSW"
1.39042479032821e-33,1.36551609163279,0.573,0.383,3.10064728243191e-29,"CD74"
2.70364199077735e-08,1.36171501174311,0.105,0.046,0.00060291216394335,"GPR108"
6.94122791266012e-35,1.36045656872499,0.437,0.217,1.54789382452321e-30,"HERPUD1"
5.14811667756825e-140,1.35872811720515,0.938,0.789,1.14803001909772e-135,"IL32"
8.89755136659867e-12,1.35584132648942,0.149,0.064,1.9841539547515e-07,"RNF166"
1.35506546391049e-10,1.35510191492388,0.178,0.093,3.02179598452039e-06,"AC109326.1"
4.07696492850642e-20,1.35101449659772,0.264,0.122,9.09163179056933e-16,"IL10RA"
3.9961433432415e-14,1.34420578855755,0.17,0.071,8.91139965542855e-10,"OPTN"
5.70460415280376e-10,1.34353171325459,0.168,0.088,1.27212672607524e-05,"LYST"
1.85645446965183e-15,1.33641941150071,0.231,0.115,4.13989346732358e-11,"ZFP36L1"
1.50590470884554e-37,1.3347367076293,0.438,0.205,3.35816750072556e-33,"EML4"
1.90539940283375e-18,1.3254736661005,0.239,0.109,4.24904066831927e-14,"FLNA"
2.96869272549668e-15,1.3229945506181,0.23,0.115,6.6201847778576e-11,"HEXIM1"
1.11681357899639e-17,1.31627750097382,0.234,0.106,2.49049428116194e-13,"CAPN2"
2.87634428986609e-28,1.31623583493269,0.445,0.257,6.41424776640139e-24,"IFRD1"
8.67117603489342e-50,1.31578236565473,0.642,0.406,1.93367225578123e-45,"NR4A2"
4.81369363762107e-19,1.31221132093797,0.246,0.111,1.0734536811895e-14,"CD99.1"
2.10750842155882e-08,1.30604504198325,0.105,0.046,0.000469974378007617,"IL12RB1"
5.29240949278893e-16,1.28694291294046,0.195,0.083,1.18020731689193e-11,"RHEB"
2.98720806846573e-12,1.28452982338196,0.18,0.086,6.66147399267857e-08,"TIPARP"
1.51157089376005e-18,1.27253809116708,0.302,0.165,3.37080309308492e-14,"CLEC2B"
2.40940910810218e-10,1.27135866543561,0.137,0.061,5.37298231106787e-06,"PTS"
1.91054584022168e-119,1.26950614848229,0.949,0.756,4.26051722369434e-115,"SRGN"
4.24372399206748e-26,1.26641043170794,0.389,0.21,9.46350450231048e-22,"DNAJA1"
7.87896993640442e-19,1.26417991181808,0.337,0.196,1.75701029581819e-14,"MCL1"
2.42752851581475e-66,1.25416935451278,0.81,0.584,5.41338859026689e-62,"SRSF7"
3.10823666862916e-17,1.25106468572596,0.32,0.188,6.93136777104303e-13,"RGS2"
1.75299595334349e-14,1.24949723683972,0.242,0.127,3.90918097595599e-10,"B4GALT1"
3.61538956804814e-45,1.24773779879492,0.561,0.302,8.06231873674734e-41,"IDS"
3.84962850366168e-09,1.23914385833692,0.111,0.046,8.58467156316555e-05,"TPM4"
8.64211401945284e-14,1.2340939611707,0.215,0.109,1.92719142633798e-09,"REL"
5.76900279290615e-12,1.2260762563578,0.204,0.106,1.28648762281807e-07,"FKBP11"
3.90998940696702e-33,1.22589665431551,0.527,0.328,8.71927637753645e-29,"BTG2"
3.1071257036627e-08,1.22254560203027,0.135,0.069,0.000692889031916782,"MFSD10"
5.64062751431709e-09,1.21988881185068,0.14,0.069,0.000125785993569271,"CMC2"
2.10473944741506e-09,1.20794142486392,0.148,0.073,4.69356896773559e-05,"CTSC"
7.48556621836489e-13,1.20375729529404,0.183,0.084,1.66928126669537e-08,"GNG2"
1.12682506295676e-25,1.19989209363296,0.393,0.214,2.51281989039357e-21,"EZR"
4.13139022019486e-11,1.19960311213044,0.18,0.09,9.21300019103453e-07,"PDE4B"
4.41652912730594e-07,1.19711826859523,0.101,0.048,0.00984885995389224,"SLC9A3R1"
3.98050140432501e-08,1.19072620346361,0.118,0.056,0.000887651813164477,"CCDC167"
2.49757344046951e-129,1.18510157126284,0.962,0.864,5.569588772247e-125,"ZFP36L2"
3.12412747228646e-64,1.18410145156329,0.906,0.802,6.9668042631988e-60,"JUN"
4.58007125165395e-29,1.17962328149336,0.459,0.264,1.02135588911883e-24,"DNAJB6"
1.53484712316616e-10,1.17085575227819,0.168,0.084,3.42270908466054e-06,"PRNP"
1.38387790664934e-08,1.16783842973861,0.148,0.077,0.000308604773182804,"TAGAP"
2.1917108162843e-09,1.16575554870165,0.166,0.089,4.88751512031399e-05,"IDH2"
5.01625079053512e-40,1.16402632754465,0.611,0.405,1.11862392628933e-35,"S100A10"
4.54990765901448e-13,1.1622394252482,0.203,0.101,1.01462940796023e-08,"SLC38A2"
1.74719624803038e-06,1.15754491281687,0.113,0.061,0.0389624763310774,"NAA50"
4.56318092989302e-07,1.15331993924807,0.119,0.062,0.0101758934736614,"SKIL"
7.32965584740033e-23,1.15177617661335,0.4,0.234,1.63451325397027e-18,"HSPE1"
2.37178540088901e-08,1.15147385855105,0.148,0.079,0.00052890814439825,"MTFP1"
1.6965612752183e-18,1.14653412502291,0.321,0.177,3.78333164373681e-14,"BRD2"
3.03976092093491e-06,1.13980796007321,0.115,0.062,0.0677866685368484,"TMEM107"
3.36747280607068e-06,1.13455303459,0.114,0.062,0.0750946435753762,"DIAPH1"
8.88286352751172e-07,1.13426867339283,0.117,0.061,0.0198087856663511,"TPD52"
1.40914036634043e-15,1.13260189519326,0.253,0.13,3.14238301693916e-11,"SRI"
7.32383442248355e-14,1.13224774294859,0.251,0.138,1.63321507621383e-09,"TGFB1"
3.95526437850696e-10,1.13126971791146,0.17,0.087,8.82023956407053e-06,"RILPL2"
5.9236706390113e-48,1.12607733203852,0.682,0.441,1.32097855249952e-43,"PPP2R5C"
5.36821667665384e-17,1.12532127017586,0.278,0.144,1.19711231889381e-12,"LAPTM4A"
2.0217533821579e-16,1.11686339900537,0.312,0.182,4.50851004221211e-12,"SERTAD1"
1.48421816264354e-06,1.11283471225901,0.117,0.062,0.033098065026951,"SMS"
1.64898855223313e-08,1.1108811607077,0.179,0.103,0.000367724447147989,"KDM6B"
7.63473386048348e-06,1.1099286744418,0.118,0.068,0.170254565088782,"DERL1"
2.29756136672969e-07,1.10869724473418,0.136,0.073,0.0051235618478072,"TLE3"
4.4488215713993e-12,1.10475967123658,0.198,0.101,9.92087210422045e-08,"AKAP13"
3.88532172535488e-34,1.10309290450513,0.503,0.28,8.66426744754138e-30,"ARL4C"
3.17069422650578e-26,1.10109586621049,0.508,0.328,7.07064812510789e-22,"IRF1"
4.92099363973656e-14,1.09989660864894,0.278,0.16,1.09738158166125e-09,"TMEM50A"
7.47255094203119e-09,1.09779443232411,0.15,0.076,0.000166637886007296,"PPP3CA"
7.71238527390417e-09,1.09592519667746,0.169,0.093,0.000171986191608063,"ODF2L"
1.63811325470067e-12,1.09194292641052,0.206,0.104,3.6529925579825e-08,"MIDN"
1.86485964417787e-08,1.0918206335912,0.168,0.095,0.000415863700651666,"ZBTB1"
6.73103565268681e-21,1.08847104491409,0.376,0.218,1.50102095054916e-16,"TAGLN2"
2.19713765394986e-05,1.08327983955127,0.107,0.061,0.489961696830819,"PLEKHA2"
9.17643654497653e-14,1.08099609609849,0.251,0.137,2.04634534952977e-09,"GNAI3"
3.20759180996694e-68,1.07780034715179,0.799,0.573,7.15292973622627e-64,"SH3BGRL3"
1.96027306220844e-09,1.07424684411126,0.161,0.083,4.37140892872482e-05,"KPNA2"
2.82302945394857e-11,1.0724533805173,0.186,0.092,6.29535568230532e-07,"AQP3"
1.48252626903288e-11,1.06745118277439,0.226,0.127,3.30603357994333e-07,"PARP8"
1.14182088510491e-39,1.06703271547265,0.643,0.433,2.54626057378394e-35,"CREM"
3.32038708844059e-08,1.0669716406427,0.122,0.058,0.000740446320722252,"IQGAP2"
1.14751288236896e-14,1.06494163854358,0.296,0.172,2.55895372768278e-10,"MAP1LC3B"
1.83341452334219e-06,1.0643464316798,0.101,0.05,0.0408851438705308,"STX8"
5.53359052387236e-28,1.05937258587876,0.496,0.314,1.23399068682354e-23,"SEC61B"
4.30946221667003e-83,1.05704377397935,0.941,0.816,9.61010074317417e-79,"DUSP1"
4.2934270696971e-15,1.05504685338981,0.263,0.139,9.57434236542453e-11,"P4HB"
1.1005388398548e-06,1.05363943020818,0.133,0.074,0.024542016128762,"WNK1"
2.90999942172482e-05,1.05359247121102,0.107,0.061,0.648929871044635,"RANBP2"
1.37794017992226e-06,1.04286278338629,0.105,0.052,0.0307280660122665,"GLUL"
3.79339656214496e-156,1.04084544254986,0.995,0.961,8.45927433358325e-152,"HLA-A"
2.42355390388968e-20,1.03842662756638,0.431,0.28,5.40452520567399e-16,"POMP"
2.17454721468877e-09,1.03821913750456,0.143,0.068,4.84924028875596e-05,"GLIPR2"
3.64149130595019e-44,1.03637948438425,0.711,0.505,8.12052561226893e-40,"SRSF2"
4.90829442950635e-06,1.03333582060281,0.108,0.057,0.109454965777992,"ERLEC1"
1.01889522725779e-08,1.0328381698881,0.16,0.084,0.000227213635678488,"ERP44"
1.49783915180296e-35,1.02541020863067,0.646,0.463,3.3401813085206e-31,"DNAJB1"
7.30616552334599e-12,1.02538261181335,0.24,0.137,1.62927491170616e-07,"SS18L2"
7.86536575329006e-30,1.02404890391174,0.543,0.36,1.75397656298368e-25,"LDHA"
9.43261587397817e-13,1.02308464118508,0.262,0.151,2.10347333989713e-08,"NASP"
2.71721310138388e-06,1.02071815431004,0.116,0.062,0.0605938521608604,"SH3GLB1"
2.5677846715258e-09,1.02050071366811,0.186,0.104,5.72615981750254e-05,"NXT1"
2.6241975090878e-82,1.01136532585668,0.944,0.876,5.85196044526579e-78,"FOS"
3.77676016395435e-09,1.00975346531552,0.166,0.088,8.4221751656182e-05,"MYO1G"
3.30900014637098e-07,1.00906650377427,0.148,0.083,0.00737907032640728,"DDIT3"
1.31216318810333e-42,1.00905654001268,0.686,0.491,2.92612390947043e-38,"TNFAIP3"
9.12725991593936e-06,1.00718824604437,0.1,0.052,0.203537896125448,"CRELD2"
2.39471885702826e-09,1.00642422376808,0.192,0.108,5.34022305117302e-05,"H2AFX"
2.13995407072542e-06,1.00559835802638,0.136,0.079,0.0477209757771769,"AKIRIN2"
4.85707097157872e-09,1.00261780014542,0.212,0.128,0.000108312682666205,"NUFIP2"
1.7423775539477e-15,1.00151947457455,0.332,0.204,3.88550194530336e-11,"IDI1"
1.21598112627988e-07,0.997150203886328,0.135,0.069,0.00271163791160414,"DBF4"
7.57842223241924e-07,0.996194086710739,0.141,0.079,0.0168998815782949,"FKBP2"
4.64028882034119e-27,0.995004785135511,0.6,0.432,1.03478440693609e-22,"SAT1"
2.75994297068829e-07,0.992872146807245,0.136,0.073,0.00615467282463489,"GLRX"
1.49035582920121e-08,0.991361771785706,0.159,0.084,0.000332349349911869,"ELOVL5"
2.91881072211479e-13,0.990474731642474,0.312,0.197,6.50894791031599e-09,"MYADM"
4.72997493146323e-122,0.984841635106542,0.99,0.935,1.0547844097163e-117,"H3F3B"
6.34962727036188e-16,0.982746948304894,0.334,0.199,1.4159668812907e-11,"LCP1"
4.04283818873908e-11,0.982296636729456,0.231,0.133,9.01552916088815e-07,"RPN2"
1.64713909807273e-08,0.980870459433577,0.158,0.085,0.000367312018870218,"PPP1R18"
6.99185102011534e-33,0.979789038518272,0.672,0.492,1.55918277748572e-28,"HCST"
7.05226619607179e-06,0.978581216070653,0.101,0.052,0.157265536172401,"TLN1"
2.138840797041e-28,0.97704770847661,0.587,0.419,4.76961497740144e-24,"NEAT1"
4.07001713735173e-11,0.976645861263278,0.235,0.134,9.07613821629435e-07,"SLC25A26"
1.01296506459915e-06,0.976360149412954,0.121,0.064,0.0225891209405611,"CISD2"
9.56089689108773e-11,0.974497161120089,0.234,0.135,2.13208000671256e-06,"COX17"
5.64644919511126e-15,0.972057504010558,0.317,0.188,1.25915817050981e-10,"DYNLL1"
3.25635108770695e-05,0.970573862961398,0.108,0.062,0.72616629255865,"TUBB2A"
1.07490808173436e-06,0.970143453727758,0.146,0.085,0.0239704502226763,"C7orf50"
2.00432677506694e-07,0.970088821887801,0.125,0.065,0.00446964870839927,"SPTAN1"
3.96726682100051e-24,0.968877095733,0.551,0.389,8.84700501083115e-20,"HSPA5"
3.48950867823961e-07,0.964549886334294,0.141,0.078,0.00778160435247432,"CDKN2D"
2.76788889168876e-11,0.964533428395331,0.217,0.12,6.17239222846594e-07,"EMC7"
7.57065216510774e-17,0.964284699509189,0.351,0.213,1.68825543281903e-12,"DNAJB9"
6.40771253315305e-10,0.963306750787872,0.184,0.098,1.42891989489313e-05,"CANX"
8.51072653406064e-07,0.962353044133901,0.148,0.086,0.0189789201709552,"TSEN54"
1.78757626757284e-06,0.959984202327216,0.122,0.066,0.0398629507668743,"SAP30BP"
4.00524552856398e-12,0.958932275274997,0.221,0.118,8.93169752869767e-08,"EMB"
3.64627175460748e-05,0.95543063309186,0.112,0.066,0.813118601277468,"RBM8B"
3.73307156549411e-17,0.953599796908857,0.368,0.226,8.32474959105186e-13,"PSMB9"
3.25394920948327e-05,0.952088063105938,0.115,0.068,0.725630673714768,"MOB4"
0.000110283740899492,0.950870773146335,0.243,0.199,1,"CD8A"
4.87335960484032e-10,0.949768384663515,0.198,0.109,1.08675919187939e-05,"SEC11C"
3.58879228049855e-14,0.94972562064528,0.264,0.144,8.00300678551176e-10,"ANXA6"
1.29056470028813e-06,0.946992378854457,0.145,0.084,0.0287795928164253,"MANF"
2.0983331734475e-05,0.94456134563839,0.113,0.064,0.467928297678793,"HMGB1P5"
8.77131829155713e-09,0.944479099523311,0.204,0.122,0.000195600397901724,"OSTF1"
9.22888116755574e-05,0.944041884794042,0.117,0.072,1,"NAMPT"
7.74475923875239e-08,0.94373357191585,0.169,0.096,0.00172708131024178,"ARF4"
8.93880534783431e-12,0.942827767159752,0.228,0.122,1.99335359256705e-07,"CASP4"
3.23205517019069e-16,0.94211942143441,0.389,0.254,7.20748302952524e-12,"PDIA3"
6.50625059907171e-06,0.939534334073016,0.128,0.074,0.145089388359299,"PGAM1"
2.50758382447168e-43,0.939039318831491,0.699,0.481,5.59191192857185e-39,"HSP90AA1"
7.33621673192358e-06,0.931799700513047,0.108,0.057,0.163597633121896,"PLIN2"
2.85236531578753e-08,0.929455845777547,0.19,0.111,0.000636077465420619,"TRAT1"
1.43459176072851e-05,0.929053263897043,0.111,0.062,0.319913962642457,"DUSP16"
3.23336995332167e-07,0.927708142329115,0.165,0.099,0.00721041499590732,"SDF2L1"
9.01024050320048e-06,0.92683810000748,0.114,0.063,0.200928363221371,"PYCARD"
5.17867695363022e-08,0.926669798887073,0.184,0.107,0.00115484496065954,"TIMP1"
5.29107757603714e-06,0.925274649669534,0.128,0.074,0.117991029945628,"PDZD8"
5.21084663246814e-06,0.925003230411575,0.116,0.063,0.116201879904039,"CASP8"
5.72814737698463e-10,0.924991345086366,0.219,0.124,1.27737686506757e-05,"VMP1"
2.86835857970572e-06,0.924018208473012,0.182,0.12,0.0639643963274376,"ATP1B3"
6.27379250648683e-06,0.92236981888969,0.142,0.085,0.139905572894656,"TANK"
6.53184560463587e-09,0.92189492994817,0.223,0.137,0.00014566015698338,"ATP6V0B"
5.16426073346424e-11,0.921089327465308,0.279,0.175,1.15163014356252e-06,"SLC3A2"
8.31629717885638e-07,0.919702548784052,0.135,0.073,0.0185453427088497,"HM13"
3.80075499822289e-66,0.913830476724547,0.882,0.72,8.47568364603705e-62,"CALM1"
3.36441301306871e-05,0.912627899004553,0.126,0.078,0.750264101914322,"PSENEN"
0.000153718238265999,0.911003400188788,0.11,0.068,1,"TMEM109"
1.97172447307445e-06,0.905029290316349,0.141,0.081,0.0439694557495601,"CLDND1"
2.50730765607567e-13,0.904201783562312,0.277,0.158,5.59129607304873e-09,"PLK3"
3.12407214345553e-08,0.902855585458619,0.199,0.12,0.000696668087990583,"MYH9"
1.2811509573217e-05,0.902433734154032,0.138,0.084,0.28569666348274,"SDF4"
0.000225765688855354,0.899974062755235,0.101,0.061,1,"INPP5D"
8.59625171292585e-07,0.892599695521532,0.192,0.123,0.0191696413198247,"DNAJC3"
2.24418094541769e-11,0.88995751874138,0.267,0.162,5.00452350828144e-07,"PFDN2"
2.98624829120805e-15,0.88985878130354,0.376,0.241,6.65933368939395e-11,"ARHGAP15"
5.91201254246934e-05,0.887267335965171,0.101,0.057,1,"TFRC"
5.24468998030165e-10,0.885987043974668,0.258,0.162,1.16956586560727e-05,"MYLIP"
1.58933586633297e-06,0.882136901968693,0.148,0.087,0.0354421898192252,"PDCL3"
1.45814359867881e-12,0.881913601206423,0.33,0.216,3.25166022505375e-08,"WIPF1"
1.14879748039411e-07,0.881833462768276,0.199,0.125,0.00256181838127887,"TMEM9B"
1.9774865649026e-06,0.880279510361866,0.158,0.095,0.0440979503973279,"MT1X"
5.18287139516027e-10,0.880136100659347,0.327,0.231,1.15578032112074e-05,"PIP4K2A"
4.96062541884361e-34,0.879431198792251,0.646,0.455,1.10621946840212e-29,"CYBA"
5.95366356900208e-13,0.877130780544146,0.338,0.22,1.32766697588746e-08,"SELENOT"
8.13731767662371e-05,0.875895408240443,0.148,0.098,1,"RNF168"
8.72638545320113e-10,0.872172289623167,0.308,0.212,1.94598395606385e-05,"CBLB"
0.000128287853105667,0.872131391534027,0.118,0.073,1,"TMEM170A"
2.46987766931436e-06,0.869520794349227,0.144,0.084,0.0550782720257103,"TNIP1"
1.76075771532124e-06,0.868205614904563,0.212,0.144,0.0392648970516637,"ARID5B"
1.07156387624671e-06,0.86801101198126,0.161,0.097,0.0238958744403015,"TC2N"
6.00090154604573e-09,0.862163481122028,0.231,0.143,0.00013382010447682,"PPP1CA"
1.46808292617233e-07,0.860188706832615,0.219,0.142,0.00327382492536429,"DSTN"
1.2724181386724e-05,0.860156403078412,0.126,0.074,0.283749244923945,"CDV3"
4.92583027446842e-09,0.85935195304308,0.216,0.129,0.000109846015120646,"AC122718.1"
6.25174736086284e-13,0.857802470937374,0.302,0.184,1.39413966147241e-08,"RHOG"
0.000737263593388867,0.853864716472274,0.106,0.068,1,"GBP2"
1.3139009163855e-09,0.85217245118805,0.308,0.213,2.92999904353966e-05,"AMD1"
6.9273018462561e-05,0.851836605529278,0.113,0.068,1,"EIF6"
0.00019758964587918,0.851327477185335,0.109,0.068,1,"RALGAPA1"
9.18381374063848e-05,0.850751637092386,0.103,0.06,1,"PSMC2"
5.79612053424803e-07,0.849822787030949,0.243,0.17,0.0129253487913731,"SYTL3"
0.000222984051190709,0.847828133853742,0.13,0.086,1,"SOCS1"
2.23587017644219e-08,0.846406178382153,0.235,0.151,0.000498599049346607,"BSG"
6.25383381266534e-08,0.842953444140427,0.265,0.185,0.00139460494022437,"TMED10"
0.000618326592383098,0.841490157879951,0.119,0.079,1,"AGO2"
1.63755121240709e-06,0.840006302143591,0.168,0.104,0.0365173920366781,"AP3S1"
1.73378095328696e-32,0.839889293848906,0.644,0.478,3.86633152582993e-28,"MYL12B"
7.52938185165334e-05,0.838753332743356,0.114,0.069,1,"RNF126"
1.32129095559936e-27,0.838647547758258,0.589,0.413,2.94647883098658e-23,"EMP3"
0.000161208451906492,0.838586419267826,0.117,0.073,1,"RABGAP1L"
9.69964848396955e-07,0.835698768529773,0.171,0.105,0.0216302161192521,"TMED9"
1.62931253639017e-09,0.833584346454729,0.275,0.18,3.63336695615008e-05,"LINC-PINT"
0.00151382047424959,0.828863097831261,0.104,0.069,1,"ERO1B"
9.89563736643362e-09,0.827335438977494,0.359,0.268,0.00022067271327147,"TSPYL2"
0.000381915117171716,0.827212984053136,0.107,0.068,1,"APOL6"
2.93569166721023e-11,0.825495895329256,0.265,0.16,6.54659241787881e-07,"XBP1"
2.40389689458814e-10,0.824931024353933,0.279,0.178,5.36069007493156e-06,"PSMB3"
3.49673336361184e-16,0.824681193165953,0.46,0.329,7.7977154008544e-12,"ITGB2"
0.00070108758143814,0.822991373734725,0.104,0.067,1,"SRPRA"
0.000309245364616094,0.822630368046778,0.125,0.082,1,"SPN"
3.56423766820069e-13,0.82114379473983,0.351,0.226,7.94825000008753e-09,"ARL6IP5"
2.81511025343807e-05,0.818426154111844,0.129,0.079,0.62776958651669,"CD46"
2.19827757808005e-05,0.817961973656948,0.208,0.149,0.490215899911851,"AKNA"
2.70415751767326e-05,0.817273031523305,0.118,0.069,0.603027126441138,"PPP4C"
2.8154461669394e-06,0.817117101684494,0.162,0.1,0.0627844495227485,"PDCD5"
8.58262870670281e-14,0.816353848044967,0.397,0.271,1.91392620159473e-09,"CD53"
4.31213285675264e-10,0.813666042920681,0.295,0.196,9.61605627055839e-06,"ARF6"
0.00366316486522515,0.812557414884652,0.109,0.077,1,"TOB2"
3.06363842820974e-05,0.812196770615546,0.129,0.079,0.683191369490771,"PIM1"
2.29584398410333e-05,0.811287378957994,0.171,0.115,0.511973208455043,"PTPN2"
1.34025697756181e-06,0.810479232371606,0.164,0.1,0.0298877305996283,"DERL2"
1.46089573361933e-05,0.809257169547273,0.17,0.112,0.32577974859711,"POLR2A"
1.68749064231767e-05,0.805618339277646,0.136,0.082,0.376310413236841,"ATP2B1"
7.64293219315582e-05,0.804824649371617,0.128,0.081,1,"H3F3C"
2.5018293206607e-07,0.803898926097197,0.273,0.199,0.00557907938507336,"STK17A"
7.13412889905005e-06,0.803877765104164,0.148,0.09,0.159091074448816,"IFI16"
5.73897548529613e-16,0.803649621866216,0.448,0.312,1.27979153322104e-11,"PSMA7"
1.06636182460535e-06,0.80246747097737,0.18,0.112,0.0237798686886994,"SPCS3"
0.000422057266080523,0.802122584448126,0.108,0.068,1,"CSNK1D"
0.000223188658156558,0.799636472265834,0.116,0.073,1,"RAB11B"
3.59882806600158e-11,0.799087777464808,0.339,0.226,8.02538658718352e-07,"HNRNPUL1"
7.02607971034684e-10,0.79850007233039,0.298,0.2,1.56681577540734e-05,"JAK1"
1.26443502282679e-174,0.798001876528101,0.999,0.992,2.81969010090374e-170,"HLA-B"
1.87263777572177e-15,0.797865414545336,0.427,0.294,4.17598223985954e-11,"IL2RG"
2.49787307815219e-06,0.79699628916814,0.173,0.109,0.0557025696427938,"AKIRIN1"
0.000449533822808557,0.794968452163001,0.107,0.068,1,"COX6A1P2"
7.59970373690209e-05,0.793629167287734,0.114,0.068,1,"AZIN1"
1.29053062732616e-12,0.791261657437007,0.402,0.29,2.87788329893734e-08,"ITM2A"
0.00144355659411371,0.79000446455905,0.106,0.071,1,"PPP6C"
6.49528491914132e-43,0.788118809303929,0.805,0.639,1.44844853696851e-38,"MYL12A"
3.91548110575716e-11,0.78410401135034,0.419,0.323,8.73152286583846e-07,"FOSB"
3.43294347245459e-08,0.784087101681472,0.238,0.154,0.000765546394357372,"PDE4D"
0.000388443140067445,0.78355605267315,0.128,0.084,1,"MACF1"
6.1041643525861e-09,0.782888895471079,0.314,0.224,0.00013612286506267,"FAM49B"
0.000364525309032693,0.781622737282896,0.113,0.071,1,"IVNS1ABP"
1.66830691016503e-94,0.776469024954201,0.992,0.976,3.72032440966802e-90,"ACTB"
7.57925728936293e-06,0.775537087201179,0.167,0.106,0.169017437552793,"ITGB1BP1"
7.50648795508777e-16,0.774512314389439,0.484,0.356,1.67394681398457e-11,"PFN1P1"
2.21335472654573e-05,0.774194728178879,0.166,0.108,0.493578104019699,"TMSB4XP8"
1.6660817428693e-05,0.773583800325221,0.176,0.117,0.371536228659853,"KDELR2"
1.0678581284544e-05,0.771986340154448,0.152,0.094,0.23813236264533,"PPP1R10"
0.000460161581064386,0.771901155196505,0.127,0.085,1,"NUB1"
2.99264774532124e-06,0.771426823491091,0.196,0.132,0.0667360447206637,"LMAN2"
4.39769891935149e-07,0.770786085715697,0.221,0.149,0.00980686859015382,"PSMB6"
4.44508642704941e-06,0.770368539676798,0.181,0.116,0.0991254273232018,"DOK2"
5.64446546998725e-08,0.769990338539347,0.287,0.205,0.00125871579980716,"PAXX"
7.94552770595948e-07,0.768094601685967,0.205,0.134,0.0177185267842896,"NDUFA6"
1.9878105683632e-122,0.767471834524998,0.998,0.976,4.43281756744993e-118,"HLA-C"
9.51624426637225e-26,0.767262406353357,0.676,0.523,2.12212247140101e-21,"CD44"
6.06032414505808e-05,0.767197955386247,0.16,0.109,1,"BLOC1S2"
3.8754085382486e-05,0.767085118924663,0.172,0.116,0.864216104029438,"RAB1A"
0.000532467595319466,0.766457982100585,0.11,0.071,1,"GORASP2"
4.60088590357582e-08,0.766192263839614,0.255,0.171,0.00102599755649741,"HERPUD2"
4.63063348847212e-23,0.765841169338806,0.597,0.428,1.03263126792928e-18,"YWHAZ"
1.15295775320348e-76,0.763151357694829,0.982,0.943,2.57109578964376e-72,"BTG1"
4.04996101293042e-27,0.762768651713583,0.67,0.498,9.03141305883484e-23,"CALM2"
0.00148144121758479,0.761500215496894,0.108,0.073,1,"PARP1"
5.67204557591248e-07,0.760977196965106,0.204,0.13,0.0126486616342848,"PPP2CA"
7.96675184716772e-08,0.760034327267769,0.239,0.157,0.0017765856619184,"INTS6"
0.000620601622031132,0.759785549398625,0.103,0.065,1,"GPAA1"
8.30605275026791e-06,0.758477884240024,0.189,0.128,0.185224976330974,"ODC1"
0.000223692016376768,0.757820907180064,0.1,0.059,1,"SNX2"
5.94377529585171e-05,0.757610914547388,0.137,0.087,1,"RER1"
0.000121308496533915,0.756915497907938,0.117,0.071,1,"ADRM1"
7.5607844088433e-08,0.753001331344436,0.248,0.165,0.00168605492317206,"ELOC"
5.23001993906014e-05,0.75179941803118,0.108,0.062,1,"SPCS2P4"
2.72110991451479e-07,0.748854874165813,0.235,0.16,0.00606807510936799,"ZFAND5"
2.82630945289555e-06,0.747236406020562,0.149,0.088,0.0630267007995708,"CAST"
0.000747919991585778,0.746008190376529,0.128,0.087,1,"CNOT1"
3.84851664942615e-11,0.744790960695784,0.285,0.173,8.58219212822032e-07,"TTC39C"
0.000666557306173856,0.74468406279267,0.114,0.075,1,"LCOR"
1.85892466121071e-05,0.743784564085336,0.191,0.133,0.414540199449988,"PIN1"
0.00023849753618486,0.74261631756282,0.121,0.077,1,"NDUFS3"
5.42454220505607e-06,0.741548165769867,0.157,0.095,0.12096729117275,"GOLGA7"
0.00158192817555334,0.7389597691852,0.117,0.08,1,"STK10"
0.000360727433597435,0.738773127391606,0.105,0.065,1,"GNL1"
0.00158218373450591,0.737817919535488,0.142,0.104,1,"AL118516.1"
2.49407979467524e-05,0.736841847065636,0.19,0.132,0.556179794212578,"PTP4A2"
1.20066554133991e-18,0.735576369929905,0.496,0.345,2.677484157188e-14,"RNASEK"
3.70807519807392e-05,0.734939745573187,0.148,0.094,0.826900769170485,"SHISA5"
2.34936292214802e-22,0.732310079632609,0.678,0.539,5.23907931639009e-18,"CD69"
1.23415329176094e-09,0.731598371076704,0.324,0.226,2.7521618406269e-05,"TRAM1"
0.0007440554608787,0.72473336227135,0.117,0.077,1,"SUPT5H"
2.8844906667035e-12,0.72437030323397,0.358,0.237,6.4324141867488e-08,"TMED2"
4.69141892500541e-05,0.72340624362452,0.157,0.104,1,"MRPS36"
5.71202130772047e-11,0.722556230125226,0.382,0.272,1.27378075162167e-06,"RBM8A"
0.00115082005851318,0.722547754686249,0.116,0.078,1,"LAMTOR2"
9.38629992430346e-06,0.721624947365803,0.183,0.12,0.209314488311967,"RAP2B"
0.000200066390510694,0.721285546677821,0.113,0.069,1,"C15orf61"
0.00213261136862455,0.720384822212189,0.108,0.073,1,"AC009088.2"
8.82845305395383e-09,0.720209780482066,0.338,0.247,0.00019687450310317,"BZW1"
1.31941984989854e-06,0.718025464333166,0.245,0.171,0.0294230626527374,"MSN"
9.799536891153e-11,0.715759753120111,0.392,0.294,2.18529672672712e-06,"TRMT112"
9.71536996145611e-06,0.715603593338203,0.208,0.145,0.216652750140471,"RAB5C"
6.12511654472112e-06,0.714846778965506,0.22,0.153,0.136590098947281,"TBCB"
0.000137826961156788,0.714286421036681,0.156,0.106,1,"FBXO7"
2.87815837890341e-05,0.713587257752853,0.175,0.117,0.641829318495461,"MYDGF"
3.51443361529997e-05,0.712360333610042,0.184,0.125,0.783718696211892,"DDX39A"
0.000392208430303522,0.711930241491228,0.107,0.067,1,"AC116347.1"
1.98663821401751e-05,0.711500663972174,0.177,0.118,0.443020321725904,"SELENOS"
2.75446568548842e-11,0.710599433407138,0.385,0.272,6.14245847863918e-07,"EIF5"
0.000292701626995213,0.70947589825986,0.143,0.097,1,"OAT"
0.00279449370848722,0.709391286855239,0.117,0.082,1,"AC044849.2"
0.00616768417793696,0.708446941907525,0.101,0.072,1,"ZNF791"
0.000121809500990302,0.70794481811061,0.127,0.079,1,"RNF114"
3.5742176483826e-25,0.707788059671624,0.758,0.688,7.9705053558932e-21,"VIM"
0.00126852264673863,0.707248937394009,0.108,0.071,1,"ERG28"
0.00507176300074582,0.706368350157399,0.11,0.079,1,"HSPB11"
2.0019468148794e-28,0.705009118585469,0.718,0.584,4.46434139718106e-24,"SUB1"
0.000328503324245033,0.704223623369007,0.16,0.114,1,"PUF60"
3.39793066396831e-249,0.703872774862863,1,0.999,7.57738538064934e-245,"B2M"
1.34364204531061e-12,0.703214477085839,0.519,0.421,2.99632176104266e-08,"IL7R"
0.00563948054036736,0.701327983371403,0.106,0.076,1,"INSIG1"
0.000642264383213421,0.701145296507242,0.111,0.072,1,"GNB1"
3.41694532479993e-06,0.701087433098738,0.164,0.101,0.0761978807430383,"C4orf48"
6.78599707333498e-19,0.698448415731795,0.589,0.443,1.5132773473537e-14,"GUK1"
0.00327041296058077,0.697853086145861,0.126,0.091,1,"RASGRP1"
6.72177766111871e-17,0.69778209884996,0.524,0.389,1.49895641842947e-12,"GSTK1"
4.09348772071289e-10,0.696829265205791,0.359,0.255,9.12847761718975e-06,"RPL22L1"
0.000223317862033559,0.69658872633031,0.163,0.115,1,"FGFR1OP2"
3.89982705512401e-48,0.696209377569034,0.923,0.848,8.69661433292654e-44,"PFN1"
0.00228916588016413,0.696035384577252,0.103,0.069,1,"RBM22"
8.36840464269433e-05,0.695861957869026,0.137,0.088,1,"DPY30"
0.0127440184633002,0.695706652324701,0.175,0.144,1,"TYROBP"
0.00168006333201694,0.695562728228994,0.121,0.084,1,"ETV3"
9.30906140911259e-05,0.695189911058383,0.191,0.137,1,"MEAF6"
2.07815436677916e-11,0.694800665276072,0.422,0.317,4.63428423791753e-07,"TPM3"
0.00196696776455129,0.694375761241282,0.109,0.074,1,"CARD19"
3.63660142040578e-05,0.693337522568466,0.126,0.075,0.810962116750489,"PDCD10"
1.38756566748851e-12,0.693320201625559,0.433,0.313,3.09427143849938e-08,"ARF1"
8.51623024406409e-12,0.693087220737102,0.418,0.31,1.89911934442629e-07,"SNRPB"
9.46103653138857e-05,0.692365887410655,0.176,0.124,1,"CCDC12"
0.000414104961075129,0.690905479813545,0.128,0.085,1,"FAM50A"
0.000476218206872063,0.688496923355517,0.112,0.071,1,"ATG3"
7.17182010634941e-15,0.687895377288706,0.524,0.389,1.59931588371592e-10,"CYCS"
0.000499323014857506,0.687017301826017,0.12,0.078,1,"VCP"
0.000574169181447682,0.686955996213506,0.109,0.068,1,"DEGS1"
0.000489330420294816,0.685203356456159,0.117,0.076,1,"FBXW5"
0.00046967968640534,0.684646837515122,0.127,0.084,1,"RAB18"
0.00205662164986226,0.683470823255678,0.126,0.089,1,"NINJ1"
0.000181074701079542,0.683037726685206,0.103,0.061,1,"GLRX3"
0.000428379989253335,0.676772527168524,0.134,0.09,1,"GLTP"
2.35459024637948e-22,0.675824507215931,0.71,0.58,5.25073624942625e-18,"SRSF3"
0.00304297989267454,0.675583021164617,0.124,0.09,1,"CCSER2"
1.0088686641672e-06,0.67480461483316,0.235,0.16,0.0224977712109286,"PSMD8"
6.81668029034093e-13,0.674558192237115,0.45,0.329,1.52011970474603e-08,"RAN"
1.24012864236096e-10,0.67263302227272,0.409,0.302,2.76548687246493e-06,"RHOA"
0.000239242640261127,0.67030866698853,0.142,0.095,1,"ETF1"
1.19670041755107e-09,0.66953847598466,0.382,0.291,2.66864193113888e-05,"DBI"
1.91337961025488e-07,0.669346039516293,0.311,0.231,0.00426683653086839,"CCNH"
0.00213126157277434,0.666193534534759,0.12,0.084,1,"CHP1"
9.3600891513649e-07,0.663394303964718,0.262,0.185,0.0208729988075437,"PSMA4"
1.86117905684967e-35,0.662969082947819,0.875,0.806,4.15042929677477e-31,"S100A6"
5.83915540333465e-26,0.662816351199511,0.748,0.623,1.30213165494363e-21,"ARPC2"
0.00226977676531497,0.66277818807166,0.12,0.084,1,"HBP1"
0.00184133557344735,0.662410351249893,0.113,0.076,1,"MAT2B"
2.50534490519929e-07,0.662240531373801,0.296,0.215,0.00558691913859442,"MAGOH"
0.00139951157008126,0.660336781560894,0.12,0.082,1,"DUSP11"
2.80677311199367e-05,0.660064589807813,0.213,0.153,0.625910403974589,"BAX"
0.000739878462769019,0.659175141116705,0.105,0.067,1,"LIMS1"
7.94302063259364e-07,0.657993745266218,0.247,0.169,0.0177129360106838,"GHITM"
0.00249488987898035,0.657935879680704,0.117,0.082,1,"WDR45B"
0.000758172010407023,0.657461356246602,0.104,0.066,1,"NARF"
2.79991594212909e-05,0.656410255808466,0.198,0.137,0.624381255094786,"GNG5"
0.00028602077182575,0.655822218640059,0.152,0.104,1,"SDHB"
3.89341296410148e-12,0.65539288071979,0.431,0.308,8.68231090994629e-08,"EIF4G2"
1.16075087553334e-07,0.654057320052053,0.339,0.255,0.00258847445243935,"PLP2"
2.26526704949297e-19,0.653253845143908,0.581,0.438,5.05154552036933e-15,"SEC61G"
0.000111025990514137,0.652793934251978,0.141,0.092,1,"TRMT112P6"
0.00245284976225749,0.65147697455667,0.115,0.079,1,"Metazoa-SRP.18"
0.0193390145546114,0.65145604911004,0.112,0.086,1,"FAM173A"
1.44419839784934e-09,0.651078996048258,0.381,0.279,3.22056242720402e-05,"PSME2"
2.21656331697487e-05,0.650202052585088,0.221,0.16,0.494293619685397,"SH3KBP1"
0.00605762606995372,0.649955464425965,0.125,0.091,1,"NXF1"
0.00121776316282565,0.647241086001076,0.152,0.111,1,"ZCRB1"
7.58469977097068e-05,0.646472629117482,0.164,0.11,1,"SLBP"
0.000171277970638291,0.646007495530284,0.218,0.164,1,"MRPL41"
2.78826164628096e-06,0.645135127656136,0.269,0.195,0.0621782347120654,"EIF3A"
0.001007842607949,0.644103876902938,0.102,0.065,1,"ICOS"
6.59099275055043e-05,0.643518386842826,0.156,0.102,1,"CCNDBP1"
1.11010353982609e-09,0.643192780829004,0.432,0.334,2.47553089381218e-05,"FUS"
0.000235380030473388,0.641388031880668,0.108,0.065,1,"FERMT3"
6.38981976979683e-05,0.641064302470757,0.161,0.107,1,"ISG15"
9.62573777321478e-08,0.640925512306399,0.31,0.224,0.0021465395234269,"GSTP1"
2.14847746743334e-05,0.640715000219827,0.334,0.276,0.479110475237634,"TMEM2"
8.09411496500282e-32,0.639702132014749,0.84,0.722,1.80498763719563e-27,"OAZ1"
0.0106469164374547,0.639691599706352,0.101,0.073,1,"TMEM167A"
0.00675383958630519,0.639300134451571,0.101,0.071,1,"PPA2"
0.0052191909937289,0.63919842753749,0.114,0.082,1,"CHMP2B"
0.0494223279335022,0.637681112157616,0.128,0.106,1,"PTPN22"
2.95602836727547e-05,0.634489088754915,0.191,0.131,0.65919432590243,"KIF5B"
9.63861924470267e-09,0.633193952963862,0.352,0.258,0.000214941209156869,"SELENOF"
0.00128376377034391,0.632614976899114,0.164,0.122,1,"ARL6IP1"
0.000237448605946018,0.632314380977195,0.168,0.118,1,"CHMP1B"
8.75788543373095e-07,0.631913133878905,0.277,0.202,0.01953008451722,"NOP10"
1.00538033490089e-05,0.627641727093645,0.21,0.145,0.224199814682898,"RAB7A"
0.00171440739102967,0.627344148923996,0.111,0.074,1,"BRIX1"
0.0017372912491285,0.627318640549427,0.157,0.117,1,"STAT4"
2.33446797486206e-05,0.626181813438258,0.197,0.136,0.52058635839424,"MBP"
0.0008038189628066,0.624835942990669,0.155,0.11,1,"ANKRD11"
1.73504644165067e-11,0.623810158396151,0.452,0.348,3.86915356488099e-07,"TMBIM6"
4.05159964126599e-05,0.623734096736477,0.219,0.159,0.903506720002317,"SCP2"
0.00265486735209474,0.623497986590662,0.108,0.073,1,"RGS19"
8.89274364365324e-07,0.62340721216528,0.304,0.224,0.0198308183253467,"HSP90B1"
0.00684163328719456,0.622580488750247,0.105,0.074,1,"YIPF5"
4.99611476581085e-05,0.620875396670601,0.227,0.17,1,"RAB2A"
0.0012487440999439,0.618512741853856,0.157,0.115,1,"GRPEL1"
0.00608713567754047,0.618464180696002,0.15,0.116,1,"PITPNC1"
0.00332347492504142,0.615439912051336,0.104,0.07,1,"PARP14"
0.00221969452247123,0.615211277404159,0.169,0.129,1,"NR1H2"
0.00146277187513293,0.614849664156449,0.159,0.118,1,"IFI27L2"
1.12353724215058e-10,0.613476179283989,0.449,0.346,2.5054880499958e-06,"TSPO"
1.80232808909541e-06,0.613134880579854,0.257,0.181,0.0401919163868277,"PPP1R2"
0.015568555784857,0.611994936398832,0.116,0.089,1,"RBBP7"
0.00448448392840877,0.611850160094161,0.147,0.111,1,"PLEKHA3"
0.00192149236893008,0.611692593507527,0.172,0.131,1,"TLE4"
2.1381051107679e-05,0.611167446929914,0.229,0.165,0.476797439701243,"POLR2K"
0.00916637652400954,0.611032740456965,0.121,0.09,1,"FUNDC2"
3.12819899916427e-05,0.610579683906874,0.208,0.148,0.697588376813633,"VDAC1"
7.15020680257039e-08,0.609845756847002,0.413,0.333,0.0015944961169732,"SPOCK2"
0.0041218667525531,0.609313128807326,0.159,0.122,1,"NFKBIZ"
3.43370844962236e-31,0.608755637787964,0.851,0.746,7.65716984265786e-27,"MYL6"
4.34093221093746e-08,0.608674080538198,0.372,0.283,0.000968027883039053,"ATF4"
4.03560121533168e-09,0.608263259739498,0.461,0.378,8.99939071018965e-05,"GZMM"
0.00129617897897057,0.60726107610701,0.172,0.13,1,"SNORD50B"
0.0109698173466593,0.606844150763262,0.101,0.073,1,"DYNLT3"
3.22498718058041e-36,0.606032370970273,0.899,0.808,7.19172141269431e-32,"CFL1"
3.66782279178383e-06,0.606032026072803,0.271,0.199,0.0817924482567795,"DDX3X"
1.8511067877889e-10,0.60588426723111,0.448,0.339,4.12796813676924e-06,"TMSB4XP4"
8.51248024732995e-06,0.605230519813275,0.218,0.151,0.189828309515458,"LAMP1"
1.31908895327788e-06,0.601672423814435,0.285,0.209,0.0294156836580966,"ARPC4"
0.000620749779872706,0.601603802737148,0.125,0.083,1,"JOSD1"
0.00205928840226619,0.601102584468338,0.116,0.079,1,"AC090897.1"
0.00262949487160168,0.599223542005633,0.113,0.079,1,"SMU1"
0.00857304992580077,0.598607241952573,0.114,0.084,1,"NDUFAF3"
5.97364455362359e-05,0.59824427878246,0.223,0.162,1,"ARID4B"
0.00109596352699729,0.597632118698772,0.135,0.094,1,"TGIF1"
1.39042468643086e-05,0.597052044690811,0.192,0.127,0.310064705074081,"DHRS7"
0.0140327712537989,0.595797280712179,0.106,0.079,1,"ASNSD1"
2.61876831474095e-06,0.595596582528674,0.26,0.183,0.0583985334187232,"SOD2"
0.000956323111654352,0.594928336935709,0.133,0.091,1,"PSMC3"
0.00144317021913885,0.594589729027895,0.132,0.091,1,"PSMB2"
0.0159194869557902,0.593063509377984,0.105,0.077,1,"PCNA"
8.53005044688123e-11,0.592462461633083,0.466,0.354,1.90220124965451e-06,"POLR2L"
6.49629456216146e-05,0.5907740223298,0.213,0.154,1,"DEK"
0.00151044074838635,0.589376624500902,0.114,0.076,1,"PSMA5"
0.00116192545669064,0.589362077967193,0.153,0.11,1,"PCGF5"
9.87183945965452e-08,0.588869288605837,0.305,0.218,0.00220142019950296,"ATP5B"
0.00192021906425751,0.58595250650764,0.176,0.135,1,"VASP"
5.78126081503562e-10,0.584512650913717,0.455,0.355,1.28922116175294e-05,"SEPT7"
0.000253785302292533,0.584498777511031,0.212,0.159,1,"DYNLRB1"
0.0050580013526996,0.584155862529528,0.114,0.08,1,"SEC63"
0.000820316849258467,0.582822903134239,0.136,0.093,1,"TMEM87A"
2.58191464390126e-157,0.582707134229454,1,1,5.7576696558998e-153,"TMSB4X"
6.8401468496989e-16,0.582322601551951,0.626,0.495,1.52535274748286e-11,"PTPRC"
2.48843163044605e-08,0.582296066351088,0.435,0.352,0.00055492025358947,"CD2"
3.10198677031688e-05,0.581987739823508,0.22,0.16,0.691743049780664,"RPS19BP1"
0.0108634294548012,0.581767213605918,0.112,0.083,1,"EBP"
0.000239408059065621,0.58086087574804,0.148,0.1,1,"PPP1R12A"
1.08672826763256e-05,0.580665780163444,0.218,0.152,0.242340403682061,"FAM96B"
6.59610357483837e-07,0.580444920382547,0.401,0.328,0.0147093109718896,"FNBP1"
0.000318097614289644,0.580382369471032,0.196,0.144,1,"ENY2"
1.97428988038014e-09,0.580160117188633,0.417,0.311,4.4026664332477e-05,"ZC3HAV1"
0.00358690787558521,0.579887008664904,0.125,0.09,1,"RNF149"
0.00334751662817633,0.579505637698036,0.152,0.114,1,"RNF167"
3.73798754091724e-08,0.57885910256245,0.378,0.284,0.000833571221624545,"LRRFIP1"
0.00905936267491699,0.578746807959808,0.103,0.073,1,"LPXN"
0.017126880879588,0.578652003135167,0.105,0.078,1,"SURF2"
0.0022437314631334,0.577311981505763,0.125,0.088,1,"SNHG16"
2.74437015145014e-06,0.577066259621309,0.291,0.217,0.0611994543773381,"NDUFB7"
4.45315249263832e-08,0.576735068433607,0.392,0.305,0.000993053005858345,"HLA-F"
2.76653627459907e-07,0.576706917243647,0.472,0.399,0.00616937589235593,"COTL1"
0.00589689347532069,0.57639247404223,0.136,0.102,1,"TAOK3"
2.00984759919591e-06,0.576379846470026,0.315,0.242,0.0448196014620688,"SLC38A1"
0.00193408709129935,0.574827924424789,0.117,0.079,1,"PCMT1"
6.75106712350377e-05,0.574685106526165,0.256,0.193,1,"RTN4"
0.0176634315883197,0.574143874434021,0.114,0.087,1,"LBR"
0.0076070982480812,0.573186668590992,0.126,0.095,1,"GTPBP1"
0.00211332224258549,0.572606251993245,0.14,0.101,1,"CHMP2A"
1.74676952499072e-06,0.572441237198396,0.339,0.268,0.038952960407293,"RPS27L"
5.16982854532655e-25,0.571161875799886,0.857,0.793,1.15287176560782e-20,"MT-ND5"
1.91203822843061e-10,0.570351754238353,0.47,0.369,4.26384524940026e-06,"GTF3A"
0.00136955502343047,0.56984989967495,0.146,0.103,1,"CHRAC1"
0.00269916944034777,0.568382878910151,0.165,0.125,1,"CARD16"
0.00217448842979452,0.568197469753165,0.171,0.129,1,"SYTL1"
1.72568766011023e-13,0.567838008145722,0.621,0.53,3.84828348204582e-09,"SELENOK"
0.0115683078773013,0.567761534526382,0.105,0.077,1,"SLC25A32"
0.00728797285712773,0.566737487521302,0.123,0.09,1,"CCND2"
1.34468463159792e-07,0.566702413692271,0.355,0.267,0.00299864672846337,"MTDH"
0.00102251659659651,0.564359178896958,0.164,0.121,1,"FAM204A"
0.00100952600452444,0.563371751893969,0.171,0.126,1,"SRP19"
0.00223252869318031,0.561238635385925,0.123,0.085,1,"PSMD13"
0.00069196906936254,0.560743868037538,0.165,0.119,1,"SMARCA2"
0.000591846857849568,0.560473597902078,0.199,0.15,1,"THOC7"
1.27958303340412e-07,0.560116550034964,0.375,0.288,0.00285347016449119,"HNRNPA3"
3.78160776125883e-06,0.55989012300301,0.256,0.185,0.0843298530760718,"WDR83OS"
5.98225815142905e-05,0.557878091361481,0.202,0.142,1,"MGST3"
0.0110526450968025,0.557506256529851,0.101,0.073,1,"BCL2A1"
0.000394945946180721,0.557485879611856,0.243,0.193,1,"ILF3-AS1"
0.0113285181604107,0.557472129330469,0.108,0.079,1,"FRG1BP"
1.96755274935181e-06,0.555689140886344,0.337,0.256,0.0438764263105453,"BCAS2"
0.00128595464153582,0.553459991529315,0.177,0.133,1,"PER1"
0.00800719235008412,0.553338657248746,0.148,0.114,1,"POLR2G"
0.000959930623294983,0.553181386385391,0.239,0.194,1,"CD164"
0.00308874705332835,0.552110227545279,0.161,0.122,1,"COA1"
0.0100170577528831,0.551392902654973,0.125,0.094,1,"EMC3"
0.00441778477527909,0.551108272516716,0.155,0.118,1,"ACADVL"
3.13197060339294e-06,0.550881563836874,0.275,0.199,0.0698429444556625,"CHMP4A"
9.64896272703949e-05,0.54997155779775,0.247,0.187,1,"ATP6AP2"
2.90493828811475e-05,0.547725062045047,0.248,0.185,0.647801238249589,"PSMC5"
1.74180557670787e-24,0.544802466100335,0.882,0.793,3.88422643605855e-20,"MT-RNR1"
0.00273611853054886,0.544683196570202,0.173,0.133,1,"SUPT4H1"
2.44235883819532e-05,0.544569547985631,0.273,0.206,0.544646020917555,"WSB1"
0.000274557543817529,0.544541035038712,0.231,0.177,1,"CDC37"
7.08772145310655e-08,0.543252436419644,0.315,0.221,0.00158056188404276,"VAMP8"
0.000287058892967623,0.541814227394768,0.157,0.107,1,"PPM1G"
0.00915005634023823,0.541084624775086,0.122,0.091,1,"MECP2"
0.0203999000739653,0.540886089932796,0.116,0.09,1,"CYC1"
0.00410997566420595,0.54001163522969,0.109,0.075,1,"AATF"
0.017892690658169,0.539989917409517,0.117,0.09,1,"COG3"
9.12604905473684e-09,0.539542970664556,0.487,0.4,0.000203510893920632,"YWHAB"
0.00202486072646577,0.538335497664213,0.176,0.133,1,"HDAC1"
0.00144358355764784,0.538335253705959,0.148,0.106,1,"GNAI2"
0.0185009274452392,0.53809852105307,0.102,0.076,1,"ESYT1"
0.00276803860839051,0.537913758954866,0.123,0.087,1,"TXNDC12"
6.39332788112733e-06,0.532917173316231,0.297,0.226,0.142571211749139,"H2AFV"
0.00459727879685021,0.532899931721938,0.125,0.09,1,"ELOF1"
6.92081752635332e-21,0.531274429925596,0.803,0.72,1.54334230837679e-16,"HMGB2"
1.81266508903337e-07,0.531160679322022,0.451,0.375,0.00404224314854442,"RAC2"
0.00237903378546046,0.530710240892576,0.137,0.099,1,"RMND5A"
1.47049511145634e-08,0.530669326721066,0.482,0.389,0.000327920409854763,"COX6A1"
0.088683200341412,0.529785659754763,0.101,0.082,1,"GADD45A"
0.0247826845821192,0.529482202098444,0.102,0.078,1,"ZFAND6"
0.00278048303392322,0.52898892974047,0.19,0.149,1,"SLTM"
3.43079501342838e-09,0.528331961577557,0.49,0.394,7.65067287994529e-05,"RARRES3"
7.56797463326412e-37,0.528331111769742,0.988,0.954,1.6876583432179e-32,"JUNB"
3.12335092441759e-06,0.528221194615137,0.275,0.201,0.0696507256145122,"METTL9"
0.0160333456167465,0.527947593020285,0.117,0.088,1,"ABCF1"
0.00158089024891021,0.527428877672894,0.187,0.143,1,"WDR33"
1.38226895407417e-12,0.527086455656041,0.612,0.509,3.08245976758539e-08,"PPP1R15A"
0.0283144994639558,0.526938810575843,0.136,0.109,1,"SDF2"
0.00192314644978833,0.525832898572278,0.13,0.09,1,"PRMT1"
0.000140174274150493,0.525704626246459,0.257,0.2,1,"RNF213"
5.88550848488695e-08,0.524402697459875,0.402,0.317,0.00131246839212979,"ENO1"
0.0011860567582658,0.522610874902872,0.139,0.097,1,"HPCAL1"
2.3151759563922e-07,0.521115338106655,0.377,0.285,0.00516284238275462,"EID1"
0.000876835659117978,0.520940313688646,0.156,0.111,1,"COPS8"
0.00190163457574894,0.519703239259109,0.16,0.116,1,"SP100"
0.00839861795212516,0.519525786288812,0.13,0.098,1,"YY1"
0.00208733684501134,0.518416128128705,0.168,0.127,1,"PSMA3"
5.57649459465684e-05,0.517540694907183,0.323,0.261,1,"CSTB"
2.56121332916188e-06,0.516405269994759,0.259,0.179,0.0571150572403098,"PBXIP1"
0.000245989755005406,0.515931360149168,0.226,0.17,1,"NDUFA5"
0.00519183634113823,0.514369299905591,0.125,0.091,1,"MTPN"
0.00155060887495628,0.512929714096511,0.169,0.124,1,"SSR3"
2.71901284852594e-14,0.511847260753502,0.666,0.561,6.06339865221286e-10,"HSP90AB1"
0.00207773112069579,0.511696880864369,0.196,0.152,1,"AUP1"
0.000934667943284327,0.511295499084951,0.145,0.101,1,"CARD8"
0.0114351411829701,0.511146412222318,0.133,0.102,1,"PSMF1"
1.87093192630083e-05,0.509470215512206,0.343,0.285,0.417217819565085,"PAPOLA"
0.000150863056830779,0.509356617622183,0.279,0.215,1,"SPCS2"
0.000605325796189563,0.508936989960011,0.161,0.114,1,"MRPL47"
0.00177809177348971,0.508493878179175,0.176,0.135,1,"MRPL55"
0.00329030389904207,0.50765067370155,0.141,0.102,1,"PTBP1"
1.07787324405597e-08,0.507482020380953,0.473,0.377,0.000240365733424481,"SNU13"
0.00622201502574411,0.5067615070353,0.164,0.127,1,"GOLGA4"
0.000142981819363306,0.506737774020642,0.291,0.232,1,"COPE"
0.0303347371063391,0.506541177922227,0.114,0.089,1,"ZNF800"
0.0436690753194515,0.506531866013332,0.101,0.079,1,"MLF2"
0.00828128544911154,0.506170264943633,0.126,0.094,1,"DEDD2"
0.0292818815802893,0.506129224020229,0.113,0.088,1,"COPS2"
0.151789762148014,0.506029455567922,0.135,0.118,1,"RASGEF1B"
2.1252431604269e-13,0.506015561082669,0.666,0.575,4.73929224775198e-09,"PSME1"
2.3617640629559e-05,0.50450476300957,0.33,0.262,0.526673386039166,"NDUFA3"
6.55836530912862e-10,0.504040833725874,0.54,0.447,1.46251546393568e-05,"CCNL1"
0.016860961012228,0.503880261218453,0.113,0.085,1,"NELFE"
0.00513466694567736,0.50265050164804,0.131,0.095,1,"RABGGTB"
0.000981308186979005,0.502403309486002,0.255,0.209,1,"PRKCH"
0.00114491899840522,0.501932311873575,0.208,0.16,1,"CSNK2B"
5.1410362040084e-08,0.501839515951841,0.427,0.329,0.00114645107349387,"CIB1"
0.000469417122692879,0.50063777980768,0.257,0.204,1,"ISCA1"
0.00145436245880656,0.500374732696376,0.2,0.155,1,"VPS29"
4.03012590777445e-07,0.499190401865592,0.425,0.345,0.00898718077433703,"PGK1"
0.000331060713023991,0.498959199336418,0.245,0.193,1,"RNF7"
2.6545887920713e-06,0.49883473086235,0.393,0.318,0.0591973300631899,"H2AFZ"
0.183337190504415,0.495644073022618,0.119,0.106,1,"NLRC5"
0.00890020329783658,0.493911939716043,0.113,0.081,1,"RBPJ"
2.82036981108455e-13,0.493098803471534,0.686,0.606,6.28942467871855e-09,"HMGB1"
0.000722227883151713,0.492740051830674,0.104,0.065,1,"TNFRSF25"
0.00505080099187769,0.491316161888202,0.101,0.069,1,"RNF10"
0.000516531300222119,0.489859176403843,0.217,0.166,1,"ANAPC11"
9.42835452066056e-06,0.489017503541928,0.366,0.296,0.21025230581073,"NDUFB9"
0.0068092198879721,0.488690059321565,0.124,0.09,1,"GLOD4"
0.00220986460026481,0.487410802488752,0.19,0.145,1,"NDUFAB1"
0.000688676404403573,0.487229738959592,0.183,0.133,1,"COPS6"
4.4192952319794e-05,0.484485346035225,0.305,0.24,0.985502836731406,"VSIR"
0.0200233571376725,0.483641989775989,0.144,0.114,1,"ANP32E"
0.0148144525133733,0.483441876890667,0.101,0.073,1,"ARPP19"
0.0309109369389332,0.482144120881149,0.127,0.101,1,"CFLAR"
1.23544240971879e-05,0.481589546100512,0.385,0.312,0.27550365736729,"SNRPB2"
0.00177781815029965,0.480995821729288,0.226,0.182,1,"SLIRP"
1.926665676144e-13,0.478874093384539,0.792,0.728,4.29646445780113e-09,"TOB1"
0.027683466111506,0.478708947216166,0.1,0.075,1,"NUDT21"
0.0184767611842688,0.478616215889009,0.131,0.101,1,"PHF5A"
0.00166245994612134,0.478479565651796,0.215,0.167,1,"NSD3"
9.84205898182043e-14,0.478066022450656,0.659,0.555,2.19477915294596e-09,"PPIA"
1.64820251857896e-20,0.477673043665638,0.861,0.798,3.67549161643109e-16,"TSC22D3"
0.00771379553923016,0.477361247030455,0.175,0.139,1,"RBM38"
0.00645445429771457,0.477237060446437,0.253,0.217,1,"GNAS"
0.000213028065819958,0.476985372714303,0.215,0.159,1,"CACYBP"
0.0621297658260296,0.475077239620504,0.103,0.082,1,"ATP11B"
0.00316479919683518,0.474069278729926,0.186,0.144,1,"PHF1"
0.0194713913106868,0.472124660062447,0.132,0.103,1,"ABHD14A"
2.6846480394474e-08,0.471675054859707,0.547,0.464,0.000598676512796771,"ELOB"
0.0274761494479635,0.47129554934753,0.119,0.094,1,"PAFAH1B1"
0.0329600339511,0.471239640937992,0.115,0.09,1,"CWC25"
3.87455034712252e-05,0.471199259726405,0.314,0.247,0.864024727408322,"RABAC1"
0.00394697194188131,0.470173918462181,0.154,0.115,1,"METTL23"
2.06501157556866e-08,0.469328093617332,0.467,0.378,0.000460497581351812,"LY6E"
8.18853124156211e-06,0.468893450754553,0.405,0.341,0.182604246686835,"LSP1"
0.0179261949089269,0.467556366926118,0.148,0.117,1,"ARIH1"
0.017317143367294,0.466949550609885,0.164,0.133,1,"BRAF"
0.0344759194608951,0.466209919282585,0.1,0.077,1,"ZNF644"
0.00162236620032969,0.465771969873997,0.202,0.153,1,"BCAP31"
0.00165666461641322,0.465107866452341,0.278,0.231,1,"FTH1P8"
0.00425461388464905,0.464413466482593,0.173,0.133,1,"BCL7B"
0.00444699977781541,0.463949109210987,0.201,0.158,1,"SNHG15"
6.36554734871011e-78,0.463800865150056,1,0.998,1.41951705876235e-73,"EIF1"
5.60754666470528e-07,0.462591280234187,0.524,0.466,0.0125048290622928,"LITAF"
3.304835838375e-07,0.462017066543648,0.417,0.332,0.00736978391957624,"CAPZB"
7.09047621871088e-20,0.461760393271113,0.891,0.929,1.58117619677253e-15,"CD52"
0.00726729471925894,0.461054646642638,0.211,0.174,1,"NDUFC2"
0.000399915036130529,0.460991055050013,0.272,0.219,1,"ARID5A"
0.0113122225383667,0.460783064731394,0.125,0.094,1,"MLLT6"
0.00912750157961778,0.46064882954828,0.194,0.156,1,"DNTTIP2"
2.46291080749293e-07,0.460420090811774,0.426,0.338,0.00549229110070924,"ATP6V0E1"
1.24524205016023e-05,0.458894855525641,0.312,0.242,0.27768897718573,"TPI1"
4.16504642232849e-07,0.457456078004762,0.357,0.264,0.00928805352179254,"ERH"
6.974276266981e-06,0.456089438295844,0.359,0.282,0.155526360753676,"PRR13"
0.0255603981117721,0.455654809113969,0.125,0.098,1,"ABT1"
5.63882368677469e-06,0.455250292031473,0.459,0.403,0.125745768215076,"MTCO1P12"
0.0181529607546165,0.455146766749519,0.156,0.124,1,"ITSN2"
0.00937336277657909,0.454925120657246,0.183,0.147,1,"WDR1"
3.02571376906541e-23,0.454745227783968,0.911,0.863,6.74734170501587e-19,"HLA-E"
0.0118980848173525,0.454671127384816,0.175,0.14,1,"LINC00869"
0.00121526568591683,0.454130692017855,0.228,0.177,1,"NDUFB10"
0.0255554717284878,0.454042135925787,0.144,0.116,1,"RAB11A"
0.00190749312373105,0.453799453268521,0.239,0.193,1,"COX5A"
0.00268982184620177,0.453724098111562,0.241,0.195,1,"GADD45GIP1"
0.0123492919732714,0.453586271506626,0.172,0.139,1,"NAA10"
0.0707522841174098,0.453140946482343,0.104,0.084,1,"ETHE1"
0.000472481105952,0.452724401134889,0.222,0.169,1,"PSMB7"
0.00017385385357911,0.452614948715395,0.381,0.326,1,"JUND"
0.0487345127101362,0.452460289533309,0.118,0.095,1,"IQGAP1"
4.17488816053235e-05,0.450440737367804,0.332,0.264,0.931000059798714,"RAP1A"
1.75529616608298e-10,0.450162767107083,0.591,0.491,3.91431045036504e-06,"ARPC3"
0.0017564916358916,0.449969996193356,0.219,0.171,1,"SAR1A"
7.71832271626998e-12,0.447371417141207,0.632,0.53,1.72118596572821e-07,"SSR4"
0.00337399038710238,0.446158301513759,0.182,0.14,1,"RBM17"
4.75702394919333e-05,0.445842916802219,0.383,0.322,1,"RSRP1"
8.85136074356218e-20,0.445485893962556,0.824,0.73,1.97385344581437e-15,"ITM2B"
1.54606595923995e-07,0.445351013384301,0.444,0.364,0.00344772708910509,"NDUFB2"
0.0320798646205909,0.444955137061453,0.112,0.086,1,"FTH1"
0.0344264542796841,0.443076174084139,0.104,0.079,1,"HINT2"
5.63692888969123e-05,0.442150454034969,0.377,0.314,1,"ARGLU1"
9.01408387875019e-05,0.441607132669315,0.275,0.209,1,"SOCS3"
0.0636710745022828,0.44045954008684,0.109,0.087,1,"TWISTNB"
0.000137510133910108,0.440443839527591,0.267,0.204,1,"NR3C1"
0.00904646110712797,0.439629271739242,0.152,0.117,1,"YTHDF2"
1.288317045276e-16,0.439471464382881,0.816,0.729,2.87294701096549e-12,"SRSF5"
0.0150255838074208,0.439466507113844,0.107,0.079,1,"NRBP1"
0.00613941497996808,0.437389991234509,0.217,0.178,1,"BUB3"
0.0136249322956254,0.436257228207908,0.121,0.09,1,"CCM2"
0.00475384035330481,0.435876879865647,0.214,0.173,1,"RAC1"
0.000336592489273528,0.435139560570241,0.234,0.175,1,"ACTR3"
0.050710909836392,0.434979233926988,0.152,0.128,1,"H3F3AP4"
9.18519364405867e-05,0.43476886980381,0.294,0.23,1,"DPP7"
0.0123600522785949,0.434666696993574,0.145,0.112,1,"ZAP70"
0.0867181793264853,0.431967521258187,0.115,0.095,1,"MRPS6"
0.0210472602823871,0.431961239868909,0.148,0.118,1,"EIF5B"
0.0657253341380346,0.431455677318347,0.166,0.144,1,"RASSF5"
0.00163458450657145,0.430688603130448,0.2,0.154,1,"MPC2"
0.0198635468470125,0.430598076028776,0.114,0.086,1,"RNF181"
0.10919846030557,0.430556015767675,0.101,0.084,1,"TINF2"
0.106955635819691,0.430157889839676,0.102,0.084,1,"GPBP1L1"
0.00497532207440279,0.42882004326188,0.177,0.138,1,"POLR3GL"
5.89050270229339e-06,0.428567146692222,0.424,0.347,0.131358210261143,"SNRPG"
0.0271864850576988,0.428550480665223,0.138,0.11,1,"EMC4"
0.00735189679872816,0.428412456975618,0.176,0.139,1,"CCT7"
0.00245513661115363,0.427264327891544,0.202,0.158,1,"PPHLN1"
0.000517705621071821,0.426731075243008,0.257,0.199,1,"GABARAPL2"
7.70788063270907e-07,0.426616186253005,0.537,0.476,0.0171885738109412,"NDUFA1"
0.0113194267757669,0.426570379126882,0.152,0.119,1,"CAPZA2"
0.00100171965775304,0.426435739981508,0.374,0.329,1,"FAM177A1"
0.0049007127274487,0.42568996182577,0.206,0.165,1,"RALY"
0.024756550604431,0.425108605418081,0.133,0.105,1,"TIAL1"
0.00529234096594554,0.424756324675303,0.209,0.169,1,"MAPRE1"
0.00759593218462632,0.423930524382103,0.183,0.144,1,"PRELID3B"
0.00828434060276378,0.423578483856949,0.122,0.09,1,"ADI1"
4.50178994975167e-05,0.423492440086909,0.36,0.294,1,"MRPL33"
1.05408446373999e-08,0.422182090511539,0.626,0.56,0.000235060835414018,"CDC42"
0.0178006835509878,0.421792607885388,0.14,0.11,1,"NUCB1"
0.0192159386723348,0.420997455071864,0.157,0.126,1,"RTF1"
0.00661013595900354,0.419849134557518,0.251,0.21,1,"PSMB8"
4.30635587688788e-08,0.419819821895992,0.575,0.5,0.000960317360545998,"HNRNPA2B1"
0.000786904127002043,0.419563063815861,0.279,0.226,1,"PTGER4"
0.0458234814909996,0.419254784256945,0.132,0.107,1,"PPP1R11"
0.00482565495539168,0.41805186981001,0.166,0.127,1,"MARCKSL1"
1.88323692788681e-39,0.417906935102649,0.998,0.984,4.1996183491876e-35,"MT-RNR2"
0.0133181502787962,0.417332097175863,0.211,0.175,1,"CD5"
0.00056536212890961,0.417178694670069,0.29,0.236,1,"HNRNPH3"
0.0226847647755205,0.41656712833208,0.14,0.111,1,"TMCO1"
1.39771810169176e-09,0.416049171410811,0.749,0.678,3.11691136677262e-05,"YPEL5"
0.0250183656509578,0.415253485009775,0.144,0.115,1,"MAX"
0.00390100125522824,0.413889030299034,0.196,0.154,1,"RNPS1"
0.0362366737916119,0.413246507364375,0.142,0.115,1,"PSMD9"
0.0442664591290872,0.412939349534075,0.128,0.103,1,"RASAL3"
0.0812320486806261,0.412232147620804,0.106,0.087,1,"SHC1"
0.0177339731553666,0.410680794211539,0.136,0.104,1,"CD28"
0.00599917694147008,0.410334315624594,0.149,0.111,1,"TALDO1"
1.19471122269715e-05,0.408099456020754,0.468,0.408,0.266420602661465,"COX8A"
0.0304400942277636,0.407990685929709,0.142,0.115,1,"VDAC3"
5.34685251837871e-06,0.407889941247416,0.512,0.452,0.119234811159845,"H3F3A"
8.00615565950495e-06,0.407410461709028,0.437,0.378,0.17853727120696,"JTB"
0.00629756668829747,0.407352523464733,0.209,0.169,1,"TRABD"
0.0571079929277169,0.407338352303436,0.126,0.104,1,"MTCO3P12"
4.76169966147683e-05,0.406870474571676,0.395,0.329,1,"PTGES3"
0.0120867075596919,0.406660067147564,0.2,0.165,1,"PAIP2"
0.0121030060641415,0.406537096416468,0.136,0.104,1,"MDH1"
0.0237554803681278,0.405730007893359,0.184,0.154,1,"NFE2L2"
0.0221663568507,0.405692705319065,0.144,0.113,1,"MCRIP1"
0.000365667553438902,0.404103628870888,0.235,0.175,1,"RANBP1"
0.0209600269982542,0.402176655823959,0.214,0.182,1,"AP2M1"
0.0534053864317739,0.401998493472735,0.142,0.118,1,"SAFB2"
0.0541235519257043,0.401713385741108,0.122,0.099,1,"COX11"
0.0282919826078219,0.401655794160977,0.152,0.122,1,"POLR2I"
2.86441759193363e-05,0.40127343469001,0.391,0.325,0.638765123001199,"PSMB1"
0.0157881212029676,0.400585747702252,0.162,0.129,1,"RPF1"
0.160972113058843,0.400511104636974,0.105,0.09,1,"TTTY15"
0.190006049480294,0.398473786856719,0.144,0.13,1,"FNIP1"
0.092244530787507,0.398397675954336,0.112,0.092,1,"ATF6B"
0.0661232422991339,0.398004764005682,0.151,0.127,1,"S1PR1"
0.0559056664207783,0.397455841329065,0.14,0.117,1,"EWSR1"
0.0117009918646937,0.396890299883558,0.145,0.111,1,"EIF1AY"
0.0346670870036362,0.396618574701645,0.193,0.166,1,"TMEM160"
0.133648554841807,0.396424849191662,0.108,0.09,1,"IRF3"
0.0202151538654851,0.395887600026613,0.196,0.164,1,"RCSD1"
0.00392986758111884,0.395808274074333,0.286,0.243,1,"FAM133B"
0.00548518037499346,0.395361178071035,0.288,0.247,1,"CYTH1"
0.000219706020731545,0.395243270910071,0.354,0.29,1,"SNRPD1"
0.0146207231792955,0.394562665644145,0.279,0.248,1,"TERF2IP"
0.0264159870912064,0.393029887651851,0.17,0.14,1,"NAA38"
0.00421913938195911,0.392231652963034,0.301,0.257,1,"CD47"
1.47769362621683e-05,0.392084833491455,0.442,0.375,0.329525678646352,"TMEM258"
0.117865608275023,0.391819841824368,0.121,0.103,1,"SLU7"
0.086205280695327,0.391785952701382,0.106,0.086,1,"MRPL34"
1.47848916684116e-09,0.390364180216583,0.655,0.555,3.29703084205579e-05,"RBM3"
0.000587448697270532,0.390280422573468,0.273,0.217,1,"DUT"
0.0135367313801586,0.389774528667121,0.16,0.126,1,"FDX1"
4.56839755331633e-07,0.389461274816943,0.504,0.426,0.0101875265438954,"KMT2E"
0.00571235640578394,0.388730264887613,0.194,0.153,1,"BNIP2"
0.059415551840468,0.387785636564333,0.105,0.084,1,"RAP2C"
0.0211591529459704,0.387657573474793,0.164,0.133,1,"AC093768.1"
0.0326430409700914,0.387261045862102,0.164,0.136,1,"ROCK1"
0.0316261643733465,0.386645589666174,0.167,0.139,1,"PA2G4"
0.0868663128876254,0.38618189985056,0.105,0.085,1,"TAF15"
7.43137789473997e-05,0.385000134865243,0.48,0.417,1,"CDC42SE2"
0.0764271268437234,0.384862611960417,0.119,0.098,1,"NUTF2"
0.114828130665919,0.384753842970688,0.1,0.083,1,"MED6"
1.24798106272203e-06,0.384156009279546,0.514,0.447,0.0278299776987012,"COX5B"
0.000553907896912518,0.383746764621898,0.352,0.297,1,"SF3B6"
0.00360030671044142,0.382717445190415,0.244,0.201,1,"RBX1"
0.141319027302808,0.382047048921502,0.109,0.093,1,"TMEM70"
0.00106331795469618,0.381954959789035,0.276,0.221,1,"TMEM230"
0.0237624630585931,0.38139869565505,0.108,0.081,1,"BABAM1"
0.0371211865382862,0.380980828894304,0.151,0.123,1,"PSMG2"
0.0134473455184989,0.380752325516535,0.228,0.194,1,"BLOC1S1"
0.0151615715878137,0.380275352401155,0.191,0.155,1,"RNH1"
0.0694771954078686,0.380203611510431,0.16,0.137,1,"TRAPPC2L"
0.0144816464753034,0.379719851955642,0.154,0.12,1,"WAC"
0.132992331382197,0.378600293281216,0.14,0.122,1,"CAMTA1"
0.000238497645117509,0.378426232046931,0.314,0.254,1,"STRAP"
0.00658171127950995,0.377865334371489,0.332,0.291,1,"PDCD4"
0.0075873734263773,0.376147793228625,0.25,0.214,1,"LAMTOR5"
0.0775422525448804,0.375457313928525,0.125,0.102,1,"GSPT1"
2.51887991801962e-08,0.374330357840163,0.627,0.544,0.000561710221718375,"ALDOA"
2.70195002892188e-06,0.374115758752033,0.604,0.546,0.0602534856449579,"SAP18"
0.0174904664145864,0.373720761706799,0.175,0.142,1,"ZNHIT1"
0.0550528718986786,0.373662490954317,0.109,0.087,1,"MRPS34"
0.0546007672406515,0.373311974208328,0.142,0.117,1,"ARHGAP4"
3.23144896135696e-12,0.373207982618359,0.824,0.774,7.20613118382602e-08,"CD3D"
0.0158657195080125,0.372686590527127,0.243,0.209,1,"ZC3H15"
4.39504209723728e-11,0.372312899849347,0.741,0.669,9.80094387683914e-07,"CHCHD2"
0.0186941603516033,0.37223243536263,0.184,0.15,1,"PITHD1"
0.0386582226232186,0.372142137549233,0.17,0.142,1,"MFNG"
0.000225767699920717,0.372079364692124,0.388,0.335,1,"SCAND1"
0.0285314480166143,0.371805606291138,0.132,0.103,1,"NDUFB3"
0.243883193746064,0.371010762665443,0.105,0.092,1,"IL27RA"
0.00152508520194494,0.370659764039687,0.255,0.201,1,"ATP5C1"
5.23777152974558e-05,0.370636837692787,0.478,0.416,1,"COX7B"
0.00185141345200805,0.370451156505167,0.508,0.47,1,"AC245427.1"
5.30322670443628e-09,0.370039345902429,0.697,0.642,0.000118261955508929,"STK17B"
0.0137489519567423,0.369852488991553,0.234,0.198,1,"METTL26"
0.0124905741865656,0.369509057399003,0.193,0.157,1,"ETS1"
0.0700335948373879,0.36909293444296,0.164,0.141,1,"DCTN3"
0.158494653660306,0.368986721976229,0.177,0.16,1,"MTND1P23"
0.0931095516627903,0.368932466159244,0.125,0.105,1,"HNRNPD"
0.00199421690217825,0.368910067129267,0.405,0.356,1,"PPP1CB"
0.0654930310840737,0.368182297376748,0.141,0.117,1,"SRSF8"
1.37309968043867e-07,0.36744141874253,0.656,0.604,0.00306201228737822,"RBM39"
8.03515351462555e-12,0.367148920703923,0.749,0.677,1.7918392337615e-07,"SRP14"
0.0941383450207789,0.365313672756722,0.107,0.088,1,"HSD17B10"
1.74089988458105e-29,0.365275638733121,0.994,0.986,3.88220674261574e-25,"MT-ND1"
0.00673283438173077,0.364421264573312,0.291,0.251,1,"ATP5J2"
0.0330427069521765,0.364368705091301,0.197,0.168,1,"THRAP3"
0.000107706225523857,0.363732288624909,0.416,0.353,1,"ISG20"
9.84101709927034e-10,0.362637157415215,0.729,0.676,2.19454681313729e-05,"MT-ND6"
0.125475221679869,0.361249158953074,0.118,0.1,1,"NIPBL"
0.0145368890682722,0.359669263277663,0.244,0.206,1,"PTMAP5"
6.13802467716462e-05,0.35958423394709,0.436,0.363,1,"NEDD8"
0.0115892168982943,0.358530410752662,0.228,0.191,1,"HIST1H4C"
3.23900371398146e-05,0.358199658104742,0.461,0.396,0.722297828217864,"DDX24"
0.0123931382381806,0.357324150422265,0.21,0.172,1,"CD96"
0.2091132208864,0.357194289433874,0.1,0.086,1,"EPM2AIP1"
0.0320884258491779,0.3568207598284,0.143,0.115,1,"SSNA1"
0.0459469606915191,0.354899237466844,0.118,0.095,1,"SNX17"
0.00423127106694973,0.354253224271226,0.331,0.292,1,"TCF25"
0.0137072658515927,0.353404530503474,0.243,0.208,1,"AP002784.2"
0.0630436681314095,0.353112232041602,0.155,0.13,1,"PPP4R3B"
0.112299978956867,0.352960238469631,0.14,0.122,1,"MED28"
0.0187184528360038,0.352699653123308,0.229,0.197,1,"CSNK1A1"
5.24516294171221e-05,0.352614085852998,0.429,0.364,1,"TMEM59"
0.0498545529488011,0.352496061352743,0.121,0.096,1,"SNHG17"
0.00749714144663456,0.35227840778085,0.233,0.19,1,"PTMAP2"
0.0903097850169936,0.351812363327581,0.145,0.123,1,"MRPS7"
0.0865891039989472,0.35172459990587,0.128,0.106,1,"SNX6"
0.00734114416656932,0.351638689816997,0.217,0.176,1,"CORO1B"
0.438203752496638,0.351017260081595,0.136,0.129,1,"PTPN4"
0.0827170281844622,0.350411859237983,0.101,0.08,1,"ZDHHC6"
0.0596141123783924,0.350373473891581,0.125,0.102,1,"PSMD6"
1.60640481611558e-40,0.350321340851828,1,0.996,3.58228273993773e-36,"MT-CO1"
0.117187101883799,0.349781607770928,0.145,0.127,1,"PRPF40A"
0.070576990429163,0.349535165400016,0.138,0.117,1,"EMD"
0.148851365126854,0.349531804174113,0.135,0.118,1,"BTN3A2"
0.0598746097271438,0.348776325837952,0.132,0.107,1,"SMIM19"
0.0203297093905614,0.34849761543073,0.137,0.106,1,"SREK1IP1"
0.0504477668586095,0.348193962157176,0.185,0.158,1,"SF3B2"
0.0739850426515224,0.34770649911913,0.15,0.127,1,"HSPD1"
0.276981394847023,0.347472757182037,0.127,0.116,1,"PDLIM2"
0.0448801782767669,0.347373543354663,0.168,0.14,1,"AKAP9"
0.0972492606176259,0.346868388609129,0.145,0.124,1,"DDOST"
7.40900157601424e-11,0.346840416510751,0.729,0.633,1.65220735145118e-06,"COX7A2"
0.0145619945847836,0.346289492684597,0.176,0.141,1,"ETFB"
0.0312070533505408,0.344231303233422,0.187,0.157,1,"MAF1"
0.44302124954255,0.343859992811026,0.1,0.092,1,"RAD23A"
0.0650997105126591,0.343515527278459,0.192,0.166,1,"ZNF207"
0.19344788124854,0.342961337523442,0.1,0.086,1,"SCNM1"
0.00231735102293732,0.342811275391187,0.38,0.336,1,"AL031729.1"
0.108299241853535,0.342673314053024,0.129,0.109,1,"ANP32A"
0.0812932013568787,0.342397862711412,0.113,0.092,1,"NDUFA9"
0.00341887517584508,0.342365709732621,0.318,0.278,1,"SUMO1"
0.000663199568952296,0.339677153247881,0.431,0.379,1,"SBDS"
0.00803512742997092,0.339255156513441,0.239,0.198,1,"CIR1"
0.00554111503177876,0.338986059175327,0.277,0.233,1,"MRPS21"
0.0539353555847441,0.338981931793979,0.158,0.132,1,"MRPS15"
0.186678919635031,0.338846545641924,0.101,0.087,1,"FAM105A"
0.212081896488711,0.338534095837867,0.138,0.124,1,"KMT2C"
0.0103188888237324,0.338185776287798,0.243,0.2,1,"ANXA7"
0.000471722254376388,0.337633635625909,0.381,0.318,1,"CAPZA1"
0.101975512240539,0.337601086655539,0.121,0.101,1,"SEMA4D"
0.0576913721969068,0.337358493078841,0.204,0.178,1,"HP1BP3"
0.00167599721857817,0.337280285154678,0.528,0.504,1,"IFITM2"
0.34365995692217,0.336885015350014,0.109,0.099,1,"ZNF622"
0.00433720611444009,0.335755124944376,0.224,0.179,1,"NOL7"
0.218301807305663,0.335705336380632,0.13,0.116,1,"DHX36"
0.0608498712684847,0.335650668221446,0.14,0.116,1,"MKRN1"
0.214769445692071,0.334726133877954,0.177,0.164,1,"DGCR6L"
0.0958440994900474,0.334502405499264,0.137,0.116,1,"RTFDC1"
0.234788014737719,0.333818453848342,0.113,0.1,1,"JADE1"
0.19889524789737,0.333212722988008,0.106,0.092,1,"IGHA1"
0.0124558600251463,0.333081592246285,0.16,0.123,1,"PSMD4"
0.146036459162381,0.332781017342232,0.139,0.121,1,"NAAA"
2.68821549545298e-29,0.331977770420289,0.991,0.986,5.99472055486014e-25,"PTMA"
1.50553302540184e-31,0.33196262374434,0.999,0.997,3.3573386466461e-27,"MT-ND2"
0.0335796734861652,0.331570528869818,0.213,0.182,1,"AURKAIP1"
0.0174777495801874,0.331302389912938,0.2,0.166,1,"ROMO1"
0.0105047354096213,0.331168141217969,0.262,0.218,1,"TAX1BP1"
0.0248287462603373,0.331045148287489,0.259,0.226,1,"G3BP2"
0.0283485518872901,0.330891190175375,0.194,0.164,1,"AC026979.3"
0.155101271478668,0.328629398468052,0.147,0.129,1,"COQ10B"
0.00214470115823047,0.32795455017353,0.227,0.177,1,"ARPC5"
0.000596275834830704,0.327817340687467,0.393,0.341,1,"MIR1244-2"
0.0237153044234955,0.327795700312994,0.227,0.195,1,"TRAPPC1"
0.0991186071032878,0.327433546693307,0.155,0.134,1,"GTF3C6"
0.00174162112747428,0.327402476865779,0.354,0.302,1,"HNRNPU"
0.16634802529091,0.326741721600854,0.156,0.139,1,"WBP11"
0.00445417800253153,0.326179715867676,0.242,0.195,1,"LAMTOR1"
0.0585408775443078,0.325752059612916,0.125,0.101,1,"GSDMD"
0.00636119319024675,0.325440245438997,0.337,0.293,1,"TAPBP"
0.0346553683696802,0.324361530551271,0.104,0.079,1,"SUGT1"
0.1902095370847,0.324356203376013,0.129,0.114,1,"TEX264"
0.0698270612772831,0.3241214967106,0.183,0.156,1,"PAG1"
0.0278827754214997,0.323641138491411,0.279,0.254,1,"VAPA"
0.0609066801665945,0.322727836668386,0.17,0.145,1,"CTSD"
0.00562707858424586,0.322177136252562,0.207,0.16,1,"IRF2BP2"
0.129069476763487,0.322047075216082,0.108,0.09,1,"RBMS1"
0.0577225499664304,0.321760983709871,0.144,0.118,1,"RBCK1"
1.47005215294108e-26,0.321322407203968,0.998,0.992,3.27821630105862e-22,"MT-CYB"
0.0375275595752806,0.320821975926563,0.211,0.182,1,"SNHG1"
0.0571035367689476,0.320641378527703,0.113,0.09,1,"AC009831.4"
0.0207831028688224,0.318906103625207,0.235,0.2,1,"GPBP1"
0.151214038353149,0.318758666362529,0.126,0.108,1,"CLTA"
1.66248685748555e-08,0.318612656256697,0.705,0.654,0.000370734569219278,"YBX1"
0.168414157952089,0.31838760066668,0.128,0.111,1,"MTCO1P40"
0.121161125334119,0.316222443437773,0.111,0.092,1,"CCDC115"
0.00408709040227888,0.315580419068405,0.334,0.293,1,"TUFM"
0.087845480408662,0.315545204845575,0.102,0.082,1,"MAPKAPK5-AS1"
0.158295287643304,0.315159334981916,0.105,0.09,1,"SERINC3"
0.0783473358057987,0.314894548819829,0.146,0.123,1,"ANAPC5"
0.255009073953098,0.314561936766042,0.117,0.105,1,"H2AFJ"
0.107688801039176,0.314533006755565,0.121,0.101,1,"DOCK8"
0.136462457263749,0.313636110297964,0.159,0.141,1,"WAS"
0.0122627686049664,0.313162540610433,0.431,0.4,1,"CLK1"
0.0476219565899859,0.312908767737807,0.265,0.237,1,"SRP9"
0.00224251589168043,0.312889464302855,0.47,0.431,1,"KLF2"
0.123080006848043,0.312715096051558,0.134,0.115,1,"RPA3"
0.274580888488327,0.312454208741455,0.105,0.093,1,"STAU1"
0.159342150279507,0.31089477884623,0.102,0.086,1,"SFT2D1"
0.0170748557223048,0.310518119834301,0.249,0.21,1,"SFPQ"
0.185953444686675,0.310303871977323,0.175,0.159,1,"XRCC5"
0.089697730058984,0.309102926790454,0.109,0.089,1,"C19orf66"
0.66889568742766,0.307870935055888,0.1,0.096,1,"DNMT1"
1.29524398411658e-08,0.307735583331148,0.816,0.785,0.000288839408457998,"TRAC"
0.316906817942234,0.30748083091588,0.106,0.096,1,"COMMD7"
0.204730359095626,0.307236297822993,0.121,0.106,1,"YWHAE"
0.0170637368526915,0.307171250265084,0.219,0.181,1,"BIRC3"
0.000458847437949467,0.306855858046876,0.441,0.391,1,"SPCS1"
0.0112294827118104,0.306654912445338,0.282,0.242,1,"SRRM2"
0.315420627114973,0.306488812967188,0.121,0.11,1,"ARIH2"
0.314222593952213,0.304498200157751,0.137,0.128,1,"PRMT9"
0.369850937995013,0.304339191907279,0.102,0.093,1,"KCNQ1OT1"
0.158798353256268,0.304189879621919,0.231,0.216,1,"CTSS"
6.98254169984108e-05,0.303387743621409,0.54,0.481,1,"HNRNPC"
1.89390045654108e-05,0.302692700189219,0.615,0.566,0.422339801808661,"EIF4A2"
0.136156988897782,0.302388272876808,0.164,0.144,1,"PDAP1"
0.116447515366571,0.30092015270875,0.108,0.089,1,"DNAJA2"
0.0462678513056325,0.300252204978942,0.229,0.204,1,"SCAF11"
0.0949192777435885,0.299379767331091,0.154,0.132,1,"ZNHIT3"
0.0342934171305744,0.299300983603779,0.166,0.136,1,"MED4"
0.0216294770692771,0.298061190814057,0.22,0.186,1,"SYAP1"
0.0856241491400158,0.29796162767635,0.105,0.084,1,"STXBP2"
0.168024310391391,0.297806736579375,0.125,0.109,1,"NT5C3A"
0.0488924070628948,0.297549732504847,0.245,0.215,1,"MDH2"
0.203158204596142,0.296573959835333,0.103,0.089,1,"CNN2"
0.0685556204249103,0.29616885133583,0.231,0.209,1,"KTN1"
7.1440663192502e-08,0.296046405611478,0.724,0.667,0.00159312678919279,"HNRNPDL"
0.0360777992285453,0.29580483318681,0.231,0.201,1,"HLA-DRA"
0.289687161017432,0.295803509755339,0.113,0.101,1,"DNAJC15"
0.406604485583831,0.295722690742776,0.103,0.094,1,"SDHAF2"
0.20050034698139,0.295620634739929,0.118,0.103,1,"DR1"
0.000790935316451529,0.295486621198082,0.409,0.346,1,"RNASET2"
0.0315703726896883,0.295335012084238,0.223,0.188,1,"ACP1"
0.000133545237015254,0.294861217057902,0.551,0.497,1,"MORF4L1"
0.0188081726732457,0.294723684063317,0.279,0.245,1,"ENSA"
0.197887982657006,0.294111494391172,0.13,0.114,1,"AL049872.1"
0.00566001271065567,0.293981069358937,0.275,0.229,1,"CHD1"
0.227893431651909,0.293652465421998,0.109,0.095,1,"PET100"
0.294700497130285,0.292502270920153,0.106,0.095,1,"MRPL51"
0.193828250449571,0.29223723687102,0.103,0.088,1,"PTPN1"
0.0908166217155854,0.292168109854845,0.149,0.126,1,"KARS"
0.152282993587932,0.29209212642715,0.116,0.098,1,"GNL3"
0.137460810881781,0.29201651973044,0.109,0.091,1,"G3BP1"
0.0689344186713779,0.29196726555064,0.25,0.226,1,"XRCC6"
0.22260140875551,0.29181142614511,0.121,0.106,1,"PHPT1"
0.0775186936545743,0.29170334475972,0.114,0.092,1,"SENP5"
0.0569410726437914,0.291515259451704,0.156,0.131,1,"RAD54L2"
1.80144078208699e-10,0.290846220106545,0.902,0.861,4.01721294405398e-06,"SERF2"
0.11515472645571,0.290613677335647,0.114,0.095,1,"IDH3G"
8.04856667075428e-11,0.290141490439912,0.883,0.869,1.7948303675782e-06,"ARHGDIB"
0.00155127317304999,0.289186618050615,0.399,0.346,1,"TRA2B"
0.184518978546942,0.287807394553024,0.1,0.085,1,"MRPS35"
2.77713592593464e-10,0.286725811564326,0.879,0.845,6.19301311483426e-06,"RPL36AL"
0.279046403511353,0.286414533842259,0.109,0.096,1,"BTF3L4"
0.0483879438092205,0.286172257839588,0.142,0.116,1,"MPC1"
0.336131950964288,0.285290644232408,0.114,0.104,1,"ZNF655"
0.146087569034621,0.285264315458187,0.168,0.148,1,"AL357060.2"
2.48277037122836e-05,0.285230141237751,0.673,0.626,0.553657792783925,"SKP1"
0.182990080722313,0.285144696672,0.1,0.085,1,"HPRT1"
0.109096592551988,0.285118234647905,0.226,0.205,1,"RC3H1"
0.0488554056678593,0.285057723141586,0.18,0.15,1,"GGNBP2"
0.136362037680119,0.284340175544531,0.109,0.091,1,"MAP3K2"
0.556815683872306,0.283818050967166,0.104,0.099,1,"PRKAR2A"
0.0575340045805614,0.283735194450734,0.195,0.167,1,"APH1A"
0.127348191999721,0.283612407414746,0.113,0.095,1,"LSM10"
0.119726412360757,0.283596221439317,0.215,0.194,1,"ARHGAP9"
0.0534579767578353,0.283183272375349,0.235,0.206,1,"NDUFA2"
0.031820438708034,0.28289269766373,0.314,0.282,1,"PARK7"
0.148014350281834,0.282574452571068,0.154,0.135,1,"SNRPD3"
1.32839007809012e-05,0.282391570848892,0.711,0.672,0.296230987414097,"PPDPF"
0.178603705751437,0.281824398875789,0.161,0.144,1,"SSR1"
0.244519419369509,0.280993945129381,0.135,0.121,1,"KIAA1143"
0.0210434163173191,0.279929591144755,0.212,0.178,1,"ATP5I"
0.10938700509953,0.279256524564123,0.134,0.113,1,"TXNL1"
0.0786465982051794,0.278988810187489,0.245,0.221,1,"ACTR2"
0.220084395249503,0.277369309519333,0.124,0.108,1,"BDP1"
0.195641690553067,0.276366225535613,0.109,0.094,1,"NME3"
0.0307407858278115,0.275346114022452,0.19,0.158,1,"CCT4"
0.503553595355601,0.274868560273774,0.164,0.159,1,"ATP1A1"
0.102940284767209,0.274344221357835,0.156,0.133,1,"ECH1"
0.274036317312489,0.274080171492488,0.176,0.164,1,"DHRS3"
0.157306839557408,0.273458399540688,0.223,0.205,1,"MRFAP1"
0.0560464947579782,0.273041640732726,0.251,0.222,1,"ARL4A"
0.142444010351276,0.272999159105555,0.225,0.206,1,"DDX21"
0.225900056379084,0.272060717689635,0.14,0.126,1,"TMEM147"
0.12059454174906,0.270820589085415,0.277,0.258,1,"CNOT2"
0.000906343492331144,0.270321252505988,0.445,0.386,1,"EIF5A"
3.33174454817534e-05,0.267692515841262,0.63,0.587,0.742979034243101,"SUMO2"
0.351303343672083,0.267569112677615,0.113,0.102,1,"RAD21"
0.0866257004839187,0.26684944729203,0.222,0.198,1,"EIF4H"
0.185049061994298,0.266491946193994,0.132,0.116,1,"DHX9"
0.283788232865232,0.265398275953094,0.107,0.095,1,"MRPL22"
0.427928902138267,0.264547574143391,0.109,0.102,1,"POP5"
0.220753830793919,0.264054864841226,0.117,0.103,1,"MRPL43"
0.122722689414738,0.263636962890566,0.14,0.119,1,"NDUFV1"
0.104084039530142,0.26334050533219,0.148,0.128,1,"GRB2"
0.627477947045339,0.263124163936514,0.1,0.095,1,"LARP7"
0.00166984885776227,0.262829634691923,0.409,0.362,1,"ATP5G3"
1.61351249999824e-10,0.262720252320455,0.935,0.906,3.59813287499607e-06,"ATP5E"
0.0170781908745441,0.262637846467506,0.308,0.266,1,"ABRACL"
0.0105803843149107,0.261627450590577,0.334,0.296,1,"ATP5J"
0.0523528543591569,0.26072678077312,0.201,0.174,1,"OSTC"
0.463941043654133,0.259517505029825,0.104,0.095,1,"RNF44"
0.136033074837804,0.259083118475391,0.172,0.151,1,"DGUOK"
0.158029892520152,0.258247921822664,0.227,0.207,1,"SIGIRR"
0.0368431387310232,0.257129015149645,0.23,0.202,1,"SNRPC"
0.149556150237666,0.256517429760346,0.176,0.157,1,"POLE4"
0.0755591633334579,0.256092711407803,0.341,0.32,1,"C9orf78"
0.0948905046012039,0.255910962638721,0.233,0.209,1,"HCLS1"
0.1858142570451,0.25500830037603,0.128,0.112,1,"DECR1"
0.179443837869207,0.254805041866246,0.117,0.101,1,"METTL5"
0.0327532616501497,0.254692819375834,0.314,0.282,1,"TRIR"
0.185995773435736,0.253591247109164,0.105,0.089,1,"ZBTB8OS"
0.0496512245299755,0.253523703489309,0.146,0.12,1,"CPNE1"
0.0514199182993244,0.253152679724914,0.236,0.207,1,"FOXN3"
0.36837326159394,0.253064420447436,0.116,0.106,1,"CCDC91"
0.286014330523211,0.252074456873513,0.144,0.132,1,"CEBPZ"
0.559407925768059,0.252029592643101,0.113,0.108,1,"AKR1B1"
0.174580522515523,0.251441452947908,0.147,0.13,1,"NKTR"
0.117703839113666,0.25075379145594,0.289,0.269,1,"BIN2"
1.0614749530352e-13,-0.250593696924113,0.923,0.964,2.3670891452685e-09,"SARAF"
0.00944011588903495,-0.251601789717582,0.219,0.266,1,"TRA2A"
0.000784861929304905,-0.251886177277022,0.434,0.509,1,"RPL13AP7"
9.8974360397241e-15,-0.253093580201123,0.938,0.983,2.20712823685847e-10,"AC116533.1"
0.175730646348758,-0.253995415902929,0.086,0.102,1,"ACVR2A"
0.00930418205469452,-0.254211349423768,0.358,0.406,1,"AC136632.1"
0.0639167862255087,-0.25501430328131,0.093,0.117,1,"ZNF511"
1.90389793419562e-08,-0.25686072782658,0.856,0.91,0.000424569239325624,"SNHG5"
5.99990399559323e-24,-0.25747105229958,0.986,0.997,1.33797859101729e-19,"RPL24"
0.18895561255704,-0.258189821604802,0.092,0.107,1,"EBLN3P"
0.0581233410269012,-0.258204651035268,0.105,0.132,1,"TTC14"
0.00718132464515543,-0.258589132545325,0.326,0.371,1,"AC087343.1"
1.06043863532336e-51,-0.259184252263511,1,1,2.3647781567711e-47,"RPL39"
3.99184347442387e-08,-0.260066180032373,0.804,0.879,0.000890181094796523,"RPL24P8"
4.33818949239253e-58,-0.260978906752378,0.999,0.999,9.67416256803533e-54,"RPL3"
5.62176980275046e-12,-0.261942197434981,0.879,0.95,1.25365466601335e-07,"COX7C"
1.15651771453175e-47,-0.262437441324805,1,1,2.5790345034058e-43,"RPS20"
6.12851706990629e-37,-0.263226259749726,0.999,0.999,1.3666593065891e-32,"AC073861.1"
2.3908584021879e-35,-0.263458159841382,0.995,0.998,5.33161423687902e-31,"RPS21"
0.220156949050545,-0.263576433957856,0.115,0.132,1,"GIMAP2"
0.111392756347049,-0.263663379339763,0.128,0.15,1,"HMGA1"
1.35121077108834e-21,-0.264732444704825,0.977,0.989,3.013200019527e-17,"RPS27AP16"
4.8125361480479e-21,-0.265356272843156,0.98,0.996,1.07319556101468e-16,"RACK1"
0.0147321340091835,-0.265554514341153,0.118,0.153,1,"MTERF4"
0.199716976359614,-0.26611163371878,0.11,0.128,1,"OGT"
0.00671223204423465,-0.266233438202446,0.318,0.372,1,"RPL12P16"
1.46181660598759e-05,-0.266839953179676,0.713,0.757,0.325985103135232,"AC034236.1"
0.00560886217442932,-0.269848871793315,0.273,0.328,1,"ANKRD44"
4.85557627880423e-15,-0.270342949103303,0.895,0.959,1.08279351017334e-10,"PABPC1"
0.0829225618425453,-0.270687248983163,0.111,0.135,1,"TOMM20P4"
0.190986489472292,-0.27104434948383,0.09,0.106,1,"CCNT1"
0.00102454053125884,-0.271551242808049,0.366,0.431,1,"EIF4B"
0.0108798511186981,-0.271942728549482,0.199,0.245,1,"EMC10"
0.0600698520714765,-0.274472579117715,0.128,0.155,1,"PHF3"
0.101412485042284,-0.27483931157918,0.115,0.137,1,"AL078604.1"
0.0056738661178725,-0.275668508198558,0.234,0.291,1,"EIF1B"
1.64317854536349e-45,-0.277400814643435,0.999,0.999,3.66428815616059e-41,"RPL3P4"
3.12567083739544e-11,-0.278084561229005,0.84,0.892,6.97024596739183e-07,"NOP53"
4.98912332697415e-20,-0.281110883507449,0.953,0.98,1.11257450191524e-15,"RPS20P14"
0.00906031064421811,-0.281593606644998,0.168,0.213,1,"RPL17P34"
0.00590506814252863,-0.281732899017646,0.365,0.415,1,"AC064799.1"
1.09976372325389e-76,-0.28258970625077,1,1,2.45247310285618e-72,"RPS15A"
0.00151393161418429,-0.283296207841667,0.329,0.392,1,"AL591846.1"
5.55354694779419e-05,-0.283490076954195,0.447,0.533,1,"SNHG8"
4.28558158260004e-44,-0.284494953231643,0.998,1,9.55684692919808e-40,"RPS4X"
0.12177242097174,-0.286628031053279,0.084,0.102,1,"PRPF38A"
4.63182783447742e-51,-0.287893887985725,0.999,0.999,1.03289760708847e-46,"RPL37A"
0.00216714299369171,-0.287919253671794,0.2,0.255,1,"DYNLT1"
0.0242281892821065,-0.288500161973268,0.143,0.179,1,"SNRPN"
0.165045385313088,-0.288929091712002,0.085,0.101,1,"ZBTB25"
2.21945968188045e-05,-0.290012744848318,0.496,0.591,0.494939509059341,"AC079140.2"
1.60735323778693e-54,-0.290205420454297,0.998,1,3.58439772026485e-50,"RPS17"
1.71001152317602e-24,-0.290231955033255,0.964,0.989,3.81332569668252e-20,"NACA"
7.72841570983172e-14,-0.290758142463398,0.873,0.933,1.72343670329247e-09,"COX4I1"
0.000946262057121253,-0.291426267736072,0.3,0.371,1,"RPL7P23"
0.0235048526983565,-0.293123468373823,0.092,0.121,1,"HNRNPH2"
0.0586560239659827,-0.293202653753063,0.115,0.14,1,"KAT7"
5.43207074710817e-15,-0.293954152464264,0.874,0.94,1.21135177660512e-10,"RPS28P7"
8.20948209690753e-64,-0.294210027892062,1,0.998,1.83071450761038e-59,"RPS28"
0.11691128709525,-0.294247724953271,0.081,0.101,1,"SNX27"
0.0984727554688332,-0.294258388907465,0.089,0.109,1,"ITK"
1.2867475652818e-89,-0.294280988564036,1,1,2.86944707057842e-85,"RPLP2"
0.0137045766779586,-0.295063266249971,0.17,0.213,1,"AC120036.1"
0.0046118163400769,-0.295383600020605,0.299,0.352,1,"AC112191.2"
0.0890927511296093,-0.295528289592133,0.136,0.16,1,"MZT2A"
0.0667111385524435,-0.295990978749086,0.118,0.144,1,"ETNK1"
3.56464772044688e-51,-0.296601638360057,1,0.997,7.94916441659655e-47,"RPL12"
2.81468672645414e-68,-0.297055667268331,1,0.999,6.27675139999272e-64,"RPS25"
0.000586844822356664,-0.298002736487088,0.348,0.419,1,"Z74021.1"
0.00181056070418004,-0.299290537923762,0.217,0.274,1,"RPS2P55"
0.0427185403069453,-0.300084666826383,0.132,0.161,1,"AC133435.1"
0.0417152034331023,-0.300677496662884,0.092,0.117,1,"AC022210.1"
5.71722741311464e-05,-0.300732837319558,0.385,0.471,1,"AC104563.1"
0.000158314138714387,-0.302101148210667,0.332,0.412,1,"N4BP2L2"
0.0104414428656833,-0.302461169422457,0.175,0.216,1,"AL122020.1"
0.113971002521605,-0.303025106854524,0.095,0.114,1,"GLG1"
6.44536491894486e-29,-0.303051187807357,0.975,0.992,1.4373163769247e-24,"RPL18AP3"
2.57125818646548e-06,-0.304007953122736,0.588,0.682,0.0573390575581801,"RPL5P17"
8.64123279804052e-06,-0.304617152709156,0.393,0.492,0.192699491396304,"AC246787.1"
1.00741130320712e-73,-0.304927447601999,0.999,1,2.24652720615188e-69,"RPL19"
0.034504694542391,-0.305296020379008,0.098,0.126,1,"JAK3"
2.42257424911386e-57,-0.305669616379737,0.998,1,5.40234057552391e-53,"RPS16"
0.00385434253354828,-0.305687629652706,0.137,0.183,1,"ATF7IP2"
2.29435636501543e-62,-0.306234025425048,1,0.999,5.11641469398441e-58,"RPL18A"
4.19325302319877e-44,-0.306497018461299,0.994,0.998,9.35095424173325e-40,"RPL29"
0.00178608784920026,-0.307440754674036,0.164,0.217,1,"RPS26P11"
0.000725301582410782,-0.308496017466775,0.223,0.285,1,"MDM4"
0.147078262061609,-0.309340270249671,0.09,0.107,1,"RNASEH2B"
0.0465135609383283,-0.309383424123123,0.109,0.135,1,"AL080243.2"
0.000102475671364914,-0.312154060359815,0.481,0.555,1,"RPS15AP1"
1.81657283935891e-13,-0.312568621655937,0.86,0.916,4.05095743177037e-09,"RPS4Y1"
0.0783548865270799,-0.313115740160347,0.081,0.103,1,"STMN1"
0.0568162557640625,-0.315009814881863,0.111,0.138,1,"PDCD2"
0.000819074436283252,-0.315066901053021,0.257,0.319,1,"FKBP1A"
7.16506171509394e-15,-0.317024670236338,0.851,0.908,1.59780876246595e-10,"RPS4XP11"
3.99921315177139e-70,-0.319050751540407,0.999,0.999,8.91824532845019e-66,"RPL37"
0.000671417495355802,-0.322915383575886,0.271,0.337,1,"TTC3"
0.0120552263347318,-0.323693862843342,0.072,0.101,1,"AC025164.2"
3.51081641303931e-05,-0.324201111594144,0.469,0.549,0.782912060107765,"AC107032.1"
0.0356532052128948,-0.324444233597287,0.08,0.106,1,"MRPL50"
0.00793851943773393,-0.324784615447077,0.157,0.2,1,"AC006463.2"
0.0101690986800412,-0.326102619884198,0.11,0.147,1,"SMAP2"
0.012593190440299,-0.32648898932012,0.176,0.218,1,"AC091429.1"
1.38149365204538e-93,-0.328228562323444,1,1,3.0807308440612e-89,"RPS12"
1.99324089156619e-09,-0.329379117248846,0.629,0.736,4.4449271881926e-05,"RPL21P28"
0.0158945130828508,-0.329931714118903,0.151,0.188,1,"AC011979.1"
0.0272969182432786,-0.330642744032916,0.073,0.1,1,"NOL11"
0.0784005192514186,-0.332223884575912,0.101,0.122,1,"AC144530.1"
2.28130655628089e-46,-0.332617225395761,0.992,0.997,5.08731362050639e-42,"RPS9"
2.19854938135863e-54,-0.334567530551609,0.998,1,4.90276512042975e-50,"RPL38"
0.0019605111263047,-0.33468222027574,0.207,0.263,1,"IKZF1"
0.00184994076863697,-0.334713750808969,0.204,0.263,1,"MPHOSPH8"
0.000490957021015278,-0.338797116411773,0.33,0.395,1,"AC004448.1"
6.16597155886748e-19,-0.344278517422614,0.879,0.946,1.37501165762745e-14,"NPM1"
6.61156647257802e-42,-0.344481303803148,0.987,0.995,1.4743793233849e-37,"RPL30"
0.00147576595547129,-0.345421941251114,0.303,0.358,1,"PPA1"
0.00747982270034791,-0.345561951699655,0.172,0.216,1,"RPL21P11"
5.07905233821098e-86,-0.346497711556314,1,0.999,1.13262867142105e-81,"RPL35A"
0.015854644769159,-0.346560106313154,0.237,0.276,1,"AC097523.1"
1.34053714291858e-105,-0.347544733079291,1,1,2.98939782870843e-101,"RPS14"
7.34800775624154e-11,-0.347631883421831,0.659,0.767,1.63860572964186e-06,"RPS15AP17"
0.0442008705964041,-0.348568903967591,0.087,0.111,1,"AC113367.1"
0.0212843274168661,-0.349662142198899,0.118,0.151,1,"BX679664.3"
0.0890380705193107,-0.350242463631202,0.101,0.122,1,"C8orf59"
4.21461291076337e-59,-0.350260815477163,0.994,1,9.39858679100231e-55,"RPL18"
6.87646406512355e-14,-0.350361977670729,0.768,0.868,1.53345148652255e-09,"AC079250.1"
0.0428883990006273,-0.350654938779833,0.097,0.122,1,"SNHG7"
6.6628186453878e-44,-0.350731661558575,0.986,0.995,1.48580855792148e-39,"AP001324.1"
0.00810679075541032,-0.356107240441782,0.149,0.192,1,"AC005921.3"
0.000327090882690706,-0.356267644319032,0.292,0.363,1,"EIF3M"
2.7646557692948e-05,-0.356353676869798,0.296,0.378,0.616518236552741,"DDX18"
4.66354307194578e-14,-0.356523771102073,0.698,0.815,1.03997010504391e-09,"AC019205.3"
4.03202661392681e-16,-0.360482640746867,0.784,0.881,8.99141934905679e-12,"FO393411.1"
0.0223965758726203,-0.361138203980252,0.079,0.106,1,"SIDT1-AS1"
0.00952330464016064,-0.361869663919488,0.102,0.138,1,"ESF1"
6.51842852108464e-96,-0.362299068394712,0.998,1,1.45360956020187e-91,"RPL11"
2.16568310959034e-128,-0.362752511734848,1,1,4.82947333438646e-124,"RPL13"
2.21390172941343e-36,-0.364101992654819,0.974,0.991,4.93700085659195e-32,"AC024293.1"
0.018658526853301,-0.365436984712288,0.182,0.217,1,"GIMAP7"
9.83920269348457e-09,-0.365612988798928,0.563,0.665,0.000219414220064706,"EIF3H"
1.72800726547931e-06,-0.366086669332388,0.323,0.427,0.0385345620201887,"ATXN7"
1.42518192857224e-65,-0.367436989177172,0.997,1,3.17815570071608e-61,"RPL10A"
9.21252550371899e-40,-0.370808553882434,0.978,0.993,2.05439318732933e-35,"RPL23"
3.00357800517354e-15,-0.373239285390241,0.745,0.859,6.69797895153699e-11,"RPL21P75"
0.000344352473001412,-0.373410789182487,0.206,0.268,1,"RPL24P7"
1.87538226062673e-35,-0.374724469627264,0.965,0.989,4.18210244119761e-31,"RPL34P18"
5.90478409712315e-12,-0.375503268068675,0.658,0.768,1.31676685365846e-07,"AC068724.1"
3.58326534601227e-09,-0.376080146994961,0.497,0.622,7.99068172160736e-05,"FOXP1"
6.36317052859416e-61,-0.376219118413368,0.99,0.996,1.4189870278765e-56,"RPL5"
1.18293683370135e-05,-0.376266104974477,0.274,0.368,0.2637949139154,"PSMA3-AS1"
0.0303179526229954,-0.377021260516366,0.089,0.116,1,"AL355309.1"
1.7301994200459e-28,-0.380167255376682,0.896,0.965,3.85834470670237e-24,"AC073621.1"
0.00254229716653316,-0.381018126163298,0.099,0.139,1,"YIPF4"
0.00150516513463909,-0.389043364219864,0.157,0.209,1,"AL450405.1"
0.00607204578473149,-0.389312065908287,0.163,0.205,1,"AC002075.2"
4.23854573155646e-22,-0.38934205982171,0.843,0.939,9.4519569813709e-18,"RPL5P34"
9.73500889365269e-26,-0.389408872148325,0.875,0.951,2.17090698328455e-21,"RPL21P16"
0.0601723948631201,-0.391642156200015,0.094,0.117,1,"SLFN5"
0.00281687310359895,-0.391978304960288,0.146,0.193,1,"NDUFC1"
1.82477701686946e-07,-0.393832663201804,0.304,0.413,0.00406925274761889,"FBL"
9.2030842390406e-102,-0.395189496395657,1,1,2.05228778530605e-97,"RPL9"
5.07452905243968e-06,-0.396464979110656,0.337,0.426,0.113161997869405,"RSL1D1"
0.000618314432171373,-0.396559039461485,0.173,0.23,1,"CCNG1"
1.14483660663932e-86,-0.396810105936492,0.999,1,2.55298563280569e-82,"RPS8"
3.80864762797798e-06,-0.397543140289615,0.362,0.451,0.084932842103909,"STK4"
0.00658722803199492,-0.39836879116794,0.11,0.147,1,"PABPC4"
3.63842535016715e-06,-0.400318903860342,0.257,0.346,0.0811368853087274,"AC127070.1"
0.00976624429954255,-0.401222892233863,0.076,0.106,1,"FTX"
0.00838359878463565,-0.401267107904558,0.093,0.128,1,"RASSF3"
0.0125815433875957,-0.40173095489159,0.093,0.124,1,"MRPS33"
0.000217495019923694,-0.401795758402943,0.181,0.246,1,"RPL37P23"
0.0120697758354314,-0.401841464725426,0.082,0.113,1,"PCM1"
0.00141010355929406,-0.402832509523348,0.121,0.169,1,"FAM32A"
0.0143092921433763,-0.405148473910464,0.108,0.142,1,"ZNF83"
1.7649636634482e-146,-0.406103281312876,1,1,3.93586896948948e-142,"RPL34"
0.000311769458965307,-0.406560501282033,0.196,0.26,1,"RPL21P131"
0.0220803988105847,-0.409331359207422,0.075,0.101,1,"POLR2J3"
1.08860901665075e-14,-0.412249722967425,0.688,0.811,2.42759810713117e-10,"AC096919.1"
5.04734479895647e-111,-0.41392120118279,1,1,1.12555789016729e-106,"RPL31"
0.0224919961296961,-0.415837265339834,0.1,0.129,1,"AC114728.1"
4.87422890026513e-06,-0.416538507790081,0.297,0.389,0.108695304475912,"BCL11B"
1.75507340374543e-07,-0.416581033396154,0.355,0.459,0.00391381369035232,"ANP32B"
6.1513326858376e-06,-0.41686995023031,0.342,0.428,0.137174718894178,"TSPYL1"
0.00169670428018632,-0.417295137658281,0.114,0.16,1,"ZRANB2"
3.12212193936848e-19,-0.41924106069087,0.732,0.861,6.96233192479171e-15,"AC010343.1"
0.00720492424650274,-0.421423470913328,0.109,0.144,1,"GABPB1"
0.00702317772716838,-0.425055258751618,0.122,0.16,1,"TLK1"
3.58969837883628e-06,-0.428474625127963,0.325,0.412,0.080050273848049,"RPS24P8"
1.1884091172843e-06,-0.430990887235245,0.313,0.408,0.0265015233154399,"NSA2"
0.00599116817120939,-0.431304044602592,0.16,0.199,1,"RNF138"
1.42224037703786e-07,-0.432378592971427,0.405,0.51,0.00317159604079443,"ATP5O"
1.23049898402855e-09,-0.433304656207407,0.494,0.606,2.74401273438367e-05,"RPS3AP25"
1.18351914510064e-13,-0.436882812628527,0.608,0.717,2.63924769357443e-09,"AC004453.1"
0.00628275782215551,-0.438142461262378,0.105,0.142,1,"ING3"
0.00568203525246798,-0.439365805036846,0.194,0.238,1,"FUBP1"
0.00269373106371621,-0.439898897018118,0.074,0.111,1,"LNPEP"
0.00259872022390751,-0.441238622210349,0.074,0.111,1,"FCGRT"
2.27821551137466e-16,-0.442741711146169,0.659,0.802,5.0804205903655e-12,"NAP1L1"
5.35161098694747e-11,-0.443975020235156,0.539,0.655,1.19340925008929e-06,"RPL7P1"
7.07549236426083e-05,-0.444958020417414,0.148,0.215,1,"AC007182.2"
7.42985852850404e-167,-0.445864243671853,1,1,1.6568584518564e-162,"RPL21"
2.38897070402722e-58,-0.446458434050143,0.971,0.992,5.3274046699807e-54,"RPL4"
4.01120448567633e-22,-0.446569728995761,0.759,0.878,8.94498600305821e-18,"AL049873.1"
2.08156795657677e-07,-0.447054692774318,0.243,0.344,0.0046418965431662,"RPL29P11"
6.76259305115574e-93,-0.448377169472634,0.998,0.999,1.50805825040773e-88,"RPL9P9"
0.00682814994445072,-0.448479281702185,0.085,0.119,1,"RPL19P16"
0.000160652671895737,-0.449353395156904,0.196,0.258,1,"FAM118A"
0.00376613828039405,-0.449679028115878,0.144,0.186,1,"HAX1"
0.00481749714837909,-0.45095970373149,0.083,0.118,1,"AC084824.1"
0.00146424511595968,-0.450980487144901,0.11,0.154,1,"HIF1A"
6.23664335658796e-08,-0.451528396758158,0.393,0.501,0.00139077146851911,"EIF2S3"
1.13278421404401e-12,-0.453167820413967,0.576,0.7,2.52610879731813e-08,"AC005840.1"
0.00503378844737672,-0.453966230228337,0.086,0.122,1,"ZNF24"
0.00167654414616024,-0.45938295051637,0.133,0.177,1,"AL450998.1"
1.60540105124946e-21,-0.459496187787085,0.741,0.858,3.58004434428629e-17,"RPL4P4"
0.0228402045799338,-0.460221384934863,0.116,0.145,1,"FXR1"
5.75997457871834e-115,-0.461089314363204,0.999,1,1.28447433105419e-110,"RPL7"
5.85502102843068e-14,-0.461186486216566,0.607,0.742,1.30566968934004e-09,"RPS3AP26"
0.0125787732627479,-0.463890591440612,0.074,0.104,1,"TATDN1"
0.00684804214075922,-0.46437362256298,0.075,0.106,1,"EBPL"
0.00181557634616344,-0.464929060995901,0.148,0.199,1,"CRIPT"
1.079468225495e-22,-0.465191005491899,0.654,0.835,2.40721414285384e-18,"LDHB"
0.00136853502209422,-0.465656555328696,0.122,0.167,1,"ZBTB20"
1.40739756709987e-157,-0.467983493920964,1,1,3.13849657463272e-153,"RPS6"
0.0020249133463671,-0.468233568797536,0.098,0.139,1,"AC233702.1"
2.2478917377681e-19,-0.469041706629835,0.689,0.823,5.01279857522286e-15,"AL136968.2"
0.000120232124979981,-0.469047495122577,0.113,0.17,1,"RPL5P4"
4.42983086830735e-168,-0.472180198389872,1,1,9.87852283632538e-164,"RPL32"
0.00640742295433389,-0.47285392703537,0.075,0.107,1,"GTF2F1"
9.05674235157175e-05,-0.473000149225263,0.213,0.28,1,"AC010468.1"
8.54439220560996e-05,-0.47302527713582,0.143,0.205,1,"ANKRD10"
5.24778385966197e-100,-0.474537163774759,0.995,1,1.17025580070462e-95,"RPL7P9"
0.000273746543229471,-0.478544159984661,0.176,0.238,1,"RPL7P32"
0.00160873190936987,-0.479169039370981,0.085,0.126,1,"GOLGA3"
0.000449767510445035,-0.481962701027634,0.148,0.201,1,"RASGRP2"
1.85449141401546e-09,-0.485184916436285,0.397,0.509,4.13551585325447e-05,"AC087190.1"
3.54919660847992e-06,-0.486153586601392,0.135,0.209,0.0791470843691022,"PASK"
0.00501408707836439,-0.486243457768043,0.083,0.117,1,"BOD1L1"
3.79806423211113e-32,-0.486372266354959,0.849,0.926,8.46968323760782e-28,"RPS23"
1.36591190916058e-09,-0.486539258581363,0.365,0.486,3.04598355742809e-05,"RPL9P7"
0.000384503440552182,-0.487887935340391,0.172,0.225,1,"HADHA"
6.06007295793381e-14,-0.487966835259413,0.543,0.675,1.35139626961924e-09,"RPS23P8"
0.0235089029732201,-0.488186125166586,0.088,0.115,1,"AL121871.1"
1.84639126771696e-06,-0.490917834155008,0.302,0.39,0.0411745252700882,"TNRC6B"
3.0154290280512e-08,-0.499625125507828,0.29,0.401,0.000672440673255418,"NUCKS1"
5.82655998465767e-96,-0.50021355581775,0.993,0.999,1.29932287657866e-91,"RPS5"
0.00767639993929348,-0.50164696023037,0.073,0.104,1,"FAM200B"
1.72277414650161e-72,-0.502563992263666,0.966,0.994,3.84178634669859e-68,"RPL22"
6.10067081912447e-07,-0.502677313620593,0.187,0.277,0.0136044959266476,"RPS10"
0.00084771699365701,-0.503892330172512,0.122,0.169,1,"RPL21P93"
3.13138906426255e-07,-0.505897275604358,0.243,0.339,0.00698299761330549,"STAT3"
0.0263974221485394,-0.507241429894829,0.075,0.101,1,"OARD1"
0.0102429262151964,-0.511402815922676,0.093,0.124,1,"AL031727.1"
0.00352386672437101,-0.51189231117787,0.097,0.133,1,"RPL10P3"
0.000132605062015724,-0.513664949704696,0.135,0.194,1,"OTUD6B-AS1"
0.00176258155003621,-0.516212024737057,0.065,0.101,1,"ASCC1"
0.00139581633560955,-0.516232470994068,0.119,0.164,1,"ZCCHC11"
0.00123306519931065,-0.519833260826863,0.107,0.151,1,"LUC7L3"
1.13113996289133e-140,-0.521944538352813,1,1,2.52244211724766e-136,"RPS13"
5.81465755045579e-09,-0.523188336237345,0.345,0.454,0.000129666863375164,"AC026254.2"
7.79125852654294e-05,-0.52468897218914,0.188,0.251,1,"CAMK4"
7.32112737503067e-24,-0.527719920826577,0.662,0.829,1.63261140463184e-19,"AC074033.1"
1.51755128497804e-07,-0.529040327028976,0.231,0.329,0.00338413936550103,"RPL21P39"
8.8219450211057e-06,-0.532319980872266,0.2,0.28,0.196729373970657,"EIF2A"
1.20270306934396e-56,-0.532990652579888,0.922,0.981,2.68202784463704e-52,"EEF1B2"
0.000337679788984224,-0.534258094552771,0.133,0.188,1,"LONP2"
0.00189399061648638,-0.536317931870608,0.1,0.14,1,"RPL5P1"
7.36368376454305e-09,-0.536326292719031,0.291,0.403,0.00016421014794931,"MGAT4A"
3.65652623908644e-13,-0.537856222172948,0.421,0.555,8.15405351316277e-09,"AC067942.1"
0.001300824276585,-0.542101947613066,0.089,0.129,1,"TIMM9"
1.72457012814993e-05,-0.54251720059654,0.192,0.262,0.384579138577435,"ALKBH7"
1.79201293548471e-05,-0.551514295996573,0.158,0.227,0.399618884613091,"ESD"
0.000233465518192055,-0.55328827028374,0.098,0.147,1,"SECISBP2"
2.5646188729535e-28,-0.553534795805564,0.711,0.857,5.7191000866863e-24,"RPS13P2"
0.000901066620397772,-0.553781600417291,0.118,0.164,1,"NANS"
0.000942048639868338,-0.557637324505616,0.073,0.111,1,"SLC30A7"
2.00915485409527e-192,-0.559469440864726,1,1,4.48041532463246e-188,"RPS3A"
0.00360789886899626,-0.561180821237082,0.073,0.107,1,"STX16"
0.000443618800844155,-0.561897622341701,0.098,0.144,1,"PPT1"
0.000431438964115635,-0.562158339549588,0.097,0.144,1,"NDUFS4"
0.00207015122202162,-0.564187082811681,0.097,0.137,1,"ZFAND1"
0.000882708543470103,-0.575400895984586,0.089,0.132,1,"C2orf68"
3.6923618311164e-09,-0.575832932260372,0.33,0.444,8.23396688338957e-05,"ST13"
0.00140509787164944,-0.57785022280799,0.085,0.125,1,"CRLF3"
0.000228077114360449,-0.578802057161107,0.102,0.153,1,"BEX4"
8.96524323514705e-81,-0.58054065731378,0.95,0.991,1.99924924143779e-76,"AC008038.1"
2.89634596776292e-05,-0.580952833423831,0.148,0.212,0.645885150811132,"C1orf162"
0.000808602839070276,-0.581365310001797,0.104,0.149,1,"MED23"
8.23009699701243e-07,-0.584624344197266,0.183,0.269,0.0183531163033377,"RFTN1"
1.83965619005722e-12,-0.588240657889753,0.42,0.545,4.1024333038276e-08,"RPS3AP6"
7.65165485253412e-10,-0.593495328664471,0.264,0.383,1.70631903211511e-05,"CCT8"
6.04121914230299e-07,-0.594774681494276,0.16,0.245,0.0134719186873357,"CCDC57"
0.000584078635469888,-0.595768065122775,0.089,0.133,1,"AC008026.1"
9.71456496006068e-06,-0.603080689612498,0.128,0.194,0.216634798609353,"APEX1"
7.26760860372062e-08,-0.608669415779608,0.232,0.323,0.0016206767186297,"EEF1B2P6"
4.34345256301358e-13,-0.61212288453144,0.309,0.453,9.68589921552028e-09,"NOSIP"
7.14251410696946e-15,-0.618682189847152,0.334,0.486,1.59278064585419e-10,"PNISR"
2.40388816796159e-06,-0.618757051700007,0.161,0.234,0.0536067061455435,"SATB1"
1.26765748637176e-24,-0.619234857045941,0.554,0.724,2.82687619460902e-20,"EEF1B2P3"
4.38355652295233e-21,-0.624253125185508,0.433,0.616,9.77533104618369e-17,"CD7"
7.60530744697911e-05,-0.624484468503956,0.122,0.179,1,"FCMR"
0.000552916060012518,-0.626620367917807,0.084,0.127,1,"SLC5A6"
0.000140909958380554,-0.627052701700382,0.079,0.126,1,"STMN3"
0.000343009635676799,-0.631728308806673,0.105,0.155,1,"IMPDH2"
0.000797738354026566,-0.632512420503094,0.07,0.109,1,"LTA4H"
0.00123128197778802,-0.636055217076918,0.073,0.109,1,"LETMD1"
5.91655275571436e-11,-0.636485572502028,0.294,0.416,1.3193912645243e-06,"NDFIP1"
0.000678128529147285,-0.636725623821824,0.066,0.105,1,"FKBP5"
9.18904067685328e-47,-0.641961266211969,0.754,0.905,2.04915607093828e-42,"EIF3E"
0.000686394579089122,-0.642135142778328,0.062,0.1,1,"RPS10P3"
8.21153111026841e-17,-0.644881205955469,0.35,0.51,1.83117143758986e-12,"RPS3AP5"
3.51008085219237e-10,-0.645535530338093,0.243,0.36,7.82748030038899e-06,"LSM5"
0.00266834917971838,-0.648453466619417,0.069,0.103,1,"TSPAN14"
1.16972802748079e-05,-0.648864109849872,0.113,0.175,0.260849350128215,"RPS3AP49"
6.29565522857459e-05,-0.658683363176966,0.065,0.111,1,"SFI1"
1.75418800878715e-05,-0.662487545321755,0.158,0.226,0.391183925959535,"ERP27"
3.55953771958136e-10,-0.662965338511788,0.189,0.3,7.93776911466643e-06,"HSPB1"
1.85098179508886e-06,-0.66767936724685,0.114,0.183,0.0412768940304815,"SLC25A45"
9.32377422465029e-11,-0.672266824214838,0.144,0.255,2.07920165209702e-06,"NUCB2"
5.60410068743136e-06,-0.67264858605763,0.069,0.125,0.124971445329719,"RPL7P6"
8.24392101770193e-05,-0.675561015505093,0.085,0.135,1,"RIC3"
6.4154717244076e-05,-0.684004237072706,0.078,0.128,1,"LDLRAP1"
1.27737153555159e-09,-0.698931346217116,0.157,0.258,2.84853852428005e-05,"PRMT2"
0.000996887267779488,-0.704419957337099,0.065,0.101,1,"C9orf72"
6.09685912604469e-05,-0.705119683731681,0.1,0.152,1,"AC106872.2"
7.60165061363936e-06,-0.713676666955529,0.085,0.144,0.169516808684158,"IL6ST"
2.84137986316916e-15,-0.716370350496943,0.326,0.473,6.33627709486722e-11,"PIK3IP1"
0.00054126269548292,-0.722184954665878,0.063,0.101,1,"DGKA"
0.000314270410427903,-0.727185737624548,0.078,0.121,1,"MTPAP"
4.36767214602197e-07,-0.737716731522747,0.142,0.22,0.009739908885629,"SFXN1"
3.65268125172339e-07,-0.739438488062728,0.081,0.146,0.00814547919134315,"ITPKB"
6.93886801897164e-17,-0.749738357971783,0.283,0.438,1.54736756823068e-12,"RCAN3"
1.83843934319412e-63,-0.759410916786908,0.787,0.924,4.09971973532289e-59,"GAS5"
1.35323524550626e-07,-0.776862788953987,0.149,0.228,0.00301771459747896,"OXNAD1"
3.71436687856124e-11,-0.789315627882526,0.163,0.274,8.28303813919157e-07,"CD8B"
1.41279933663816e-06,-0.794341329813524,0.078,0.141,0.031505425207031,"CCDC18-AS1"
2.02035934966896e-05,-0.812424127781354,0.057,0.104,0.450540134976179,"MSL3"
4.75596751358728e-84,-0.826037072681332,0.816,0.957,1.06058075552996e-79,"LRRC75A-AS1"
5.13648587956542e-09,-0.82701665518952,0.132,0.221,0.000114543635114309,"MLLT3"
0.00029449297229234,-0.845220807586968,0.064,0.103,1,"LDHBP2"
5.48999091440487e-06,-0.850614717295792,0.08,0.135,0.122426797391229,"AC020898.1"
3.32782053829739e-06,-0.850710843909774,0.092,0.152,0.0742103980040318,"ELK4"
9.92500827226189e-12,-0.851755114779583,0.189,0.303,2.2132768447144e-07,"CD55"
1.88086917310664e-21,-0.852510441708588,0.292,0.473,4.1943382560278e-17,"RGS10"
2.82729101064044e-08,-0.854140431773395,0.095,0.171,0.000630485895372817,"CBX5"
2.89458794643996e-08,-0.863853795130276,0.091,0.168,0.000645493112056112,"NELL2"
4.62624875594917e-40,-0.866364247783014,0.468,0.718,1.03165347257666e-35,"C6orf48"
5.55994397014321e-09,-0.867891537502623,0.113,0.197,0.000123986750534194,"PDE3B"
1.65917327061833e-12,-0.870322150638426,0.136,0.249,3.69995639347887e-08,"AC107075.1"
3.1844171260603e-10,-0.877340859213942,0.121,0.212,7.10125019111446e-06,"MAL"
7.89820284868655e-07,-0.902253501872837,0.07,0.13,0.017612992352571,"AL662844.4"
1.64579472351148e-25,-0.926606067623224,0.222,0.419,3.6701222334306e-21,"SELL"
8.15755450055717e-07,-0.942145551679652,0.054,0.11,0.0181913465362425,"ICA1L"
4.8904346826277e-07,-0.945338319072253,0.055,0.112,0.0109056693422598,"PARN"
1.29722640217385e-10,-0.94583029170226,0.111,0.208,2.89281487684768e-06,"GABPB1-AS1"
1.28590310969034e-07,-0.947676822646631,0.059,0.121,0.00286756393460946,"ANKRD49"
9.41072307663836e-07,-0.951315586849438,0.082,0.143,0.0209859124609035,"PRKCA"
2.93870452259349e-06,-0.953540950596327,0.053,0.105,0.0655331108538348,"TMEM41B"
5.50925002901478e-15,-0.96626108915214,0.172,0.305,1.2285627564703e-10,"ATM"
9.42722275052852e-09,-0.992996042570638,0.089,0.166,0.000210227067336786,"ABLIM1"
7.55519802508935e-08,-1.01776132739413,0.061,0.124,0.00168480915959493,"TGFBR2"
6.16587578862544e-10,-1.1281826403133,0.083,0.163,1.37499030086347e-05,"LYRM4"
9.47618220690834e-08,-1.14100053059098,0.063,0.124,0.00211318863214056,"PRKCQ-AS1"
3.87594441292566e-24,-1.16193210253057,0.146,0.32,8.64335604082421e-20,"ITPKB-IT1"
4.31668998083653e-11,-1.162655933087,0.071,0.156,9.62621865726545e-07,"SPINT2"
1.04639264473813e-17,-1.19545259493978,0.129,0.264,2.33345559776604e-13,"SH3YL1"
5.11140909192587e-08,-1.21272162588432,0.049,0.106,0.00113984422749947,"LYPD3"
5.92282039252901e-12,-1.24535939719336,0.076,0.166,1.32078894753397e-07,"SAMHD1"
5.0189384732646e-14,-1.28299238210153,0.067,0.163,1.11922327953801e-09,"BEX3"
1.09304814275685e-18,-1.37051266133116,0.102,0.232,2.43749735834777e-14,"LEF1"
3.60296024082883e-10,-1.37468835668884,0.045,0.113,8.03460133704828e-06,"CARS"
1.71953612487359e-11,-1.40475688010239,0.045,0.12,3.83456555846811e-07,"FAM117B"
5.03542524491461e-12,-1.44006982826318,0.055,0.137,1.12289982961596e-07,"PDK1"
4.04139294958696e-31,-1.46733640445656,0.136,0.33,9.01230627757891e-27,"SERINC5"
8.97810873131331e-29,-1.47983646086469,0.114,0.293,2.00211824708287e-24,"CCR7"
2.90295966269593e-11,-1.52537598588104,0.04,0.11,6.47360004781192e-07,"CHRM3-AS2"
1.49488299233041e-31,-1.72236728634796,0.117,0.303,3.33358907289681e-27,"AIF1"
1.19710527508189e-13,-1.72593181657804,0.034,0.112,2.66954476343261e-09,"C1orf228"
1.09741629264121e-13,-1.77007567163394,0.036,0.114,2.44723833258991e-09,"GCNT4"
7.79915290660436e-12,-1.81936577812768,0.032,0.1,1.73921109817277e-07,"IGF1R"
3.55815788392265e-18,-1.95685680082019,0.034,0.13,7.9346920811475e-14,"TXK"
2.01700118740937e-14,-2.29714979169164,0.029,0.104,4.4979126479229e-10,"TCEA3"
1.53310783907987e-30,-2.41069048407356,0.038,0.182,3.41883048114811e-26,"FHIT"
9.5405678794213e-25,-2.42015471207783,0.028,0.143,2.12754663711095e-20,"ACTN1"
9.06368701413652e-43,-3.2447465616961,0.018,0.184,2.02120220415244e-38,"LINC02446"
1.77572533871765e-45,-5.87017045310086,0.003,0.157,3.95986750534037e-41,"NOG"
