"p_val","avg_log2FC","pct.1","pct.2","p_val_adj","gene"
1.30930233195311e-30,3.98122346225675,0.337,0.031,2.91974420025545e-26,"CD8B"
8.50843519417245e-69,3.8125901492646,0.643,0.076,1.89738104830046e-64,"TRAC"
9.88133686613185e-13,3.53320990396918,0.153,0.015,2.2035381211474e-08,"CD5"
6.36601316906188e-20,3.36341428910758,0.232,0.02,1.4196209367008e-15,"ZNF683"
1.81897699051713e-105,3.15982129763222,0.875,0.14,4.0563186888532e-101,"CD3D"
9.62999397917794e-34,3.04514184726381,0.453,0.097,2.14748865735668e-29,"TRGC2"
7.67272757880022e-12,2.90637616217387,0.145,0.015,1.71101825007245e-07,"A2MP1"
8.30553161062463e-67,2.83550110311763,0.692,0.109,1.85213354916929e-62,"CD3E"
1.9829185857048e-11,2.47989148914909,0.173,0.033,4.4219084461217e-07,"ANXA5"
4.22525023656285e-29,2.37185886939386,0.456,0.125,9.42230802753515e-25,"CD8A"
7.36519066168301e-11,2.31498657497872,0.179,0.041,1.64243751755531e-06,"BCL11B"
1.26734997909836e-06,2.29703782771727,0.104,0.023,0.0282619045338934,"MTFP1"
1.64853586346356e-46,2.19892531496913,0.574,0.099,3.67623497552374e-42,"CD3G"
1.23810448112341e-104,2.17599021326471,0.973,0.45,2.76097299290521e-100,"CD52"
1.42533682962537e-07,1.89619317168165,0.137,0.036,0.00317850113006458,"CHCHD10"
1.97738825212103e-11,1.80237433697615,0.235,0.069,4.4095758022299e-07,"KLRG1"
1.30332418919042e-05,1.7276110390729,0.121,0.041,0.290641294189464,"IL7R"
1.3103903228905e-35,1.72102655970211,0.728,0.354,2.92217042004581e-31,"TRBC2"
3.91064869579435e-12,1.7112352443075,0.238,0.064,8.7207465916214e-08,"A2M"
3.75819305357189e-05,1.61684694207496,0.115,0.041,0.838077050946531,"PDE4B"
8.21356515874846e-06,1.57448065475486,0.134,0.048,0.183162503040091,"CDC25B"
3.65827972945566e-05,1.52571588734597,0.137,0.056,0.815796379668612,"PLP2"
7.512302123305e-13,1.4978583606275,0.319,0.117,1.67524337349702e-08,"CLEC2D"
3.7532387031964e-05,1.42732351307017,0.121,0.043,0.836972230812797,"AC016831.1"
4.83044801417071e-39,1.41560365503753,0.795,0.392,1.07718990716007e-34,"TOB1"
2.1970421317442e-06,1.40376879947632,0.232,0.117,0.0489940395378956,"TRGC1"
0.000112448635024669,1.38741919819557,0.107,0.038,1,"SELENOM"
1.72745261116744e-06,1.35845776655379,0.151,0.051,0.038522193229034,"AC016831.5"
5.60682854055297e-22,1.35710650549845,0.597,0.277,1.25032276454331e-17,"VIM"
3.26272028905744e-06,1.33605649571357,0.156,0.056,0.0727586624459809,"MT1X"
1.28560441003376e-11,1.27862594020295,0.339,0.14,2.86689783437529e-07,"LINC01871"
7.7369297145634e-06,1.27664198978945,0.151,0.056,0.172533532634764,"MIAT"
3.97546744360056e-12,1.25870915317831,0.336,0.13,8.86529239922924e-08,"HLA-DPA1"
1.23624961786523e-07,1.25568867442344,0.218,0.087,0.00275683664783946,"RGS10"
1.76976317784182e-44,1.24449944288158,0.913,0.555,3.94657188658725e-40,"CXCR4"
0.00026223387170901,1.19175763931123,0.137,0.064,1,"C4orf48"
1.45467788641635e-15,1.16355364314273,0.443,0.183,3.24393168670847e-11,"CD44"
2.1159890119598e-06,1.14228779451423,0.198,0.084,0.0471865549667035,"PRDX2"
3.22969762978152e-08,1.13706902288207,0.247,0.099,0.00072022257144128,"CD6"
1.16794633853352e-07,1.12968182123546,0.212,0.081,0.00260452033492974,"RGCC"
6.76728106011657e-14,1.1116214039731,0.476,0.221,1.509103676406e-09,"HLA-DPB1"
0.0010512151526389,1.09829095359761,0.101,0.043,1,"AC007182.2"
0.000144094911942906,1.09685359767322,0.118,0.046,1,"LINC00513"
0.000179418387862098,1.09516920603957,0.18,0.094,1,"HLA-DRB1"
7.04694183589844e-05,1.08038306168851,0.169,0.079,1,"RPS26P11"
0.00014242824093849,1.07083143263252,0.156,0.074,1,"PATL2"
6.04331765821958e-10,1.06570385837859,0.402,0.204,1.34765983778297e-05,"CD2"
1.30533774333582e-34,1.05571026738605,0.901,0.595,2.91090316763887e-30,"GZMH"
1.65501980038163e-11,1.05487411520111,0.435,0.206,3.69069415485103e-07,"AC005912.1"
6.01762673255288e-07,1.04817294268275,0.234,0.104,0.0134193076135929,"AL669983.1"
0.000384756273397756,1.04622476540729,0.105,0.041,1,"AC013248.2"
0.00206000660211297,1.04496913362975,0.11,0.053,1,"LMNA"
0.000400554042127794,1.03820162687634,0.133,0.061,1,"RPS26P15"
4.1824115266991e-12,0.981197841657684,0.501,0.272,9.326777704539e-08,"LYAR"
4.83117455728815e-07,0.97644000934459,0.246,0.112,0.0107735192627526,"AL033519.2"
0.000612729356813776,0.965763986302421,0.118,0.051,1,"DANCR"
2.40794316007041e-06,0.913130994552457,0.258,0.13,0.05369713246957,"AC026254.2"
9.51788851020559e-15,0.912109572708716,0.652,0.377,2.12248913777585e-10,"AL590867.2"
0.00102933505147874,0.905942810655833,0.168,0.094,1,"RORA"
0.000441406901463702,0.902226104488043,0.157,0.079,1,"ITGB1"
0.00192924940546772,0.899738981311297,0.119,0.059,1,"AC090543.2"
2.63301410337473e-06,0.894344404282901,0.267,0.137,0.0587162145052565,"AC104563.1"
2.51123882628981e-08,0.881257431254169,0.35,0.178,0.000560006258262628,"AC058791.1"
0.00754537197988216,0.864882410765682,0.102,0.053,1,"SFXN1"
0.00376778069900274,0.863221247308043,0.128,0.069,1,"IGHGP"
0.0152781757766597,0.856003039854977,0.111,0.064,1,"RASGEF1B"
7.07099225815294e-34,0.852122693079277,0.96,0.56,1.5768312735681e-29,"IL32"
4.79512474886129e-10,0.851694518920639,0.577,0.364,1.06931281899607e-05,"S100A10"
0.000118925776239461,0.838816760214625,0.212,0.112,1,"MGST3"
4.02526263111928e-05,0.836321241481304,0.235,0.125,0.8976335667396,"AC092017.2"
3.02349670074036e-10,0.831507198972798,0.559,0.338,6.74239764265099e-06,"CD48"
0.000285050911948775,0.830535718484206,0.191,0.102,1,"AC090498.1"
4.09830520030573e-41,0.819871721011262,0.989,0.898,9.13922059668178e-37,"S100A4"
4.37903416432576e-25,0.819578096459477,0.907,0.69,9.76524618644644e-21,"AC099336.2"
0.00131109908455179,0.817544270118302,0.116,0.053,1,"MT2P1"
6.72473665573681e-23,0.808574248480143,0.875,0.677,1.49961627422931e-18,"AC116533.1"
1.04046634025417e-06,0.804940061320749,0.35,0.193,0.0232023993876681,"AC107032.1"
1.25845865713239e-12,0.793391593638342,0.653,0.389,2.80636280540523e-08,"AC079250.1"
0.000252318743324599,0.783243476590584,0.156,0.074,1,"RPL21P39"
0.000583281957365576,0.773577507435543,0.133,0.061,1,"NME2P1"
1.3686581218415e-34,0.772441244362696,0.966,0.822,3.05210761170655e-30,"AP001324.1"
0.000389934900436489,0.760382240539216,0.166,0.084,1,"PDCD5"
0.0164682077851388,0.757620931438629,0.128,0.079,1,"LONP2"
1.02240109484179e-07,0.753275605196668,0.394,0.216,0.00227995444149719,"RPLP0P6"
1.50944492345484e-06,0.743360504757142,0.4,0.234,0.0336606217930429,"ERP29"
5.25110483529029e-06,0.730989308284368,0.347,0.201,0.117099637826974,"RPL23AP65"
0.00233490042329573,0.728322217499674,0.18,0.107,1,"EEF1A1P6"
0.000239484576546083,0.725037034640137,0.215,0.12,1,"RPL35P1"
0.00584004350388815,0.719385561805034,0.108,0.056,1,"GSPT1"
0.00011300429836934,0.719245792129858,0.275,0.163,1,"SAMSN1"
0.00264594623312215,0.717252848753019,0.134,0.071,1,"RPS26P8"
0.0121450311265729,0.706990066364117,0.121,0.071,1,"SRRT"
4.14734577038167e-06,0.70691950591444,0.369,0.209,0.0924858106795113,"C12orf57"
2.16319060228684e-70,0.704545500054098,1,0.995,4.82391504309965e-66,"RPS12"
0.00307814638563994,0.700766742714398,0.157,0.089,1,"AC010468.1"
0.000203365289748462,0.698287750073183,0.26,0.15,1,"AC136632.1"
1.81075555417648e-07,0.694851499287864,0.54,0.346,0.00403798488581356,"AC019205.3"
0.00083905012539685,0.68500267308364,0.18,0.099,1,"EEF1A1P13"
2.30886964853327e-85,0.679323227858396,0.998,1,5.14877931622919e-81,"RPS27"
0.0163601588333046,0.677284363148264,0.131,0.081,1,"PAFAH1B1"
2.97194902352012e-07,0.676797094194304,0.498,0.308,0.00662744632244986,"AC005840.1"
0.000177889486952945,0.674118492004846,0.31,0.188,1,"AC246787.1"
0.00140102732845191,0.671856754174191,0.189,0.109,1,"PIK3IP1"
5.15557890099256e-18,0.671784251355817,0.876,0.664,1.14969409492134e-13,"RPS20P14"
2.02236401460615e-09,0.66525675331518,0.64,0.433,4.50987175257171e-05,"RPL21P75"
2.24003636996168e-48,0.664499223209817,0.989,0.98,4.99528110501454e-44,"RPS25"
0.00095715762676995,0.66211602093564,0.224,0.135,1,"EML4"
1.64683516509547e-47,0.66111751906534,0.995,0.969,3.67244241816289e-43,"RPS4X"
2.32015446621094e-07,0.660589395240337,0.504,0.313,0.00517394445965039,"AC034236.1"
7.55776273384393e-18,0.659584005078256,0.933,0.735,1.6853810896472e-13,"S100A6"
8.29156797473857e-07,0.658144870880156,0.534,0.361,0.018490196583667,"AL139095.2"
6.9483636681044e-24,0.654196091728191,0.96,0.804,1.54948509798728e-19,"RPL18AP3"
0.00211449166276003,0.652058112111458,0.176,0.102,1,"RPS27AP11"
1.34058088772336e-49,0.650761992723907,0.998,0.982,2.9894953796231e-45,"RPS29"
2.35792636593483e-12,0.650114375421183,0.824,0.639,5.25817579603468e-08,"RPL13AP5"
0.00839780729164251,0.650110674691214,0.125,0.071,1,"ATP1A1"
0.0167315741448473,0.647865648510523,0.118,0.069,1,"ZBTB44"
0.00169998407710939,0.643464420590487,0.168,0.094,1,"AC006463.2"
0.00681885235200478,0.641965719852361,0.144,0.081,1,"AC122718.1"
5.91675153544474e-35,0.637784400687526,0.991,0.947,1.31943559240418e-30,"AC073861.1"
0.00975557062626982,0.6375992422645,0.111,0.061,1,"TANK"
0.00183328017185461,0.637431971455939,0.185,0.109,1,"TMEM123"
0.0290385882310414,0.635032388844728,0.15,0.102,1,"SERPINB9"
0.00794964228547789,0.632923902452972,0.121,0.066,1,"AL122020.1"
3.5830413716398e-07,0.630787279186745,0.568,0.384,0.00799018225875676,"AC026403.1"
8.02288574344526e-63,0.626561778913367,0.995,0.997,1.78910352078829e-58,"RPS14"
3.90181857275515e-05,0.623969211227728,0.36,0.224,0.870105541724399,"RPS15AP1"
5.52262147782052e-36,0.623583567554325,0.988,0.959,1.23154458955398e-31,"RPL38"
3.12193130336574e-15,0.621617180371452,0.879,0.692,6.9619068065056e-11,"RPL34P18"
0.0338943768877096,0.611485494042771,0.107,0.066,1,"SEPT1"
0.0047322444346775,0.609819651572114,0.115,0.059,1,"SCAMP2"
0.000239450962957511,0.609556675089831,0.267,0.155,1,"AC099560.2"
0.000345594607084437,0.608740216244867,0.357,0.237,1,"DNAJB1"
0.00103702471178061,0.608398604645924,0.264,0.165,1,"RPL35P5"
0.000954075336800733,0.607787360894593,0.269,0.17,1,"ISG20"
3.16804285847503e-05,0.604796955418787,0.371,0.226,0.706473557439932,"TUBA4A"
5.43107096722751e-06,0.602084603106237,0.406,0.247,0.121112882569174,"AC079140.2"
0.0134468671865907,0.601888273704801,0.131,0.079,1,"S1PR1"
0.00539029815385223,0.597994790440333,0.212,0.137,1,"TMEM14B"
0.0025636840590925,0.59411155296601,0.206,0.125,1,"RPL17P36"
0.0203673652998602,0.591561667630054,0.159,0.104,1,"SSR3"
0.00117866953886605,0.591364293798555,0.238,0.145,1,"RPL10P12"
0.0180074012630117,0.590965852611463,0.163,0.107,1,"RPS10"
2.49087881648671e-05,0.590566588335827,0.363,0.216,0.555465976076535,"SPOCK2"
0.00142728400815338,0.589147695318338,0.163,0.089,1,"CD320"
0.0138607262887924,0.58819326828729,0.154,0.097,1,"THOC7"
0.00459636218286026,0.588148184345438,0.157,0.092,1,"RPL21P131"
2.53123655068475e-49,0.587809489964657,1,0.995,5.644657508027e-45,"RPS18"
4.80011780398983e-05,0.58425846525737,0.388,0.239,1,"RPL7P1"
1.1336574330216e-53,0.582509925678557,1,0.995,2.52805607563816e-49,"RPS3"
1.15841644893921e-25,0.582326204850928,0.979,0.88,2.58326868113445e-21,"RPL23A"
1.89695746557413e-08,0.581252248003906,0.728,0.547,0.000423021514823031,"RPS4XP11"
1.38303293180602e-39,0.576047114146613,0.998,0.977,3.08416343792742e-35,"RPL18A"
0.02005701852204,0.572798357373908,0.154,0.102,1,"RHEB"
4.33295794016245e-23,0.567346432107049,0.966,0.868,9.66249620656226e-19,"AC012618.1"
0.0025397082642119,0.567268891844652,0.246,0.158,1,"RPL9P7"
0.033900084178551,0.566861579226416,0.15,0.102,1,"SELL"
3.53866603456725e-08,0.565625721579713,0.73,0.547,0.000789122525708496,"RPS23"
5.07080704681919e-54,0.564258828568972,1,1,1.13078997144068e-49,"RPL13A"
0.0191760749721825,0.563096911265353,0.185,0.125,1,"AC004448.1"
1.1253508807406e-40,0.558162032902809,0.992,0.99,2.50953246405154e-36,"RPS26"
6.89512082699975e-31,0.557638983876499,0.994,0.964,1.53761194442094e-26,"RPL26"
1.66910376126165e-35,0.557138893040483,0.989,0.977,3.72210138761349e-31,"RPS20"
1.02044593634691e-47,0.555429015346665,0.998,0.995,2.2755944380536e-43,"RPL34"
0.016858833005016,0.553575378892477,0.194,0.13,1,"ANXA2R"
4.82985146178218e-05,0.553554557549158,0.51,0.344,1,"AC010343.1"
1.11810861848967e-33,0.548594883860585,0.997,0.962,2.49338221923195e-29,"RPS2"
0.00971038515897073,0.54540572706504,0.179,0.115,1,"GOLGA4"
0.000733778447638832,0.542913611062838,0.269,0.165,1,"RPS19P3"
0.0231606063951664,0.5415202796621,0.137,0.087,1,"RPS26P3"
0.00605232595852712,0.54054361687294,0.237,0.158,1,"AC078814.1"
6.92196110219511e-30,0.539801642455723,0.982,0.952,1.54359732578951e-25,"RPL14"
0.0112651282217749,0.539244269831349,0.133,0.076,1,"AC092155.2"
9.99524747866184e-05,0.535073110819237,0.571,0.415,1,"GAS5"
0.000284449393289541,0.535013034249568,0.46,0.333,1,"AL136968.2"
0.00199073570774293,0.534960189103894,0.275,0.183,1,"AL121612.1"
6.58423108914254e-05,0.533243673930628,0.528,0.384,1,"RPSAP58"
6.0209697867422e-26,0.53282326627941,0.991,0.952,1.34267626244351e-21,"RPS21"
0.026513706282659,0.530578084620421,0.179,0.125,1,"RPL7P23"
0.0313525925571534,0.530213025582049,0.154,0.104,1,"RPS2P7"
0.000188351583737577,0.529517963463475,0.348,0.221,1,"FNBP1"
0.00226968988720602,0.528610686624215,0.302,0.204,1,"RPL41P2"
0.00809891716826666,0.527224313366445,0.169,0.104,1,"HSPB1"
2.40810361247798e-45,0.524627456245883,0.998,0.99,5.37007105582589e-41,"RPL27A"
6.06878652952128e-12,0.522620123334602,0.86,0.715,1.35333939608324e-07,"AC008038.1"
2.01981069059541e-38,0.518079640825999,0.998,0.995,4.50417784002777e-34,"RPL39"
7.53979975881369e-29,0.516965151067104,0.995,0.969,1.68137534621545e-24,"RPL3P4"
0.0125203835704522,0.516747739879372,0.14,0.087,1,"MCUB"
0.000362998956851989,0.516203915887642,0.305,0.188,1,"AP000936.3"
9.31221819616667e-09,0.514209545266068,0.808,0.672,0.000207662465774517,"RPL13AP25"
0.0252987753003833,0.513639074197743,0.107,0.064,1,"TNFAIP8"
1.05273448667633e-05,0.512054912407057,0.606,0.422,0.234759790528822,"RPL4P4"
1.98549185152765e-13,0.512010870473743,0.937,0.796,4.42764682890665e-09,"TOMM7"
0.00411885529072372,0.510176003216442,0.154,0.087,1,"AL592114.1"
2.93120745967019e-25,0.508904448135493,0.991,0.949,6.53659263506453e-21,"RPL36"
0.000717144768657515,0.508544650385257,0.443,0.313,1,"MT2A"
5.82430367119745e-06,0.507457524816452,0.589,0.392,0.129881971867703,"ANXA1"
0.000322017798753153,0.506191202946105,0.276,0.165,1,"AHNAK"
0.000211442865975493,0.50596215778397,0.383,0.257,1,"EEF1A1P5"
5.80184525853363e-05,0.50294065902817,0.544,0.369,1,"RPS15AP17"
0.0255202431194714,0.501514510290498,0.163,0.109,1,"RPS7P3"
0.0362793420422375,0.499639174298693,0.101,0.061,1,"RPL12P12"
0.183941234556523,0.499335217707646,0.118,0.089,1,"FAM162A"
9.4045793762428e-39,0.499041065664326,1,1,2.09722120090215e-34,"RPS19"
7.4372350411169e-35,0.49842141429555,0.991,0.985,1.65850341416907e-30,"RPL31"
0.0132024250782819,0.493203746428664,0.202,0.132,1,"AC131235.1"
0.00137232683334499,0.492342105378512,0.334,0.224,1,"MT-ND4L"
1.61225382861952e-12,0.491534625358779,0.918,0.807,3.59532603782153e-08,"RPLP0"
2.98250714206157e-20,0.489310604278409,0.986,0.941,6.6509909267973e-16,"RPL41"
1.60941801965731e-14,0.488116512173314,0.939,0.845,3.58900218383581e-10,"AC022431.1"
0.0332791219667587,0.485885642415,0.124,0.079,1,"TXNDC12"
0.0688038404557315,0.479117153200156,0.102,0.069,1,"RPL17P34"
6.34135207159477e-35,0.47858897502692,0.995,0.987,1.41412151196563e-30,"RPL19"
6.1331828377849e-07,0.477894039733358,0.75,0.567,0.0136769977282603,"RPS28P7"
1.46796973841645e-38,0.477415962808121,1,0.995,3.27357251666869e-34,"RPL32"
0.0134579329999539,0.477243169311605,0.276,0.198,1,"AC009245.1"
2.38223160135736e-08,0.476320533771064,0.797,0.644,0.000531237647102691,"RPL21P16"
0.0225554732510389,0.474271563199263,0.168,0.112,1,"RASGRP1"
0.000330475974379414,0.473603798802782,0.449,0.308,1,"RPL5P17"
1.22119337488721e-26,0.46918039366698,0.994,0.975,2.72326122599848e-22,"RPS16"
0.048920849210492,0.468522856447405,0.145,0.099,1,"RPS7P11"
0.00689764310435192,0.465420683832509,0.327,0.237,1,"AC087190.1"
3.97595369807777e-05,0.464974524960295,0.669,0.519,0.886637674671343,"RPSAP19"
0.0595631851553089,0.46262455087387,0.163,0.117,1,"FTLP3"
5.96972995885233e-30,0.462455290488164,0.995,0.987,1.33124978082407e-25,"RPL35A"
0.0104377347381985,0.462023391595701,0.263,0.183,1,"AL136454.1"
1.04825596839105e-31,0.459525780653236,0.998,0.995,2.33761080951204e-27,"RPL11"
0.00124250378561347,0.458440680472019,0.272,0.17,1,"AC067942.1"
4.53469019059751e-36,0.452709869977553,0.998,0.995,1.01123591250325e-31,"RPS15A"
0.0848235465793332,0.452552150233448,0.115,0.079,1,"PIM1"
2.85705953756324e-41,0.450619913911878,1,0.997,6.37124276876602e-37,"RPL21"
2.75014922980964e-14,0.449300044027173,0.96,0.908,6.1328327824755e-10,"RPSA"
0.00397880093671839,0.447708226276744,0.276,0.186,1,"Z74021.1"
4.47376073189748e-37,0.445473089154953,0.998,0.995,9.97648643213138e-33,"RPLP2"
0.00658006886082431,0.445129817086959,0.409,0.295,1,"RPS23P8"
0.00500175272350709,0.444877870012263,0.339,0.239,1,"RPS3AP6"
0.0673315243365735,0.442722318583939,0.108,0.071,1,"WNK1"
1.3169089712721e-07,0.442628051854156,0.802,0.641,0.00293670700593679,"PPP2R5C"
0.00023315906541774,0.438311504495574,0.597,0.44,1,"STK17B"
0.00239039187669896,0.437898245684476,0.282,0.186,1,"ISCU"
9.60962865583273e-33,0.437301248402968,1,0.992,2.1429471902507e-28,"RPL28"
5.10655877750343e-24,0.43653725278469,0.994,0.972,1.13876260738327e-19,"RPL35"
4.5586026080519e-31,0.435780220771322,0.998,0.987,1.01656838159557e-26,"RPL3"
1.92998758365093e-12,0.430050704140184,0.937,0.837,4.30387231154158e-08,"RPL30"
2.95649722428439e-19,0.428875796125175,0.991,0.959,6.5929888101542e-15,"RPL10A"
0.0265780364069673,0.428308629954791,0.217,0.155,1,"SMCHD1"
0.00375123563556628,0.427010203517938,0.383,0.277,1,"YWHAQ"
0.0764335099509583,0.425314296614234,0.105,0.071,1,"PA2G4P6"
1.21593325039232e-18,0.42473517692071,0.98,0.936,2.71153114837487e-14,"RPL7P9"
0.00506903886066139,0.424247845907211,0.51,0.392,1,"TNFAIP3"
8.48547838907984e-22,0.423282161611507,0.995,0.98,1.8922616807648e-17,"RPS28"
0.00172878189459078,0.423162956642617,0.409,0.28,1,"GSTK1"
0.0457079545542885,0.423146176023912,0.144,0.097,1,"TRG-AS1"
1.37856495737108e-12,0.422112505271084,0.933,0.812,3.07419985493751e-08,"RPS27AP16"
0.000130382134761202,0.42202040557848,0.71,0.545,1,"HMGB2"
0.125644714851103,0.421478274782092,0.104,0.074,1,"C8orf59"
3.11455778843655e-16,0.417488556286771,0.973,0.944,6.9454638682135e-12,"EEF1A1"
0.0154743192756891,0.417288019436892,0.31,0.234,1,"RPL13AP7"
0.0815089669908657,0.416742376978486,0.113,0.076,1,"GBP2"
0.0394157594806346,0.416584626462798,0.107,0.066,1,"RHOT2"
0.00121882048726243,0.416395714754415,0.34,0.224,1,"TXN"
0.00248587312851879,0.415906400377738,0.479,0.354,1,"ZFAS1"
0.000858917230649467,0.414797940357208,0.397,0.275,1,"LDHB"
3.32724985282339e-28,0.414488263862154,1,0.995,7.41976717179616e-24,"RPS6"
0.0564097793051267,0.413719311245897,0.125,0.084,1,"CMC2"
0.0568532843713862,0.412758881095678,0.232,0.178,1,"FBL"
0.00153097512860281,0.411272332661455,0.29,0.186,1,"TBCA"
0.0612558301301105,0.410561581124637,0.166,0.117,1,"CWC15"
0.119958512334287,0.410125965761011,0.101,0.071,1,"TNIP2"
0.0143319658988393,0.410014529196498,0.206,0.135,1,"TNFRSF14"
2.61074700781068e-09,0.409181474710071,0.904,0.819,5.82196582741782e-05,"AC024293.1"
5.99217901572322e-29,0.408971433816504,1,0.987,1.33625592050628e-24,"RPL13"
0.062672618374436,0.408394934884913,0.136,0.092,1,"RPS2P55"
2.89424538332687e-08,0.407361710219996,0.85,0.69,0.000645416720481893,"RPS7P10"
6.85505547595467e-06,0.407253834039488,0.791,0.667,0.152867737113789,"RPS4Y1"
2.31851459276068e-10,0.406393174667475,0.918,0.827,5.17028754185631e-06,"RPS7P1"
0.00140586259464879,0.405770485688891,0.502,0.374,1,"RPL10P6"
2.25593149858363e-05,0.403888411228106,0.788,0.672,0.50307272418415,"RPL10P9"
0.00256264725163761,0.402554221058052,0.501,0.387,1,"AC068724.1"
0.0617203058459868,0.402287162161787,0.108,0.071,1,"AATF"
0.00345769579053674,0.401915491774634,0.466,0.344,1,"AC026366.1"
1.2161743194089e-23,0.39853720775114,0.994,0.987,2.71206873228184e-19,"RPS17"
2.1808328339117e-13,0.396927322867392,0.982,0.919,4.86325721962308e-09,"AC007969.1"
0.0551983460084383,0.394999192221966,0.15,0.102,1,"PPA1"
4.54692774393408e-18,0.393443181278236,0.989,0.98,1.0139648868973e-13,"RPS8"
0.0455901922288815,0.390716331756545,0.11,0.069,1,"SRPRA"
0.00714590109863089,0.388760471578545,0.261,0.181,1,"ZC3HAV1"
0.159781946599459,0.387767443607277,0.113,0.084,1,"AL450405.1"
1.1466423121825e-06,0.386974035625177,0.89,0.796,0.0255701235616698,"MT-ND5"
6.60428906687584e-21,0.384433769607759,0.995,0.975,1.47275646191331e-16,"RPS7"
0.00125278704685317,0.384325165876496,0.627,0.496,1,"AL049873.1"
0.0156565202135956,0.384008024095936,0.25,0.17,1,"AC087343.1"
0.183463155072754,0.381704162682536,0.11,0.081,1,"BOLA3"
2.60716249591437e-07,0.378854031598404,0.893,0.756,0.00581397236588904,"AP005202.1"
0.0156252925620492,0.378594167715836,0.18,0.115,1,"FDX1"
0.00021634536528775,0.378170269571936,0.721,0.562,1,"NPM1"
0.185899334676207,0.377305782562078,0.104,0.079,1,"NME4"
0.0994861853387937,0.375001787899937,0.124,0.087,1,"ANKRD28"
0.000357907200665619,0.372516929103048,0.699,0.562,1,"RPL7AP6"
0.0144768400330436,0.37026541772254,0.269,0.188,1,"SBDS"
2.59389727143116e-20,0.369346773762884,0.991,0.975,5.78439091529148e-16,"RPL7"
0.000226994613255052,0.367405289211686,0.58,0.415,1,"FXYD5"
4.99607061668907e-09,0.366057546864824,0.954,0.868,0.000111412374752166,"RPL23"
1.1258702449756e-28,0.365611672106122,0.998,1,2.5106906462956e-24,"RPS27A"
0.0680978610648681,0.362775682077136,0.115,0.076,1,"PFDN1"
0.000127183991033109,0.359803911906755,0.533,0.364,1,"RPL21P28"
6.41601848981384e-21,0.357030147043043,0.995,0.99,1.43077212322849e-16,"RPL9"
1.94522322037331e-18,0.355680311733036,0.998,0.995,4.33784778143248e-14,"RPS15"
0.00113418293524355,0.355222234013672,0.534,0.384,1,"HSPA8"
0.00674287827057844,0.353351522708479,0.434,0.316,1,"EIF3H"
6.23327195191696e-14,0.353303681956476,0.994,0.959,1.39001964527748e-09,"RPL6"
3.71539327935871e-07,0.352130036112746,0.924,0.814,0.00828532701296992,"RPL10P16"
0.114784653183546,0.351887614096899,0.16,0.12,1,"CST3"
0.00713435385183503,0.345713931534541,0.227,0.148,1,"PKM"
4.89776575721803e-15,0.344333212433913,0.991,0.975,1.09220176385962e-10,"RPS13"
0.0224479754180581,0.34252707040074,0.293,0.214,1,"CYTOR"
0.062067035370183,0.34163924969654,0.197,0.145,1,"AL591846.1"
0.000212500224403962,0.339649787577652,0.731,0.606,1,"AC073621.1"
0.188915152313411,0.338131157591904,0.148,0.115,1,"NR3C1"
0.0288200675891095,0.336500565486744,0.246,0.178,1,"MRPS21"
0.00917458974590487,0.334594271067998,0.545,0.417,1,"RPS13P2"
0.0891398274980779,0.33457791615546,0.131,0.092,1,"METTL23"
1.15075223004836e-12,0.33430677621864,0.977,0.936,2.56617747300785e-08,"RPL9P9"
0.0145201164815916,0.333713886186987,0.588,0.473,1,"EIF3E"
0.0619139379882079,0.333579430685288,0.377,0.295,1,"SYNE2"
0.0612542592141234,0.331658107278139,0.163,0.117,1,"RPL24P7"
0.0224423313522703,0.327524523120995,0.256,0.181,1,"PEBP1"
0.0056108766839643,0.325884042323846,0.473,0.346,1,"NACA3P"
1.20620786890143e-11,0.325111494884626,0.997,0.98,2.68984354765019e-07,"MT-CYB"
0.0573326686325949,0.324003510047544,0.279,0.214,1,"ANKRD44"
0.0812807936532282,0.323887347887791,0.115,0.079,1,"RNF115"
0.0056955427768224,0.322794214651021,0.409,0.298,1,"AC004453.1"
0.000220251957524407,0.322636906606995,0.722,0.578,1,"NOP53"
0.0940596495452123,0.32246614342642,0.108,0.074,1,"KMT2A"
0.0388888536211264,0.318847685826323,0.276,0.204,1,"POLR1D"
0.0164013337289847,0.318688865962728,0.192,0.122,1,"REEP5"
0.118769229690315,0.318416347716317,0.124,0.089,1,"AIP"
0.0764512153138902,0.315723828936618,0.246,0.183,1,"EZR"
0.145403408519462,0.313956403520954,0.105,0.076,1,"CHMP1B"
0.192151036053622,0.313362518661445,0.166,0.132,1,"CITED2"
0.0988531229439385,0.305661745190777,0.241,0.191,1,"RAP1A"
0.0836955415268588,0.302890213603897,0.168,0.12,1,"SVIP"
0.0246904111912044,0.302539678802139,0.166,0.109,1,"MTND1P23"
0.00212544261885915,0.299699968279114,0.695,0.542,1,"RPL24P8"
0.015056577487963,0.299640089397386,0.273,0.191,1,"AC112191.2"
0.0764751704867543,0.29881010331465,0.14,0.099,1,"EMB"
0.0476241029495923,0.298160009999363,0.186,0.13,1,"AC018738.1"
4.15167928743142e-15,0.297793809379965,0.994,0.987,9.25824481097207e-11,"RPL37"
0.0224812628432563,0.297638306234823,0.296,0.219,1,"MARCH6"
0.0191566957535567,0.295817866522064,0.186,0.125,1,"CCDC88C"
0.0349297354992004,0.291297936976205,0.516,0.42,1,"KLF6"
0.0157362374501302,0.289965084120167,0.443,0.336,1,"RPS3AP26"
0.297549610131862,0.286812981807587,0.107,0.084,1,"HMGA1"
0.0311777111823563,0.285907905339242,0.159,0.104,1,"DDX21"
0.00764031936171562,0.285906285243699,0.617,0.506,1,"PTPRC"
0.167964564234408,0.285462940742784,0.169,0.13,1,"MRPL47"
2.9720627430798e-05,0.284996773649494,0.925,0.814,0.662769991706795,"SH3BGRL3"
0.0263804082426505,0.28467211988323,0.391,0.3,1,"TSPO"
5.22502490299738e-13,0.283867370877825,0.994,0.99,1.16518055336841e-08,"RPL27"
6.98672383361527e-10,0.283217094520277,0.98,0.962,1.5580394148962e-05,"RPL7A"
0.0268748607931796,0.282510988200216,0.163,0.104,1,"MRPS6"
0.0893473432325432,0.282329464786384,0.183,0.137,1,"EVI2B"
0.263546121686538,0.281720599580843,0.124,0.097,1,"KAT7"
0.00877676036004266,0.280359916254517,0.667,0.55,1,"FO393411.1"
0.0310424886409373,0.280240505769516,0.18,0.12,1,"MFSD10"
0.000106414319445197,0.27945108982374,0.905,0.837,1,"PFDN5"
0.221027593803945,0.278929172064855,0.133,0.102,1,"PRNP"
0.0133825682134653,0.278903196199161,0.757,0.662,1,"RPL7AP30"
0.0680723382937207,0.278088900025812,0.44,0.356,1,"RPL15P3"
1.42432087574926e-20,0.277135213231274,1,1,3.17623555292086e-16,"RPL10"
0.0563310622240672,0.276885416238487,0.4,0.31,1,"LRRFIP1"
0.292979667839525,0.275892636116056,0.134,0.109,1,"MRPL23"
0.0834314125109997,0.275591379416601,0.144,0.102,1,"RSF1"
0.11874983463176,0.274387222038727,0.258,0.201,1,"EIF4B"
6.52220037461816e-09,0.274316700319437,0.976,0.954,0.000145445068353985,"RPL8"
8.53177911164005e-14,0.273675612024905,0.995,0.995,1.90258674189573e-09,"RPS3A"
0.375021536556364,0.273525674947631,0.111,0.092,1,"ATP2B4"
4.6001246500301e-08,0.272609124712798,0.985,0.941,0.00102582779695671,"MT-ND1"
0.0977063034032747,0.271941707452012,0.208,0.155,1,"TAF1D"
0.019993378873554,0.271386940261412,0.482,0.372,1,"AC074033.1"
0.00604673256289335,0.270956853858198,0.771,0.679,1,"ZFP36L2"
2.12301658064288e-10,0.26974643237223,0.991,0.975,4.73432697483363e-06,"RPL29"
0.2142259579973,0.269216122884252,0.115,0.087,1,"DOCK8"
0.109178839066082,0.269119033792635,0.104,0.071,1,"PPIH"
0.0188424706083173,0.268714926757361,0.24,0.16,1,"CAPN2"
0.0706689063521186,0.267241740044788,0.16,0.112,1,"EEF1A1P11"
0.0393604510596556,0.265619781699711,0.298,0.219,1,"EIF3D"
0.254577664873715,0.265534297577167,0.188,0.155,1,"C19orf70"
1.68309807179302e-06,0.264431563214746,0.969,0.891,0.0375330870009843,"RPL24"
4.39617484541266e-10,0.261933027781946,0.992,0.995,9.80346990527024e-06,"MT-ND2"
0.126150869262604,0.260570334749696,0.145,0.107,1,"RALGAPA1"
0.0435577971711469,0.260213147878731,0.166,0.115,1,"NBDY"
0.0237652260403748,0.260180571857427,0.22,0.15,1,"CMPK1"
0.100561588170072,0.257993685950384,0.102,0.069,1,"ZNF511"
0.202081983934628,0.256165993379342,0.136,0.104,1,"DAP3"
0.0809296208536429,0.256077284440529,0.513,0.422,1,"AC096919.1"
4.05956671993303e-07,0.25572382789665,0.971,0.929,0.00905283378545065,"RPL5"
0.0113778116512447,0.254774693584594,0.731,0.646,1,"SARAF"
0.0656490040338021,0.254694232482035,0.195,0.142,1,"ORMDL1"
0.163044600769944,0.253162841432136,0.108,0.079,1,"NT5C3A"
1.46592747644138e-09,0.252816533072675,0.991,0.992,3.26901827246427e-05,"MT-ND3"
0.0999312417301425,0.252528139334068,0.405,0.331,1,"AC004057.1"
0.105470701413405,0.251247458411013,0.305,0.244,1,"NDUFB8"
1.06928313672417e-08,0.250142540991707,0.982,0.964,0.00023845013948949,"RPL18"
0.346281195856426,-0.25091922753729,0.202,0.214,1,"PTMAP5"
0.510948752134424,-0.251110639002832,0.14,0.148,1,"PLEKHJ1"
0.804191447056279,-0.253956765763204,0.119,0.12,1,"CCDC115"
0.252049094342538,-0.254640381605249,0.365,0.364,1,"SNU13"
0.112241032204054,-0.255005134194757,0.327,0.333,1,"SF3B6"
0.479240231271085,-0.256427999595909,0.154,0.165,1,"REL"
0.816005323469704,-0.256476608549204,0.169,0.163,1,"ARHGAP45"
0.0886700187344069,-0.257561924589335,0.36,0.379,1,"ENO1"
0.222630494131017,-0.257682968347953,0.289,0.298,1,"MGEA5"
0.353916813570872,-0.257955148631943,0.209,0.221,1,"FOXN3"
0.504467627713042,-0.258492184148164,0.191,0.193,1,"MEAF6"
0.458405203597235,-0.260217901365628,0.24,0.239,1,"RC3H1"
0.36363496916491,-0.261149407360122,0.4,0.384,1,"CUTA"
0.147328813194746,-0.261343703647685,0.279,0.298,1,"NDUFA3"
0.136250759037981,-0.261508886468779,0.328,0.341,1,"H2AFZ"
0.075562008397092,-0.262057355371139,0.301,0.326,1,"HBA1"
0.84354269697149,-0.262259175220395,0.16,0.155,1,"GTF3C6"
0.586311087448151,-0.26297554377211,0.15,0.153,1,"RPL29P11"
0.908988613325213,-0.263574616820035,0.118,0.115,1,"CAMTA1"
0.897950427504032,-0.26358683958589,0.104,0.102,1,"TMX1"
0.00152897851671872,-0.264115244534247,0.841,0.804,1,"ARHGDIB"
0.228824313812848,-0.264464731021364,0.173,0.193,1,"GIMAP7"
0.754394366255333,-0.264523890223194,0.116,0.117,1,"RBM5"
0.47836148528799,-0.264745087237529,0.162,0.168,1,"RCN2"
0.671064815118794,-0.264921612163815,0.208,0.204,1,"FAM133B"
0.861104270317465,-0.264934999822764,0.128,0.125,1,"CHCHD5"
1.92342554617223e-05,-0.265875971016874,0.96,0.967,0.428923896796407,"PTMA"
0.0346570659540782,-0.266072963552485,0.511,0.527,1,"YPEL5"
0.547265420595435,-0.26613909194948,0.157,0.163,1,"MANF"
0.481341586441429,-0.266628966420879,0.162,0.17,1,"LINC00869"
0.678159405628352,-0.267331924898344,0.099,0.104,1,"PPIP5K2"
0.548324664897812,-0.267630489308369,0.107,0.115,1,"FRG1"
0.49391040449551,-0.268636190672183,0.261,0.252,1,"GNG5"
0.36978319219814,-0.268964229029292,0.171,0.183,1,"SERPINB1"
0.0011530248109737,-0.269990662369104,0.658,0.667,1,"PABPC1"
0.0149988706253126,-0.270415075866575,0.452,0.476,1,"JTB"
0.672320263150487,-0.270505562156146,0.16,0.16,1,"PSMB2"
0.179131277412095,-0.270609840509789,0.282,0.298,1,"MCL1"
0.640308103945649,-0.271585131325179,0.113,0.117,1,"SLBP"
0.761506782780399,-0.271711274629533,0.241,0.224,1,"PRKCB"
0.227398530375617,-0.272199207661433,0.273,0.285,1,"SPCS2"
0.367402809618806,-0.273311992961375,0.107,0.122,1,"LSM2"
0.408254370624099,-0.273423607380112,0.148,0.16,1,"DDOST"
0.512431842436736,-0.27376825473663,0.093,0.102,1,"CCT3"
0.0985853670486125,-0.275787254792103,0.412,0.415,1,"ATP5G3"
0.370766158763446,-0.276348436479348,0.238,0.239,1,"DHRS7"
0.461638970148156,-0.276449632895913,0.116,0.127,1,"TSR2"
0.689294127195337,-0.276834283043302,0.121,0.122,1,"H2AFY"
0.354247913725871,-0.277205913589306,0.429,0.397,1,"PSMB9"
0.828267600943077,-0.277767106395617,0.137,0.135,1,"HDAC1"
0.255020246446937,-0.278566297065884,0.362,0.356,1,"SCAND1"
0.708439629396897,-0.278742679263333,0.162,0.158,1,"RBM17"
0.394572727433896,-0.279104765473638,0.224,0.232,1,"ARHGEF1"
0.0100839902857101,-0.281370902930233,0.559,0.58,1,"CORO1A"
0.563309871266835,-0.28185130918761,0.107,0.115,1,"PSMA6P1"
0.747250456775666,-0.282029232717962,0.099,0.102,1,"RASA3"
0.11528507217823,-0.282754365272227,0.31,0.331,1,"AKNA"
0.268889103987231,-0.282916735632208,0.183,0.198,1,"MAPRE1"
0.275575280507827,-0.282924769196488,0.099,0.117,1,"RBM22"
0.518387383719773,-0.28425180452954,0.108,0.117,1,"POP7"
0.397980195085972,-0.284562736243165,0.14,0.153,1,"HINT1P1"
0.188606715705114,-0.284760983068593,0.33,0.328,1,"PGK1"
0.114613039490046,-0.285011137058507,0.171,0.204,1,"SLIRP"
0.608775552067255,-0.28527943849765,0.212,0.209,1,"DDX46"
0.218729654629563,-0.285501362290526,0.299,0.3,1,"ACAP1"
0.00251644264764476,-0.285577783620901,0.663,0.669,1,"PPIA"
0.368987242177515,-0.286612385922573,0.276,0.28,1,"PRPF38B"
0.199319348874004,-0.28677634903487,0.29,0.298,1,"SDCBP"
0.441843709105149,-0.287049577051657,0.128,0.14,1,"APLP2"
0.146394607637727,-0.287637657554473,0.211,0.234,1,"NDUFA2"
0.478444578534795,-0.288224435208957,0.173,0.178,1,"WDR1"
0.10484452881631,-0.288837379004078,0.405,0.41,1,"YWHAB"
0.904983453487516,-0.290060388541704,0.107,0.099,1,"ZNF121"
0.913530466880105,-0.290180134538254,0.139,0.127,1,"TMX4"
0.580265485497212,-0.290701402321849,0.111,0.117,1,"TPRKB"
0.591761749618726,-0.291592964456015,0.136,0.142,1,"TCF7"
0.536615463564948,-0.292124240340203,0.136,0.142,1,"PPP4C"
4.051771776078e-15,-0.292164712273725,0.998,0.997,9.03545106065393e-11,"EIF1"
0.479279452279838,-0.292382473281689,0.113,0.122,1,"PPIE"
0.148993984807154,-0.292457564457657,0.214,0.234,1,"WTAP"
0.120261251986396,-0.292941885968073,0.368,0.377,1,"SYF2"
0.0823466502693522,-0.293471766120393,0.255,0.28,1,"NDUFB10"
0.234291277771463,-0.294841178035966,0.293,0.3,1,"TUFM"
0.385440625107198,-0.295276209125287,0.119,0.132,1,"MRPL22"
0.625832227808023,-0.297669128559372,0.134,0.137,1,"AKIRIN2"
0.622870214768651,-0.297911269315378,0.205,0.201,1,"ETS1"
0.473161502693753,-0.297958907681094,0.098,0.107,1,"OXA1L"
0.0863345480104025,-0.298606706483519,0.13,0.165,1,"POLR3GL"
0.419777310732063,-0.29861178179239,0.159,0.168,1,"ANXA7"
0.204099123960219,-0.298709772222346,0.478,0.443,1,"CD74"
0.707142389394234,-0.29882932244077,0.147,0.148,1,"GRB2"
0.548981204376272,-0.299046390870249,0.113,0.12,1,"ASH1L"
0.663941847137727,-0.299494329655534,0.113,0.117,1,"OAT"
0.135694698225742,-0.299811698604771,0.232,0.254,1,"NDUFA11"
0.2273949782458,-0.301599367229364,0.188,0.206,1,"ISCA1"
0.678534376369083,-0.301620455493614,0.133,0.135,1,"MAP2K3"
0.4766696867343,-0.301635291519848,0.186,0.191,1,"COX14"
0.588677815256441,-0.301718150258732,0.098,0.104,1,"EFCAB14"
0.595334433016653,-0.301999667451676,0.13,0.135,1,"COPS6"
0.535817312269499,-0.302017103048138,0.118,0.125,1,"MRPS15"
0.00103026116110693,-0.302410687380209,0.602,0.626,1,"C14orf2"
0.660636732730603,-0.302536890540129,0.108,0.112,1,"BTN3A1"
0.465115542885125,-0.302888585947928,0.118,0.127,1,"C1orf43"
0.367518262290758,-0.303382442895401,0.194,0.204,1,"ATRX"
0.44547379684132,-0.303427171036464,0.09,0.102,1,"TMEM50B"
0.360333247382127,-0.303711358666966,0.115,0.13,1,"NUBP2"
0.463613204842506,-0.303815588001257,0.108,0.12,1,"GTPBP1"
0.60031142891142,-0.303835118602891,0.173,0.173,1,"SSNA1"
0.569203157536369,-0.303851863341227,0.18,0.181,1,"AC005921.3"
0.450447008125676,-0.305042153087283,0.115,0.125,1,"CCT4"
0.111427318885637,-0.30522487972826,0.157,0.188,1,"MCRIP1"
0.759484744106804,-0.305316450715089,0.113,0.115,1,"SLC38A2"
0.447446015453024,-0.305381687020762,0.211,0.214,1,"PTP4A2"
0.475056921253994,-0.305420783184625,0.113,0.122,1,"MRPL43"
0.588395082079857,-0.305671993385253,0.113,0.12,1,"GLG1"
0.552915041348654,-0.30681661944175,0.166,0.168,1,"VAMP5"
0.256408655927427,-0.307058657271751,0.18,0.196,1,"VPS29"
0.298058901546398,-0.30718104379419,0.258,0.26,1,"STRAP"
0.690144421807592,-0.307652950800259,0.099,0.104,1,"SIDT1-AS1"
0.405454309814898,-0.307986761203771,0.205,0.211,1,"SCAF11"
0.0392361968478526,-0.309094033754753,0.339,0.364,1,"NDUFB11"
0.62687091801571,-0.309833043190854,0.168,0.168,1,"ZNF394"
0.214685142234491,-0.309853051374915,0.301,0.305,1,"PRRC2C"
0.0388811945884707,-0.309887634270066,0.36,0.382,1,"SELENOT"
0.042762586072013,-0.310055236259533,0.316,0.344,1,"RAP1B"
9.57036195192492e-08,-0.310327677896391,0.918,0.941,0.00213419071527926,"HLA-E"
0.127675556429083,-0.310634995732361,0.261,0.28,1,"ATF4"
0.433896858079135,-0.310759065079389,0.115,0.127,1,"KPNB1"
0.0209567869912113,-0.311441885300349,0.406,0.427,1,"ARF1"
1.25824235012178e-05,-0.311550746593703,0.873,0.878,0.280588044077157,"ARPC2"
0.0836625506067806,-0.311633626764703,0.429,0.422,1,"RSRC2"
0.295783027873429,-0.311643065728432,0.089,0.107,1,"PSPC1"
0.551846383692577,-0.312203629990844,0.162,0.165,1,"SLC9A3R1"
0.14210804737972,-0.312578713810133,0.293,0.31,1,"SCP2"
0.30098858837348,-0.313038954057399,0.156,0.17,1,"ENY2"
0.21149942157468,-0.313395858557129,0.232,0.252,1,"NDUFB1"
0.256667392846273,-0.314846963826026,0.295,0.295,1,"MBNL1"
0.442693371867593,-0.315368641137937,0.128,0.14,1,"AIMP1"
0.304234966840508,-0.315664118738562,0.121,0.137,1,"EMC3"
0.5968915972184,-0.315762783080914,0.104,0.109,1,"DDA1"
0.421301481782716,-0.316556973561198,0.108,0.12,1,"GNB1"
0.941219973383841,-0.316857422104766,0.119,0.115,1,"CNOT7"
0.146868041962735,-0.317443477435085,0.227,0.247,1,"POLR2K"
0.253486648819705,-0.318676612315661,0.2,0.214,1,"RAB7A"
0.188576138049294,-0.319685669692881,0.194,0.216,1,"ITGB1BP1"
0.840317860982744,-0.320514031227492,0.121,0.117,1,"NUTF2"
0.474249560059648,-0.321119848817804,0.134,0.142,1,"PLEKHA2"
1.4358095222552e-07,-0.323044293636553,0.98,0.99,0.0032018552346291,"MT-RNR2"
0.883443714338424,-0.323128496575462,0.116,0.112,1,"RABGAP1L"
0.0380632247186583,-0.323803303845082,0.409,0.417,1,"SERP1"
0.228041630216169,-0.323948572332269,0.188,0.206,1,"RNF168"
0.425089315573937,-0.324011610512412,0.122,0.132,1,"ITGAE"
0.70452884362938,-0.324572305901074,0.118,0.12,1,"ZNF622"
0.0822987238728143,-0.3246390322458,0.253,0.282,1,"C16orf54"
0.490531821392939,-0.324918903992539,0.115,0.125,1,"PAK2"
0.291140422389464,-0.324955482409861,0.147,0.165,1,"MOAP1"
0.44674956895105,-0.325271590097758,0.134,0.142,1,"PCGF5"
0.579134374408078,-0.325391455587335,0.113,0.12,1,"SELENOH"
0.342056836454268,-0.325673698546864,0.192,0.201,1,"C1orf21"
0.0815874653521701,-0.325708294533745,0.252,0.277,1,"MTDH"
0.639881525792417,-0.325835646828669,0.139,0.142,1,"MLLT6"
0.0360629178250342,-0.325926740734958,0.46,0.463,1,"LAMTOR4"
0.0727428387679154,-0.326922299026839,0.282,0.303,1,"KRT10"
0.472368761254276,-0.327477833512339,0.121,0.13,1,"DPY30"
0.00871484204340001,-0.327613056420681,0.577,0.58,1,"SUMO2"
0.0969217942062986,-0.32815460858832,0.403,0.405,1,"ANAPC16"
0.00611612875642848,-0.328839148669137,0.42,0.463,1,"CIB1"
0.0119212494604597,-0.328860239528981,0.505,0.532,1,"SAP18"
0.919998511926144,-0.328966862434832,0.111,0.102,1,"FRG1CP"
0.429571377537824,-0.329322316711591,0.211,0.214,1,"PFDN2"
0.0801526124376194,-0.330801390476494,0.304,0.323,1,"MED10"
0.579774230408763,-0.330938616003055,0.118,0.122,1,"SRA1"
0.643778658876999,-0.331227728059791,0.131,0.132,1,"NUP98"
0.274157934928747,-0.332517193137551,0.084,0.102,1,"SUPT5H"
0.387940566307827,-0.332714360969383,0.093,0.107,1,"FXR1"
0.0162365454191679,-0.332741861584782,0.362,0.389,1,"HMGN3"
0.470156538174564,-0.334277629426605,0.113,0.122,1,"EMC4"
0.210616875615725,-0.334533079074998,0.221,0.234,1,"CCDC12"
0.0012865907756163,-0.335338639902039,0.653,0.654,1,"SRSF2"
0.223008083250561,-0.336978601494594,0.162,0.181,1,"ADRM1"
1.89198872641502e-05,-0.338485864849426,0.672,0.738,0.421913485990549,"PSME1"
0.180300563342512,-0.338683214835614,0.165,0.188,1,"H3F3AP4"
0.560836477146083,-0.339478638893158,0.116,0.122,1,"RCSD1"
0.408794996906912,-0.3398657004853,0.093,0.107,1,"DBF4"
0.723223716369163,-0.340355088873566,0.122,0.122,1,"LLPH"
0.0967674111961897,-0.340377411818033,0.198,0.226,1,"SF3B2"
0.259250908254704,-0.340640826655349,0.289,0.288,1,"RNMT"
0.379141853550888,-0.34080866298373,0.093,0.107,1,"LARP7"
0.540499084561849,-0.341002264377357,0.151,0.155,1,"TMCO1"
0.322520584144598,-0.342087418702853,0.14,0.155,1,"COX19"
0.341497900415682,-0.342494522377459,0.122,0.135,1,"RBBP7"
0.29374692069947,-0.342882092823789,0.202,0.214,1,"LAPTM4A"
0.000815874992061575,-0.344959228517444,0.556,0.57,1,"LSP1"
0.202643128767705,-0.345749470814221,0.124,0.148,1,"ANP32E"
0.807996888418037,-0.345766729521741,0.145,0.142,1,"ZMAT2"
0.507986317089544,-0.346163727852977,0.119,0.127,1,"MTCH1"
0.37510067799256,-0.346708679405658,0.133,0.148,1,"PSENEN"
0.220404280900344,-0.347550315318809,0.13,0.15,1,"NOSIP"
0.173604538906481,-0.347960009420785,0.111,0.135,1,"HSPB11"
0.266248962778185,-0.347995994665008,0.153,0.17,1,"SSR1"
0.0421019349536664,-0.349466266856229,0.281,0.318,1,"C6orf62"
0.991098945627038,-0.349500740227383,0.133,0.127,1,"ARRDC3"
0.212752349231246,-0.349580086717626,0.295,0.3,1,"NUCKS1"
0.4233817017168,-0.349606660263448,0.156,0.163,1,"NCBP2-AS2"
0.134432513274002,-0.349621670705372,0.224,0.244,1,"AP2S1"
0.103177011827683,-0.349772123717907,0.191,0.224,1,"HNRNPF"
0.13043089279136,-0.35009117695326,0.147,0.173,1,"ECH1"
0.0209282887218894,-0.350346690746276,0.472,0.483,1,"ATP6V0E1"
0.7481302410961,-0.350788583119478,0.174,0.173,1,"GTF3C1"
0.143181142955757,-0.351043985902637,0.22,0.244,1,"RBM25"
0.00586821912967403,-0.351925325619676,0.344,0.407,1,"STK4"
0.0155696483914949,-0.352185652381872,0.353,0.387,1,"SLC25A3"
0.2485366510641,-0.352883335946515,0.105,0.125,1,"OSBPL8"
0.191697672708888,-0.353214797925471,0.249,0.262,1,"CYTIP"
0.23073209116139,-0.353285126083415,0.176,0.191,1,"SNRPD3"
0.287699237685906,-0.35350448899792,0.18,0.196,1,"MYLIP"
0.677763533987327,-0.353737781318692,0.102,0.104,1,"ZNF791"
0.0167256163417533,-0.35492455204555,0.4,0.43,1,"LCP1"
0.222644492000555,-0.355663485501896,0.142,0.16,1,"PSMA3"
0.029376540195918,-0.356459639580422,0.415,0.433,1,"SRRM1"
0.224371677771885,-0.357313263749001,0.176,0.196,1,"AC116366.1"
0.356211606502027,-0.357683481445583,0.115,0.127,1,"SPPL2A"
0.195010581959667,-0.35828663402768,0.139,0.163,1,"NUFIP2"
0.9978300111307,-0.35909882873414,0.111,0.107,1,"ARL8B"
0.196325275952895,-0.359292165643558,0.206,0.226,1,"DDX39A"
0.520073333494394,-0.360489463950241,0.111,0.12,1,"CENPX"
0.000922713902110109,-0.361471724156255,0.461,0.506,1,"POMP"
0.00228672452150471,-0.363486045782568,0.426,0.478,1,"HNRNPH1"
0.352764611081116,-0.364105520485469,0.116,0.13,1,"ACTN4"
0.449284038051283,-0.364702564762496,0.096,0.107,1,"C17orf62"
0.103141870438104,-0.36550964643667,0.137,0.17,1,"LUC7L3"
0.570314331432592,-0.365579651501443,0.124,0.13,1,"AL357060.2"
0.0540947218632363,-0.366304650804919,0.299,0.321,1,"MIR1244-2"
0.356116231888207,-0.366432788113164,0.171,0.183,1,"RANBP1"
0.0695236953750705,-0.367071237976621,0.223,0.257,1,"LAMP1"
0.0497289272039418,-0.367133210908793,0.273,0.298,1,"ATP6V1F"
0.464196156304345,-0.367354571166468,0.127,0.135,1,"CENPC"
0.255369398366781,-0.368388566906538,0.165,0.181,1,"ARID4B"
0.0842242985485974,-0.368690815784463,0.255,0.277,1,"ZEB2"
0.000573314986253383,-0.368721431345686,0.377,0.45,1,"RSL24D1"
0.51645372146266,-0.368776115786933,0.191,0.191,1,"IMP3"
0.156150913621096,-0.369186879948202,0.24,0.254,1,"H2AFV"
0.200487454453584,-0.369221374159461,0.261,0.27,1,"P4HB"
0.147525185772439,-0.369680339303213,0.166,0.191,1,"FUBP1"
0.113686107820653,-0.370071397528087,0.195,0.224,1,"IFI27L2"
0.0883837510832912,-0.370288832224042,0.267,0.293,1,"ELF1"
0.260248577765232,-0.370693635207888,0.111,0.13,1,"PSMC6"
0.236944085346571,-0.370727980647085,0.128,0.15,1,"BIRC6"
0.236708626449965,-0.370952482322939,0.134,0.155,1,"WBP11"
0.123867014902885,-0.371013107087258,0.273,0.293,1,"SNRPD1"
1.35198203018624e-07,-0.371128588582592,0.856,0.88,0.00301491992731532,"DDX5"
0.138916698661101,-0.371366879822126,0.108,0.135,1,"CDV3"
0.14483405032852,-0.371662343970477,0.121,0.148,1,"METAP2"
0.353659820551438,-0.372241030550343,0.151,0.163,1,"WDR33"
0.0285042435695204,-0.372258073755353,0.284,0.323,1,"TBC1D10C"
0.32633965966483,-0.373118806893893,0.203,0.214,1,"DYNLRB1"
0.261536459863099,-0.373296572304211,0.134,0.153,1,"NAA10"
0.113765794346736,-0.373683676545201,0.089,0.117,1,"XPA"
0.250214770819595,-0.374402886204058,0.122,0.142,1,"SRSF4"
0.566100667079348,-0.374506813960175,0.096,0.102,1,"SDHAF2"
0.00338846027295187,-0.37468787862668,0.556,0.557,1,"SRSF3"
0.260375007310223,-0.375828724544782,0.148,0.163,1,"IGLC2"
0.60062769363173,-0.376089283941794,0.113,0.12,1,"F2R"
0.081455213859798,-0.376198356568565,0.327,0.338,1,"RUNX3"
0.027749198692185,-0.376847301890812,0.418,0.443,1,"CD69"
0.0273372601616319,-0.377296805156574,0.311,0.336,1,"EVL"
0.000292761060326063,-0.379345111240317,0.478,0.532,1,"HNRNPK"
0.0856318438792209,-0.380277109364722,0.182,0.214,1,"BCAS2"
0.0107950281457327,-0.380287382081504,0.331,0.372,1,"PNRC1"
0.000674400751638339,-0.380332509484959,0.762,0.768,1,"DUSP1"
0.417930459472325,-0.38050643457404,0.096,0.107,1,"NDUFS3"
0.40000207282802,-0.380589556770602,0.108,0.12,1,"SEPT2"
0.364840178562082,-0.380653001360825,0.197,0.204,1,"TMEM9B"
0.384333065431542,-0.380856386382506,0.119,0.132,1,"ARHGAP4"
0.00528274752674372,-0.381072550153942,0.435,0.463,1,"NEDD8"
0.17952389532674,-0.38114066641018,0.13,0.15,1,"DNAJC1"
0.8856310392534,-0.381152422313534,0.127,0.122,1,"RPL7P32"
0.00152571956786908,-0.381184791312398,0.455,0.489,1,"C9orf16"
0.0670650495019128,-0.381868172053554,0.205,0.239,1,"TSTD1"
0.268720245289852,-0.381972565224358,0.156,0.173,1,"PPM1G"
0.0805987981152495,-0.38269939166285,0.185,0.219,1,"FKBP11"
0.00293388161625634,-0.383155797344938,0.547,0.56,1,"ALDOA"
0.289510942350595,-0.383603582232197,0.131,0.148,1,"HSD17B10"
0.00579495415084362,-0.383730183351698,0.351,0.397,1,"DRAP1"
0.0275667598672799,-0.383871834282152,0.305,0.338,1,"ATP5J"
0.618376642789611,-0.384125292656685,0.113,0.117,1,"ABI1"
0.0419830117250238,-0.385115454942508,0.285,0.31,1,"BLOC1S1"
0.261915327802388,-0.386674457157521,0.223,0.242,1,"MDM4"
0.00844342638114711,-0.387123729396097,0.366,0.402,1,"COPS9"
0.000906710619302546,-0.387567516990277,0.54,0.567,1,"ELOB"
0.212151768712022,-0.388890359147743,0.25,0.26,1,"ACTR2"
0.17820097866265,-0.389708375598565,0.102,0.125,1,"SSBP3"
0.206938226972907,-0.390049546641016,0.198,0.216,1,"AKAP13"
0.299508166431332,-0.39064407151918,0.102,0.12,1,"TIAL1"
0.241477470338757,-0.391133361476292,0.09,0.109,1,"AC016734.1"
0.317810719847149,-0.392007636966779,0.095,0.109,1,"MRPS34"
0.170082603026757,-0.392110172245049,0.217,0.232,1,"RNF7"
7.03865688443392e-07,-0.392249709050569,0.656,0.718,0.0156962048522876,"HMGB1"
0.198054203981307,-0.392562791878093,0.202,0.221,1,"ATP5C1"
0.264036747024647,-0.392730691682885,0.107,0.125,1,"COMMD8"
0.320196048610482,-0.392735574392945,0.108,0.122,1,"COX6A1P2"
0.363242895528046,-0.393026742418935,0.142,0.155,1,"AP3S1"
0.0193498262830024,-0.393244128523526,0.337,0.377,1,"CD47"
0.0948911393537084,-0.393615287812569,0.127,0.16,1,"CYFIP2"
0.162683619765133,-0.394164552287419,0.082,0.107,1,"TRAPPC10"
0.000141261863249797,-0.394475008966604,0.484,0.537,1,"SEC61G"
0.229539923247544,-0.3954005103212,0.14,0.158,1,"CISD3"
0.584579697854158,-0.395595621818904,0.101,0.109,1,"RER1"
0.0855301532751454,-0.397676079956478,0.234,0.26,1,"ATG12"
6.95724605140052e-11,-0.397815702382985,0.918,0.947,1.55146586946232e-06,"SERF2"
0.00419164261049903,-0.398409348830998,0.395,0.44,1,"TAPBP"
0.387032289121795,-0.398494219820394,0.16,0.17,1,"DNAJB9"
0.178639394266578,-0.399955348556808,0.153,0.176,1,"SRPK2"
0.204361052271928,-0.400388274662505,0.159,0.176,1,"SNX3"
0.490250200720045,-0.400506891820537,0.104,0.112,1,"SLC44A2"
0.101503904073716,-0.401901518678982,0.177,0.204,1,"PSMB8-AS1"
0.108468587466127,-0.403208008673544,0.232,0.257,1,"EIF5"
0.274729012764838,-0.403267139822493,0.131,0.15,1,"HIST1H4C"
0.516695351411786,-0.403439316417726,0.119,0.127,1,"ETFA"
0.288267049556458,-0.403514905409823,0.118,0.135,1,"NUB1"
0.417485764671154,-0.40381908345008,0.093,0.104,1,"MAX"
0.415930980316744,-0.404533644030335,0.095,0.107,1,"MESD"
0.000197798682841803,-0.404549822856958,0.482,0.527,1,"COX7B"
3.02829796353259e-12,-0.405214990425374,0.977,0.975,6.75310445867767e-08,"H3F3B"
0.0886279871132818,-0.40657426105522,0.215,0.242,1,"AURKAIP1"
0.230286202710154,-0.407251898061645,0.105,0.125,1,"SNX17"
0.1307294054651,-0.407397919604734,0.174,0.198,1,"NDUFS8"
0.240671558792377,-0.408529534746244,0.095,0.115,1,"CXCL8"
0.0661090466402129,-0.408842591488794,0.145,0.183,1,"BROX"
2.51539124489134e-05,-0.409153261092835,0.849,0.799,0.560932247610769,"FGFBP2"
0.158797037511939,-0.409973909959389,0.165,0.188,1,"AUP1"
0.347812835959335,-0.410486578425505,0.171,0.186,1,"APOBEC3C"
0.00591797496436782,-0.410999874287155,0.353,0.389,1,"RBM8A"
0.208834436936962,-0.411897104196605,0.09,0.112,1,"FRG1BP"
0.243552370755722,-0.411934181087062,0.198,0.214,1,"C7orf73"
0.0560638234106154,-0.412197980585517,0.179,0.214,1,"VDAC2"
0.360421984758129,-0.412527745939735,0.099,0.112,1,"RFC1"
0.000566229851078721,-0.414471646888508,0.461,0.509,1,"COX6A1"
0.0233705760089443,-0.414483869963381,0.227,0.27,1,"LAMTOR1"
0.455789003215841,-0.414941347646121,0.111,0.12,1,"TMEM170A"
0.145801881269244,-0.414970505311263,0.127,0.153,1,"MRPL10"
0.000256714477155331,-0.415475502472068,0.588,0.611,1,"NEAT1"
0.000140921597296069,-0.415512532427048,0.602,0.641,1,"CDC42"
0.322911983052903,-0.415593165789794,0.118,0.132,1,"NDUFAF3"
0.160234727036591,-0.416505474603891,0.105,0.13,1,"RBM7"
0.346834654139999,-0.417297930126577,0.096,0.109,1,"HECTD1"
0.504871909867584,-0.417307866913396,0.128,0.135,1,"PNRC2"
0.147674355326096,-0.417369942490924,0.176,0.196,1,"BTN3A2"
0.306287943082383,-0.417619434088542,0.16,0.173,1,"YTHDC1"
0.0720991931385508,-0.418613286428449,0.205,0.237,1,"TSEN54"
1.34417954930133e-05,-0.418890626366175,0.597,0.644,0.299752039494196,"LITAF"
0.00254514647603918,-0.42120398709927,0.315,0.377,1,"DDX24"
0.353948215968054,-0.421255876549367,0.105,0.12,1,"NDUFB3"
0.0776824354039258,-0.421642746443368,0.241,0.265,1,"TOMM22"
0.207190519377224,-0.422328939742136,0.154,0.173,1,"PTPN2"
0.525509308382105,-0.423268051963757,0.122,0.127,1,"MDH1"
0.162184787683726,-0.423822405450923,0.202,0.221,1,"FAM96B"
0.24654365146945,-0.42403684645265,0.093,0.112,1,"CNIH1"
0.0442110725794758,-0.424050821546795,0.296,0.316,1,"FYN"
0.172520925878205,-0.424051395694095,0.205,0.224,1,"FOSL2"
0.000734637079702316,-0.424070296284658,0.495,0.519,1,"COX8A"
0.160634784008202,-0.424290443077249,0.127,0.153,1,"IFNG"
0.00170734636547004,-0.424517920033642,0.458,0.494,1,"TPM3"
0.235954080354766,-0.425046474418578,0.085,0.104,1,"PPP2R3C"
4.49900847177075e-05,-0.425060583492185,0.687,0.702,1,"SRSF7"
0.089904649456511,-0.425480815181015,0.33,0.338,1,"HNRNPA3"
0.195526461741433,-0.426350142261415,0.134,0.153,1,"PSMA5"
0.00176975671640425,-0.427239710660329,0.437,0.476,1,"IL2RG"
0.163082019114477,-0.427274160138223,0.177,0.198,1,"GPBP1"
0.948287970871185,-0.427450778882049,0.105,0.102,1,"ZNF430"
0.519614881530046,-0.42768101703784,0.093,0.102,1,"AKR7A2"
0.13616251558597,-0.428401747544764,0.147,0.173,1,"DGCR6L"
0.23844778582852,-0.428589166806369,0.174,0.188,1,"PCIF1"
0.027902925079184,-0.429068072790641,0.186,0.229,1,"LMAN2"
0.00254804249099367,-0.429695669667096,0.391,0.435,1,"NCL"
0.00432916871471081,-0.4297451973994,0.379,0.412,1,"ATPIF1"
0.232562681531412,-0.432191523938559,0.189,0.209,1,"PDCD4"
0.0634899207179272,-0.433172686136302,0.224,0.26,1,"RAC1"
0.0962142610370184,-0.434540310939033,0.171,0.196,1,"CBX3"
0.173979049396728,-0.435044697991666,0.163,0.186,1,"TTC3"
0.428730143592182,-0.435235185145033,0.101,0.112,1,"BOD1L1"
0.00776659849856322,-0.435284636236359,0.179,0.242,1,"ATM"
0.0863702267495074,-0.435638263344298,0.356,0.364,1,"PARK7"
0.0982135725897964,-0.435638458527899,0.15,0.178,1,"RFTN1"
8.68996016126805e-06,-0.435805532187722,0.667,0.707,0.193786111596278,"ID2"
0.619348012279765,-0.436289002761233,0.139,0.137,1,"ARIH2"
0.215880364655319,-0.436308343701252,0.102,0.125,1,"LINC02384"
0.329410015491693,-0.436871179858813,0.108,0.122,1,"ERBIN"
0.00836544563252682,-0.437603774816332,0.347,0.389,1,"CCNL1"
0.277921757836809,-0.437667853356605,0.105,0.122,1,"COMT"
0.377808932582221,-0.438301402805464,0.165,0.173,1,"PLEK"
0.279447425126876,-0.438694622762945,0.14,0.158,1,"CCNDBP1"
0.144200725430835,-0.438728826632367,0.25,0.272,1,"MAP1LC3B"
0.339973148293248,-0.439524089844841,0.142,0.155,1,"NFE2L2"
0.0431432031697098,-0.439856027184149,0.197,0.237,1,"SRP9"
0.37074813538701,-0.440094883274547,0.11,0.122,1,"TMF1"
0.130151917449178,-0.440469471889094,0.128,0.155,1,"NDUFV1"
0.144083440649882,-0.442292166824579,0.128,0.153,1,"MRPL52"
0.31108228314504,-0.443593308916802,0.085,0.102,1,"TRAPPC3"
0.165432767071374,-0.443864533870487,0.134,0.155,1,"POLR2E"
0.000381941488723353,-0.444814254038695,0.511,0.552,1,"CLIC1"
0.0950647447811084,-0.444886484176064,0.142,0.17,1,"CAPZA2"
0.156204770639391,-0.44562555758136,0.107,0.132,1,"BDP1"
0.352808027955035,-0.4457183207974,0.122,0.135,1,"NUP214"
0.000646327396264012,-0.446104781059277,0.441,0.486,1,"RNASEK"
0.251488775678416,-0.446956593431715,0.156,0.173,1,"ADD3"
0.284253306163624,-0.4472295539968,0.166,0.181,1,"SHISA5"
0.125974049288023,-0.449412970222693,0.137,0.163,1,"AKAP9"
0.0906755504368463,-0.449433680892725,0.133,0.165,1,"TPR"
0.322834660819068,-0.450416177959537,0.095,0.109,1,"PIN4"
0.0106074092282267,-0.452080204291186,0.299,0.346,1,"DDX6"
0.24033841744914,-0.452173022022287,0.089,0.107,1,"MZT1"
0.262758918559133,-0.452203180383441,0.105,0.122,1,"NAXE"
0.272814598578885,-0.452445275374918,0.115,0.132,1,"RAD54L2"
0.121332222823967,-0.452456140496298,0.137,0.165,1,"NPC2"
0.341925700172399,-0.452680101100672,0.131,0.145,1,"TECR"
0.202562308988346,-0.454832744274907,0.173,0.188,1,"STK10"
0.0727457202687942,-0.456677954067769,0.133,0.165,1,"PPP2CA"
0.0502068038239186,-0.456697050222085,0.224,0.262,1,"R3HDM2"
0.193181476807199,-0.45748575165663,0.102,0.125,1,"RAB8B"
0.0495529032469121,-0.457515631800363,0.186,0.224,1,"ROMO1"
0.258901195099849,-0.457670517941379,0.099,0.117,1,"ETF1"
0.210471728934843,-0.458424446007995,0.166,0.183,1,"DDX17"
0.00192818250349503,-0.458631058353597,0.45,0.481,1,"CCND3"
0.110457476775083,-0.459656038782479,0.133,0.163,1,"BBX"
0.40180078828471,-0.459743336780363,0.116,0.127,1,"SNHG1"
0.413931449244192,-0.460539621017488,0.102,0.112,1,"IFNGR1"
9.58773868034094e-16,-0.461368166310499,0.94,0.952,2.13806572571603e-11,"CFL1"
0.23625926114087,-0.462083454002781,0.134,0.153,1,"SAMD3"
0.00362787433111806,-0.462161340655846,0.334,0.377,1,"WDR83OS"
0.394093052641597,-0.46314670730211,0.116,0.127,1,"KARS"
0.0299072686953211,-0.463473410616009,0.247,0.277,1,"HNRNPU"
0.159224423830258,-0.463508176274724,0.134,0.155,1,"SNHG15"
0.224460816833591,-0.464821996635942,0.09,0.109,1,"FNBP4"
0.178381954586308,-0.465544618059999,0.133,0.155,1,"CREBRF"
0.320385374304493,-0.465654006966182,0.099,0.115,1,"BRWD1"
0.043810766759568,-0.465675267309431,0.221,0.26,1,"JUND"
0.17812097032584,-0.465888352510282,0.179,0.198,1,"ROCK1"
0.0994983406348214,-0.466299185912322,0.113,0.142,1,"PHB2"
0.0583421830880465,-0.466368810401326,0.189,0.224,1,"SF3B1"
0.233271823771514,-0.466771482294929,0.108,0.13,1,"SHKBP1"
0.0941208013280418,-0.466778460675076,0.095,0.125,1,"TPM4"
0.0125677608069427,-0.467432134338825,0.316,0.346,1,"SUMO1"
0.128154107661049,-0.467742646259675,0.246,0.257,1,"AP2M1"
0.131696420953177,-0.468052039948601,0.122,0.148,1,"CCT2"
0.115768429066863,-0.468732946157905,0.133,0.16,1,"JMJD1C"
0.00773463774687081,-0.468865690556245,0.292,0.344,1,"AES"
0.0677627274201955,-0.469460912355048,0.134,0.17,1,"TTC14"
1.4659557643848e-05,-0.469672469072781,0.444,0.522,0.326908135457809,"H3F3A"
0.282050908870505,-0.471103719462847,0.085,0.102,1,"PIGC"
0.0374407010732487,-0.471317592462141,0.336,0.351,1,"KLF2"
4.43325968277697e-13,-0.471698122076967,0.858,0.916,9.88616909259265e-09,"MYL6"
0.213880846146997,-0.472510023365456,0.139,0.158,1,"MRPS36"
0.112532589161465,-0.47253895429226,0.173,0.198,1,"ARHGAP30"
0.00014169684947443,-0.473052939694262,0.402,0.458,1,"DNAJB6"
0.00033614346350186,-0.473415466289889,0.521,0.56,1,"NR4A2"
0.129856854961732,-0.473935190565356,0.13,0.155,1,"PKN1"
0.870256064877077,-0.474098186485718,0.121,0.109,1,"RAB29"
0.120799366077402,-0.474314150502368,0.095,0.122,1,"RPS6KA1"
0.318806919091555,-0.474518019547115,0.136,0.15,1,"SPAG7"
0.044475239009039,-0.474599058590395,0.211,0.247,1,"TMED10"
0.305980441017478,-0.476595440875043,0.107,0.122,1,"RAD21"
6.78194083180598e-14,-0.476739699544493,0.911,0.934,1.51237280549273e-09,"SRGN"
0.0538901012718128,-0.476752977686082,0.253,0.282,1,"BCLAF1"
0.0012719529406604,-0.477182679556091,0.362,0.433,1,"PIP4K2A"
0.0572977804499804,-0.479049161503262,0.157,0.193,1,"DCXR"
0.213907784903084,-0.479071878276303,0.104,0.125,1,"DNAJC2"
0.137807718305877,-0.479250284624912,0.107,0.132,1,"PSMF1"
0.19050772748531,-0.481648256786738,0.081,0.102,1,"CASP2"
0.254421905873728,-0.481772948588302,0.084,0.102,1,"NUTM2B-AS1"
0.289097539229806,-0.482234138151823,0.087,0.104,1,"ABCF1"
0.0383050195489708,-0.483177747590271,0.192,0.237,1,"KLHDC4"
0.319225375183214,-0.483613070377779,0.145,0.158,1,"ELMSAN1"
4.00641577676392e-05,-0.483689018407122,0.398,0.481,0.893430718218354,"RHOA"
6.58606025281962e-05,-0.484104426586054,0.405,0.471,1,"TCF25"
0.162891382967202,-0.484380831629671,0.079,0.102,1,"SPCS2P4"
0.018008399757517,-0.484668171587305,0.26,0.3,1,"HCLS1"
2.80192451154418e-17,-0.484977148537841,0.998,0.995,6.24829166074353e-13,"ACTB"
0.00489927337081032,-0.485408235207653,0.263,0.318,1,"NDUFA12"
0.0912121675290312,-0.485485618775405,0.099,0.13,1,"NMRK1"
0.0178301166061402,-0.486054248326525,0.224,0.27,1,"TBCB"
0.0312265230650093,-0.487102035585576,0.189,0.232,1,"COX17"
0.0122946174486937,-0.487688647847338,0.231,0.275,1,"ADGRG1"
0.325988560828599,-0.488721814454223,0.145,0.155,1,"FKBP2"
0.0914877755092591,-0.491276965680991,0.18,0.206,1,"LSM4"
0.0840487681062182,-0.491930933214357,0.116,0.148,1,"PTPN7"
0.375505096154037,-0.492378765977912,0.147,0.155,1,"ALKBH5"
0.239295824536486,-0.492982631519754,0.099,0.117,1,"CTDSP1"
0.161451950497507,-0.493603344525402,0.102,0.127,1,"RB1CC1"
0.0818193692582587,-0.493606405083352,0.202,0.229,1,"TAX1BP1"
0.000558595664926502,-0.494846488471729,0.336,0.407,1,"EIF5A"
0.19968078670291,-0.495280999577326,0.125,0.145,1,"CLTA"
0.000557415947471294,-0.495351381135644,0.429,0.471,1,"NDUFB7"
0.00619439855066781,-0.495455810172663,0.231,0.29,1,"LSM3"
0.137300672845794,-0.49585576548068,0.087,0.112,1,"DHX9"
0.231489464291662,-0.496126559944471,0.104,0.122,1,"KCNAB2"
0.137381484239626,-0.496381439775296,0.163,0.191,1,"DNAJC3"
0.0399703740117897,-0.496436262883278,0.159,0.198,1,"GNAI2"
0.0908508968527777,-0.497177140135365,0.186,0.211,1,"GNAI3"
0.0154898004561936,-0.49737160755009,0.188,0.242,1,"RGS1"
0.00633958071855314,-0.497585980531561,0.318,0.359,1,"SLC25A5"
0.0497568156326997,-0.497900081761971,0.234,0.265,1,"RHOG"
0.359282510558231,-0.498125593924963,0.131,0.142,1,"G3BP2"
0.178291208973967,-0.498499067366062,0.095,0.117,1,"ALG5"
0.389541330305081,-0.499724186083839,0.128,0.137,1,"AKR1B1"
0.10260470339087,-0.500248314334624,0.136,0.165,1,"PA2G4"
0.250245263944529,-0.500638366475168,0.136,0.153,1,"ETNK1"
0.379419202246198,-0.500760518363272,0.119,0.13,1,"ABHD14B"
0.041681902282914,-0.501795121790145,0.183,0.221,1,"PDAP1"
0.254212547101672,-0.50202329167904,0.095,0.112,1,"RBM8B"
0.000149213020494826,-0.502231282976142,0.386,0.448,1,"BRK1"
0.00048258372026274,-0.502521708934788,0.376,0.435,1,"C4orf3"
0.024370563850131,-0.502666095907277,0.209,0.249,1,"ZC3H15"
4.79856937308502e-06,-0.504584175310378,0.521,0.598,0.107008097019796,"YWHAZ"
0.115303908571478,-0.50566974251489,0.212,0.234,1,"TBCC"
0.0956694249947715,-0.505972489317988,0.197,0.224,1,"STK17A"
0.116614894248538,-0.506374223799113,0.165,0.193,1,"RBM23"
0.00688143249302659,-0.506510631852578,0.307,0.346,1,"COPE"
0.15180710465068,-0.506838508701704,0.099,0.125,1,"CCDC186"
0.118340482304613,-0.508730698435797,0.176,0.204,1,"C5orf56"
0.21154629515873,-0.509224402037387,0.252,0.257,1,"FAM177A1"
0.0428963070314246,-0.509551441678188,0.217,0.249,1,"CDC37"
0.00156344782764825,-0.509884847482419,0.325,0.384,1,"CCDC85B"
0.180710896264144,-0.510444031517267,0.215,0.226,1,"BAX"
0.00750006199012981,-0.510505609592304,0.267,0.313,1,"DAD1"
1.87593997638022e-05,-0.510715469901251,0.432,0.511,0.418334614732788,"KMT2E"
0.414382695215477,-0.510857133598175,0.102,0.112,1,"GNB2"
0.303511823428143,-0.511409816310436,0.115,0.13,1,"H2AFJ"
0.00189915655011006,-0.511662555605683,0.293,0.351,1,"TRA2B"
0.243130982606933,-0.512164986182466,0.092,0.109,1,"NRBP1"
3.0782083759238e-07,-0.512621810827666,0.62,0.674,0.00686440467831008,"PFN1P1"
0.000178743149503776,-0.512787616925194,0.369,0.433,1,"VAMP8"
0.401386057547876,-0.51373768717009,0.096,0.107,1,"TRMT10C"
0.320398715200501,-0.515362208989539,0.119,0.132,1,"PARP14"
3.65235202958537e-06,-0.515405564606336,0.504,0.56,0.0814474502597537,"SELENOK"
0.0854670172936152,-0.519116751651362,0.098,0.13,1,"SMARCA5"
0.175399762050309,-0.519656466151322,0.099,0.12,1,"CYB561D2"
0.0946300277254754,-0.519850758912322,0.227,0.247,1,"NDUFA6"
0.106712567251688,-0.519971176302614,0.163,0.188,1,"PDCD6"
0.0250671395315943,-0.520148147454642,0.096,0.137,1,"GABPB1"
0.0361584029064777,-0.520387565931319,0.115,0.155,1,"PITHD1"
0.272093789982263,-0.52083660035637,0.113,0.13,1,"PSMD13"
0.0384333075185478,-0.521227013542729,0.176,0.216,1,"CTNNB1"
0.0834862225424059,-0.521377577586096,0.082,0.112,1,"PHF3"
0.162332277920552,-0.521804163602449,0.134,0.155,1,"GLRX"
0.223825555635113,-0.523521123911895,0.154,0.17,1,"PSMD9"
0.0931293922185029,-0.52423967797568,0.093,0.122,1,"TPD52"
0.0421962990344355,-0.526129422296385,0.192,0.229,1,"SUPT4H1"
0.1851986575574,-0.52665863446629,0.179,0.196,1,"METTL26"
0.528252455294252,-0.52789184097613,0.102,0.109,1,"PTAR1"
0.18524052052297,-0.528085107166824,0.096,0.117,1,"SLC25A45"
0.0704798662760572,-0.528176345634756,0.13,0.163,1,"LNPEP"
0.0373564915446711,-0.528326811634056,0.189,0.226,1,"NCOR1"
0.250622321782807,-0.529029888904067,0.095,0.112,1,"CWC25"
0.308462586903182,-0.529391837095412,0.147,0.16,1,"NR4A3"
0.00132129261750117,-0.529744751605314,0.31,0.372,1,"MSN"
0.00604389035908029,-0.530114391986087,0.243,0.298,1,"SIGIRR"
4.01836044850165e-09,-0.530183558091304,0.699,0.791,8.96094380015867e-05,"ZFP36"
0.0301794078849634,-0.530807539432287,0.174,0.214,1,"HSPA9"
0.181354702698148,-0.530849007170681,0.098,0.12,1,"RNF126"
0.30026285594396,-0.531150154310951,0.099,0.115,1,"PET100"
0.072411079096208,-0.531331975299099,0.137,0.17,1,"STOM"
0.0162076398850214,-0.531512799287285,0.264,0.31,1,"SET"
0.292510218529616,-0.531794813025296,0.098,0.115,1,"SNRK"
0.000870334160024028,-0.532100099713658,0.27,0.336,1,"PPP1CA"
0.150072666285913,-0.532598623500967,0.078,0.102,1,"XPO1"
0.184575084981016,-0.534208974342605,0.134,0.155,1,"EMD"
0.0133742864226823,-0.53420996928187,0.215,0.265,1,"DNAJC8"
0.32156475694906,-0.534302276886406,0.101,0.115,1,"PCNA"
0.063056463607727,-0.534340248320901,0.111,0.145,1,"NDUFA10"
0.0574259416554345,-0.536507349779055,0.102,0.137,1,"ILF3"
5.36010246782953e-05,-0.53720424658963,0.371,0.443,1,"PPP1R15A"
0.0720937156137564,-0.537408815737498,0.182,0.211,1,"PAIP2"
0.259794421629002,-0.537627394896716,0.085,0.104,1,"TLK1"
0.0317198473298972,-0.538709873679804,0.243,0.272,1,"SPN"
2.40855875513434e-06,-0.538709955900733,0.446,0.529,0.0537108602394957,"BIN2"
4.66399732683042e-05,-0.539698264638267,0.385,0.466,1,"PDIA3"
0.110834149328173,-0.539852544474042,0.128,0.155,1,"YY1"
0.00343109824334092,-0.540124839907638,0.226,0.282,1,"GLIPR2"
0.403192688972188,-0.540735651530999,0.119,0.13,1,"OGT"
0.0929675363877343,-0.541441040457236,0.128,0.158,1,"ELOF1"
0.00291616843560873,-0.541456373147759,0.221,0.285,1,"DNAJA1"
0.182138479742769,-0.542189542136519,0.136,0.16,1,"CHP1"
0.000154747577354803,-0.542330722389761,0.369,0.427,1,"PSMB1"
0.172583981108284,-0.542412736763674,0.124,0.145,1,"CCT7"
0.00934180348188341,-0.543943317152451,0.223,0.277,1,"CARD16"
0.0229893426404583,-0.547971620442911,0.209,0.249,1,"DDX18"
0.0196448417083717,-0.548911493627797,0.159,0.206,1,"DBNL"
0.0244200794055673,-0.548950670794916,0.191,0.234,1,"RALY"
0.0546383606093783,-0.549711228661828,0.127,0.16,1,"WAS"
0.0325028460359196,-0.551863935753814,0.194,0.234,1,"PTPN4"
0.135776219378873,-0.553410512235992,0.096,0.122,1,"EIF4EBP2"
0.0876257380262829,-0.554717457009593,0.192,0.219,1,"THUMPD3-AS1"
0.0350164245419941,-0.554908352774092,0.11,0.15,1,"DCTN6"
0.123834445343958,-0.555350981279074,0.099,0.125,1,"CAPNS1"
0.133052806667441,-0.555669205794938,0.116,0.142,1,"PRPF40A"
0.0215294854011485,-0.555980528447167,0.165,0.209,1,"CCDC69"
0.00945695742406819,-0.558235951311417,0.295,0.333,1,"SERBP1"
2.41315303414574e-13,-0.558317506832621,0.844,0.926,5.38133126614499e-09,"CST7"
0.0500251078648213,-0.558345898554227,0.224,0.262,1,"AC020916.1"
0.240685560909116,-0.559064598692767,0.125,0.142,1,"ING3"
0.171284320794727,-0.559255219307594,0.111,0.132,1,"MRPS7"
0.123476015877052,-0.5598863729288,0.108,0.135,1,"CD55"
0.0788422376276013,-0.561264256079368,0.145,0.176,1,"PRELID3B"
0.0891756464892709,-0.561696188146268,0.188,0.214,1,"MIDN"
0.431052920360755,-0.561748827862663,0.133,0.14,1,"OCIAD1"
0.0771200839554586,-0.565460028939854,0.134,0.165,1,"TERF1"
0.0883915407437049,-0.565557754677469,0.166,0.191,1,"PSMD4"
0.274731862965634,-0.566254133298169,0.089,0.104,1,"ISG20L2"
0.169017363350573,-0.566356677408282,0.108,0.13,1,"SLU7"
0.0596056712165043,-0.566671556291059,0.169,0.201,1,"EPB41L4A-AS1"
0.131458799723736,-0.567562697724928,0.105,0.13,1,"HM13"
0.306357144746995,-0.56801315008537,0.153,0.165,1,"SYNGR1"
0.134219151099303,-0.569232813158104,0.11,0.135,1,"BAG1"
0.216559628598976,-0.569712648671101,0.107,0.125,1,"IDH3G"
0.0581023325850216,-0.570279186424718,0.166,0.198,1,"TROVE2"
0.10252041036887,-0.570381728142929,0.159,0.183,1,"NEMF"
0.0831725621572087,-0.570542038778168,0.116,0.148,1,"ARF4"
0.12219253038697,-0.571592411922602,0.079,0.104,1,"RIOK3"
0.136473046812718,-0.571771649398953,0.093,0.117,1,"DUSP11"
0.0444503594216318,-0.572235710142285,0.208,0.239,1,"ANAPC11"
0.113256603165731,-0.57420220637103,0.095,0.122,1,"PSMD2"
0.000947587524366761,-0.576260110724819,0.304,0.366,1,"EPC1"
0.0213574010913918,-0.57706428850278,0.202,0.244,1,"SSU72"
0.0738209437305875,-0.577141476474698,0.092,0.122,1,"FLOT1"
0.119308201287104,-0.577183413460072,0.119,0.145,1,"ZNF655"
0.00184842241629681,-0.577434804511691,0.183,0.249,1,"TPST2"
0.0898122335684932,-0.577468645892443,0.206,0.234,1,"SORL1"
0.046822625798544,-0.578169886362971,0.147,0.181,1,"CHMP2A"
0.261801603980233,-0.579217598496689,0.089,0.104,1,"CAND1"
0.0294033841220267,-0.57937639891006,0.147,0.188,1,"LRPAP1"
0.193351418067704,-0.579611795627688,0.093,0.115,1,"WBP2"
0.0403879664448778,-0.579683390260984,0.215,0.244,1,"MYO1G"
0.000474878215458688,-0.581388888712585,0.249,0.321,1,"NOP10"
0.0748885895282261,-0.581425045942878,0.104,0.137,1,"TNIP1"
9.46111178771024e-11,-0.581744284952734,0.597,0.725,2.10982792865938e-06,"KLRD1"
0.00254206736484413,-0.582036490809705,0.232,0.293,1,"ATP5A1"
0.0528048115339745,-0.582105146829591,0.191,0.219,1,"RAB2A"
0.401412917165313,-0.582943870568275,0.095,0.107,1,"ELK4"
0.0370848790196862,-0.583354733597516,0.142,0.181,1,"RPF1"
0.10614934709649,-0.583612570380911,0.142,0.168,1,"EBP"
0.0402842285494984,-0.583651160397664,0.186,0.219,1,"ZNHIT1"
0.049774081657018,-0.583854480566654,0.098,0.132,1,"PPP1R11"
0.121714727477394,-0.584222271386738,0.076,0.102,1,"BFAR"
0.114003806490735,-0.585711134820226,0.145,0.173,1,"ISG15"
0.00012957299770357,-0.586370985929142,0.284,0.374,1,"IDI1"
0.22598377806745,-0.587664505937457,0.127,0.145,1,"RNPEPL1"
1.73536469846421e-09,-0.587680387461931,0.6,0.692,3.86986327757518e-05,"GZMM"
0.109208557694769,-0.587905183317763,0.101,0.127,1,"TIMM13"
0.0195084264173161,-0.588569258808996,0.229,0.265,1,"ACP1"
0.257930911907889,-0.589071266147915,0.168,0.183,1,"MRPL57"
6.25991263714644e-08,-0.589235651662536,0.611,0.649,0.00139596051808366,"LY6E"
0.00269257503567538,-0.58971310005915,0.278,0.328,1,"PSMB8"
0.0947606511594899,-0.589803685130596,0.104,0.132,1,"ZNF800"
0.00561065955796494,-0.5904618382171,0.189,0.244,1,"XBP1"
0.061623206397287,-0.594589453494245,0.107,0.14,1,"TMEM165"
0.0659634389101212,-0.595758230022926,0.092,0.125,1,"STAG2"
0.0930012119191102,-0.596003001014577,0.111,0.14,1,"FERMT3"
0.0529349810561791,-0.596116882309498,0.072,0.104,1,"IRAK4"
0.0774260598105862,-0.596241422297961,0.151,0.183,1,"MIEN1"
0.162000730777135,-0.596337022032615,0.095,0.117,1,"PIGT"
0.0240751838534719,-0.597443303263736,0.134,0.176,1,"JPT1"
0.000916377193736562,-0.598142856473002,0.217,0.288,1,"SELENOW"
0.0173614896999609,-0.598721905927681,0.131,0.178,1,"ACADVL"
0.0210389213727687,-0.599052057946533,0.179,0.221,1,"DCTN3"
0.0679260210266643,-0.599224757215941,0.13,0.16,1,"ILF3-AS1"
0.111639635739279,-0.59963846253866,0.118,0.145,1,"DDX3Y"
0.0286976252836228,-0.599832254332421,0.15,0.188,1,"PTMAP2"
0.207727918650439,-0.600445510077277,0.092,0.109,1,"DDX27"
0.101196809659059,-0.600783134206067,0.096,0.125,1,"SQSTM1"
0.00283087510491415,-0.601191436431406,0.296,0.346,1,"FUS"
0.34077655860117,-0.601446897305234,0.096,0.109,1,"ATP8A1"
4.39918410081224e-12,-0.602007043836132,0.644,0.774,9.8101805448113e-08,"ITGB2"
0.143728138561339,-0.602269163458038,0.105,0.13,1,"YIPF4"
0.0463640648094647,-0.60365335892515,0.11,0.148,1,"SMARCA2"
0.00194630238423636,-0.60376000217512,0.234,0.295,1,"SAR1A"
0.00461829199188245,-0.603930848775248,0.174,0.232,1,"ZAP70"
0.0552468833819931,-0.604408510189488,0.105,0.14,1,"MMADHC"
0.171871954529623,-0.605042662054704,0.119,0.14,1,"LENG1"
2.86865413135426e-05,-0.605474024298634,0.339,0.427,0.639709871292,"ARGLU1"
5.5780823344519e-06,-0.60599725158421,0.368,0.455,0.124391236058277,"SNRPB"
1.67373150373909e-06,-0.606191639075113,0.495,0.552,0.0373242125333816,"SEC61B"
0.105960707872287,-0.606511941712337,0.079,0.107,1,"GRK6"
0.013957255506947,-0.606644181342874,0.177,0.229,1,"DGUOK"
0.00285602014056533,-0.608204818084239,0.281,0.336,1,"ANXA6"
0.0903561374087493,-0.60899765438632,0.081,0.109,1,"EIF3L"
2.81564081685714e-07,-0.609014156336606,0.469,0.547,0.00627887902159142,"HSPA5"
0.172636250125075,-0.609647529444467,0.111,0.132,1,"INSIG1"
0.0287115642055299,-0.609875271738424,0.11,0.15,1,"SDF2"
2.31844657715182e-08,-0.612871107051821,0.487,0.58,0.000517013586704856,"SEPT7"
5.09851491556482e-06,-0.613289582900447,0.369,0.455,0.113696882617095,"PSME2"
3.35049102397577e-07,-0.613376838914232,0.478,0.573,0.00747159498346596,"TXNIP"
0.001266213338863,-0.613510166456543,0.244,0.303,1,"TMED9"
1.32595168148827e-36,-0.614278104647874,0.998,0.997,2.95687224971883e-32,"NKG7"
0.0707714752121205,-0.614323604898182,0.166,0.196,1,"NUCB1"
3.1141656954211e-28,-0.616949024893223,0.977,0.98,6.94458950078907e-24,"PFN1"
0.00579710460377006,-0.617450524877503,0.14,0.198,1,"SIRT2"
0.0722946617084872,-0.617786611252178,0.118,0.148,1,"PYCARD"
0.000771985974555042,-0.618180802435761,0.299,0.361,1,"CHST12"
0.00604094147645913,-0.618229976403921,0.151,0.209,1,"EIF4H"
0.000741264662203724,-0.618583928149361,0.269,0.341,1,"SRSF6"
0.0797955480072346,-0.62062268363177,0.116,0.145,1,"TSPAN32"
0.00034343980009875,-0.621304700756543,0.253,0.331,1,"TRAPPC1"
0.0227142885318665,-0.621365951819748,0.173,0.211,1,"PHF11"
0.0601823856101255,-0.621978679437327,0.125,0.16,1,"THUMPD1"
0.341037962757604,-0.622995347977624,0.102,0.115,1,"DDIT3"
4.3749175589329e-09,-0.623866655274507,0.492,0.601,9.75606615642036e-05,"NDUFB2"
0.00124079142598719,-0.624217336467502,0.29,0.351,1,"RNF213"
0.0323098067425205,-0.624515608428092,0.085,0.125,1,"CSK"
0.00259618915049961,-0.624580369548687,0.212,0.272,1,"PSMA1"
0.0499200697197716,-0.624999449370609,0.102,0.137,1,"ESYT2"
0.0902904748143097,-0.625264321816851,0.107,0.135,1,"POLR2C"
0.0197345547567563,-0.625334945776995,0.18,0.224,1,"ARPC5L"
0.055336641615665,-0.626334142024054,0.163,0.198,1,"TLE4"
0.0932780107876332,-0.626835515460009,0.144,0.173,1,"KIF5B"
0.0399296845517326,-0.627875610187527,0.085,0.122,1,"SERPINB6"
0.116839891999347,-0.628649591842985,0.093,0.12,1,"TM2D3"
0.0286207649444331,-0.628999666434186,0.121,0.163,1,"CSNK1D"
0.0190484655896366,-0.629726624784625,0.124,0.17,1,"CBX6"
0.00392904583068521,-0.630365623066992,0.189,0.249,1,"MOB1A"
0.146798514779923,-0.630468652244439,0.127,0.15,1,"COPZ1"
0.00270385244095114,-0.630744845312227,0.208,0.272,1,"SEC11A"
0.147803936986407,-0.63132308432013,0.102,0.125,1,"MAPRE2"
0.00226205253202456,-0.634742994596132,0.156,0.219,1,"CYC1"
1.43674157216726e-07,-0.635136795662646,0.536,0.611,0.00320393370593298,"HNRNPA2B1"
0.130479510292385,-0.63618157958175,0.102,0.127,1,"EIF4A3"
0.0170349947170341,-0.637331920918017,0.192,0.234,1,"NDUFS6"
0.00503308196542491,-0.637510267639032,0.202,0.26,1,"TAF7"
0.00763539187129411,-0.637679683581719,0.211,0.257,1,"RPS19BP1"
0.123191736794622,-0.637839213233692,0.121,0.148,1,"SMIM19"
0.000587660707914946,-0.638361561909169,0.243,0.318,1,"PRKCH"
0.373629045218326,-0.639855132725654,0.09,0.102,1,"ZNF44"
0.0317791389773671,-0.640322001159387,0.101,0.14,1,"CARD8"
0.0793682105385764,-0.640809523428722,0.085,0.115,1,"GID8"
0.0710312401759982,-0.641836503056784,0.087,0.117,1,"LLGL2"
0.00540179398325143,-0.643218817005718,0.183,0.237,1,"PYHIN1"
0.0414686787029194,-0.644819983366621,0.09,0.127,1,"PHF5A"
0.00436752956572944,-0.645108649656983,0.237,0.288,1,"CTSC"
1.59175147732167e-06,-0.646388316630938,0.373,0.468,0.0354960579442733,"CAPZB"
0.0531641430815021,-0.647489938291412,0.107,0.142,1,"LSM10"
0.0144885232527052,-0.648549141081384,0.16,0.206,1,"SPCS3"
0.154504110113991,-0.649129726647707,0.092,0.115,1,"TIMM17A"
0.0209059925625794,-0.65125159223334,0.133,0.176,1,"FAM32A"
0.00262053193986246,-0.651877015524425,0.22,0.275,1,"MRPL41"
0.0327269492234076,-0.652063552158414,0.125,0.165,1,"CSRNP1"
3.41691554996458e-15,-0.654124123691352,0.789,0.87,7.61972167642101e-11,"ACTG1"
0.00532701262963235,-0.656351273619949,0.215,0.262,1,"ATP5I"
0.174235740708225,-0.657114244687639,0.107,0.127,1,"RNF113A"
0.0898246083950077,-0.657123685306721,0.11,0.14,1,"COA1"
4.78096413867374e-05,-0.657458046196556,0.295,0.379,1,"BSG"
0.0121644587044994,-0.657807061812149,0.108,0.158,1,"MKRN1"
0.206065565686118,-0.658060855984875,0.082,0.102,1,"DNAJB14"
0.0066849830475838,-0.658390699745203,0.18,0.237,1,"CSNK2B"
0.0480249518357067,-0.658633199740112,0.139,0.176,1,"PPP1R12A"
0.0562881552500011,-0.658823536576392,0.168,0.198,1,"BUD23"
0.0104925992203406,-0.659045159521752,0.115,0.168,1,"IFITM1"
0.079433226732007,-0.659086232002988,0.089,0.117,1,"RAB11B"
0.11517823700538,-0.65924602703404,0.084,0.109,1,"DCAF11"
0.0291905801597991,-0.659666922752148,0.147,0.186,1,"PMF1"
1.08841278346464e-12,-0.659809915953664,0.768,0.822,2.42716050712614e-08,"FOS"
0.16840565499363,-0.660897719484375,0.082,0.104,1,"MAPKAPK5-AS1"
0.140301647586103,-0.66114801214346,0.078,0.102,1,"LPP"
0.140608005736011,-0.661397546458443,0.125,0.148,1,"ANKRD54"
0.0953974598431812,-0.66309495489993,0.092,0.12,1,"ERLEC1"
2.15203075895412e-06,-0.664040132745443,0.371,0.458,0.0479902859246768,"CD53"
2.36335530176511e-05,-0.664404532727264,0.328,0.412,0.527028232293619,"CLK1"
0.0637010398120162,-0.665514963476948,0.084,0.115,1,"AC009088.2"
1.48785364797293e-10,-0.665621010684027,0.414,0.593,3.31791363497964e-06,"AC245427.1"
0.0708245676844676,-0.665718935374109,0.075,0.104,1,"ADD1"
0.0458159841706397,-0.665915400449225,0.081,0.115,1,"MRPL16"
0.0277739353962541,-0.665935805089526,0.108,0.148,1,"RTFDC1"
0.0312817812468171,-0.666019758049194,0.118,0.158,1,"CDK17"
0.0550935271485663,-0.667649028567276,0.09,0.122,1,"PLEKHF1"
4.79080852537635e-07,-0.669538821460477,0.469,0.545,0.0106835030115893,"POLR2L"
2.80268429785147e-05,-0.669985722521964,0.311,0.402,0.624998598420877,"ARPC5"
0.0186088420134003,-0.670124465742595,0.142,0.186,1,"DR1"
0.126873456827093,-0.671839226492463,0.092,0.117,1,"ETV3"
0.0021713477708134,-0.671948665484824,0.218,0.277,1,"MBP"
0.0889929897477097,-0.672340121129344,0.104,0.132,1,"SCNM1"
0.0637375224984695,-0.674614865644683,0.102,0.135,1,"SRSF1"
0.0923651471302064,-0.674834243782064,0.121,0.15,1,"HBS1L"
0.117139637412944,-0.675003897748126,0.096,0.122,1,"ADAM10"
3.94958143151077e-05,-0.675569447330965,0.44,0.499,0.880756659226901,"CREM"
0.0378192057299332,-0.676497124331295,0.093,0.13,1,"BAZ1A"
0.0499719750724507,-0.677760988548318,0.087,0.12,1,"GLOD4"
0.0414830998191257,-0.678625073690242,0.13,0.168,1,"CDKN2D"
0.200498931003383,-0.678770988779847,0.09,0.109,1,"SGPL1"
0.00192740806388745,-0.6794895784548,0.188,0.254,1,"RASSF5"
0.0773448857419899,-0.679843544135745,0.085,0.115,1,"NUP210"
0.0872120901587357,-0.679937856381265,0.099,0.127,1,"SNRNP27"
0.000886972920271432,-0.681092750793443,0.223,0.29,1,"SRRM2"
0.0367993070885395,-0.681487342751486,0.133,0.17,1,"CASP8"
1.24359720948679e-07,-0.681724187684964,0.432,0.55,0.00277322177715555,"IRF1"
0.0961042834956457,-0.681735150671755,0.079,0.107,1,"SAMD9"
0.193829150037675,-0.681909841739793,0.087,0.107,1,"CCNT1"
0.103892832667403,-0.683070627795109,0.082,0.109,1,"PSMC4"
0.000634498050141833,-0.683510893904257,0.18,0.26,1,"TSPYL2"
0.0620416667240621,-0.68467916881922,0.113,0.145,1,"PTBP1"
0.0503921968780306,-0.685186147451046,0.137,0.17,1,"PUF60"
0.00852484622600536,-0.685187922693969,0.128,0.181,1,"TOP2B"
0.0930088588916236,-0.685346693355016,0.078,0.104,1,"RAB24"
0.00281572576598181,-0.68891346904414,0.163,0.221,1,"CAST"
0.172034866704353,-0.689258717701021,0.089,0.109,1,"VPS13C"
0.00399464421096396,-0.689754088400087,0.118,0.176,1,"RPA2"
0.00043993371483704,-0.689895008017068,0.267,0.336,1,"RGS2"
0.0144215515747459,-0.690894982328632,0.113,0.158,1,"PSMC3"
0.191432953407515,-0.690902064252365,0.082,0.102,1,"ETFB"
0.0422712404255505,-0.692550016696668,0.07,0.104,1,"PON2"
0.0540841626606087,-0.693089996232426,0.09,0.122,1,"PXN"
0.0360455408071679,-0.69386779766501,0.072,0.107,1,"SEC31A"
3.21199495403878e-05,-0.694051815770654,0.26,0.354,0.716274874750649,"SYTL3"
0.0157350553014045,-0.69460937920487,0.145,0.191,1,"PTPN22"
0.0261416125259561,-0.69560145885468,0.118,0.158,1,"PTGER2"
0.0425297088295031,-0.696260026230438,0.096,0.132,1,"RPIA"
0.00185023380197891,-0.697009383571104,0.269,0.326,1,"PSAP"
0.0245211977600608,-0.697162241044042,0.22,0.254,1,"TMEM230"
0.0088725113313265,-0.698295295226295,0.098,0.148,1,"ITSN2"
0.00879456713840366,-0.699672470697427,0.115,0.168,1,"PPCS"
0.0590129072596758,-0.703052752772242,0.107,0.14,1,"FUNDC2"
0.0673392138532204,-0.703331407535386,0.085,0.117,1,"AC109326.1"
4.83110103533853e-07,-0.703361532242746,0.307,0.43,0.0107733553088049,"MYO1F"
0.0606761001708338,-0.703542657369401,0.118,0.148,1,"RBM4"
0.00418208025126369,-0.703689442005473,0.266,0.318,1,"PRSS23"
0.0262886983150151,-0.703939840917297,0.127,0.168,1,"IDH3B"
2.08310257105137e-14,-0.704037256534356,0.669,0.758,4.64531873344455e-10,"IER2"
0.0310926298663325,-0.705439425613052,0.102,0.14,1,"RGS19"
4.0450851888992e-17,-0.705762064734408,0.699,0.807,9.02053997124523e-13,"SRSF5"
0.0333404916578593,-0.706141802401022,0.081,0.117,1,"BIRC2"
0.00948994426484569,-0.707203744939919,0.147,0.196,1,"TLN1"
0.0472899958887218,-0.707907366175779,0.09,0.125,1,"HNRNPD"
1.13005948752095e-05,-0.708485890909293,0.313,0.41,0.252003265717173,"LIMD2"
0.00750714204747333,-0.710824664393665,0.101,0.153,1,"POLR2B"
0.00189733237642834,-0.713970340868177,0.188,0.252,1,"DNTTIP2"
0.0447559350011198,-0.714690283675522,0.105,0.14,1,"IL12RB1"
0.0770435123357021,-0.714849220258555,0.11,0.14,1,"CPNE1"
0.0308905294613029,-0.715467675888211,0.087,0.125,1,"SMARCE1"
0.0550914588028175,-0.716563629658178,0.082,0.115,1,"PPP2R1A"
0.0167188043607934,-0.71946101955298,0.092,0.135,1,"VPS4B"
0.0106857995682347,-0.720652599744389,0.092,0.14,1,"MED28"
0.128242532532768,-0.723840039552379,0.078,0.102,1,"MRPL21"
0.0116219550316393,-0.724626833734237,0.09,0.137,1,"MED6"
0.111431773241003,-0.724722312429596,0.101,0.125,1,"NIPBL"
0.0423052927328834,-0.725711259966912,0.087,0.122,1,"SSH2"
0.0531151179384361,-0.726179760691234,0.07,0.102,1,"ITCH"
0.013191563481813,-0.726973991159903,0.206,0.249,1,"GPR65"
0.0346104285307993,-0.72727688526581,0.115,0.153,1,"PDLIM2"
0.000465093932161862,-0.729055561483176,0.235,0.303,1,"SRSF11"
0.0234652126107247,-0.729056810191787,0.073,0.112,1,"NANS"
1.88456669705173e-08,-0.729449695509452,0.484,0.57,0.000420258373442536,"GSTP1"
4.03669164376063e-06,-0.730510498251214,0.301,0.397,0.090018223655862,"ATP5J2"
0.000205968155134516,-0.730768681102516,0.194,0.28,1,"TRA2A"
0.0479886433446168,-0.731356527831511,0.096,0.13,1,"PDIA4"
1.4892296434961e-13,-0.731379444557322,0.602,0.71,3.3209821049963e-09,"RBM39"
0.0912508019748405,-0.731563323216887,0.085,0.112,1,"CGGBP1"
0.0328085024569275,-0.73291782312061,0.084,0.122,1,"AL157938.3"
0.0468516905109569,-0.733914059813941,0.098,0.132,1,"CEBPZ"
0.0601181079903705,-0.734390667636432,0.073,0.104,1,"NCKAP1L"
0.0172265627049395,-0.73538195202209,0.107,0.15,1,"TINF2"
0.000433642503339589,-0.73639950108688,0.203,0.277,1,"SDF2L1"
0.044432345645171,-0.736915356521237,0.076,0.109,1,"AC044849.2"
1.00599567539175e-05,-0.737843361158479,0.31,0.397,0.22433703561236,"WIPF1"
0.00639621613554542,-0.738818227711957,0.134,0.186,1,"LRP10"
0.0387198427165365,-0.739161916544766,0.096,0.132,1,"SP3"
0.00951924552476064,-0.739795603026251,0.13,0.178,1,"RNF44"
0.00044633598909511,-0.740950924789777,0.237,0.308,1,"PSMA4"
0.0355986296878224,-0.741106118351103,0.124,0.16,1,"TMEM109"
0.0431328799894611,-0.74291978834816,0.073,0.107,1,"SREK1"
4.18665086003811e-12,-0.743700268465743,0.513,0.631,9.33623141788499e-08,"DBI"
0.000725686782036668,-0.745663732242418,0.162,0.234,1,"NDUFAF8"
0.0285150963740621,-0.746882605126842,0.084,0.122,1,"KPNA6"
0.0771033273327568,-0.747274558174383,0.076,0.104,1,"CUL5"
0.033358119690607,-0.747603886088206,0.116,0.155,1,"WDR20"
0.00406745956178201,-0.748704795116319,0.197,0.252,1,"FCRL6"
0.114538714296501,-0.748765446735815,0.079,0.104,1,"FAM103A1"
0.0134113721145553,-0.750032921268776,0.116,0.16,1,"NKTR"
0.00239116334050612,-0.750057827896388,0.108,0.168,1,"PTS"
0.0915652792998047,-0.750942779453425,0.09,0.117,1,"MYO9B"
0.0385876801619282,-0.75148391089252,0.078,0.112,1,"OFD1"
0.0148215759997777,-0.754047408292803,0.118,0.163,1,"PPP1R7"
0.0141590710551551,-0.755008758994901,0.095,0.14,1,"FAM46A"
0.000233344011757245,-0.755022410486776,0.147,0.229,1,"CFLAR"
0.0228952706388222,-0.758791083732273,0.119,0.163,1,"KMT2C"
0.0168073190397427,-0.759652137187195,0.133,0.178,1,"GPCPD1"
0.00147082022684032,-0.760450023945011,0.133,0.201,1,"APOL6"
0.018545081663613,-0.760588166545889,0.095,0.137,1,"AC004865.2"
0.151673918745675,-0.76063821755719,0.085,0.107,1,"PPP2R2B"
0.0095999134065364,-0.760812242502058,0.127,0.176,1,"ANAPC5"
0.0108364791512492,-0.761294293565429,0.107,0.155,1,"KDM2A"
0.000998743440220378,-0.763866139563957,0.171,0.239,1,"ACTR3"
0.00135395707377067,-0.764275208389175,0.122,0.188,1,"PPP3CA"
0.0113270678438142,-0.764439874906082,0.101,0.15,1,"BRMS1"
0.0348941864615852,-0.764578999409603,0.092,0.127,1,"AC116347.1"
0.0494285062581153,-0.764752028953803,0.087,0.12,1,"SF3B4"
4.94182171946263e-07,-0.765964811654057,0.34,0.45,0.0110202624344017,"RSRP1"
2.98301569861125e-21,-0.766984483260422,0.783,0.88,6.65212500790308e-17,"CYBA"
0.000275541441487084,-0.767064647920795,0.174,0.252,1,"RNPS1"
0.00615189553084571,-0.767695000565015,0.159,0.214,1,"SLTM"
0.0479850955869482,-0.76878720206438,0.085,0.12,1,"SENP5"
0.000981548188747355,-0.768936326524835,0.081,0.142,1,"LST1"
0.0509986211111143,-0.771378352274876,0.111,0.148,1,"ASAH1"
0.0457027722884603,-0.771701552919076,0.081,0.115,1,"TECRP1"
0.010184575296313,-0.772973658746107,0.076,0.122,1,"VMA21"
0.00956246879520082,-0.773731139102444,0.179,0.224,1,"DDX3X"
0.0167589244631718,-0.775045766136048,0.085,0.127,1,"C1orf174"
0.0081096284083858,-0.776022555818947,0.096,0.145,1,"PTPN6"
8.29940399558043e-21,-0.776197903333114,0.705,0.84,1.85076709101444e-16,"CTSW"
0.00540465515695147,-0.77628232614867,0.137,0.191,1,"CDK11B"
0.00158661939584176,-0.776707133568427,0.115,0.178,1,"RNASEH2C"
8.58851799354934e-08,-0.777702073621105,0.319,0.443,0.0019152395125615,"BZW1"
0.0236308899143099,-0.77778028508616,0.119,0.16,1,"C2orf68"
0.0142122814926991,-0.781063103669154,0.095,0.14,1,"Metazoa-SRP.18"
0.00849011159301732,-0.783038732286411,0.128,0.178,1,"PLA2G16"
0.022177690192229,-0.78479730698482,0.084,0.125,1,"ANKRD49"
0.000246674222442774,-0.785491767552202,0.189,0.265,1,"PIN1"
0.00596265865386305,-0.78660074348727,0.139,0.191,1,"SEPT6"
0.000322925769486697,-0.786740048607299,0.258,0.323,1,"CHD1"
0.00160049933109588,-0.788862405368136,0.118,0.178,1,"ABT1"
0.0120007835402542,-0.793751783796909,0.144,0.191,1,"ATP1B3"
0.000220858148480717,-0.794480241453147,0.205,0.28,1,"SYTL1"
0.0117936199954101,-0.794937674859891,0.101,0.148,1,"CERS5"
0.20789420697934,-0.795461172066596,0.085,0.104,1,"TNIK"
0.000493334491884095,-0.796255337696936,0.211,0.28,1,"RASSF1"
0.0248087734144636,-0.797435292559853,0.092,0.13,1,"CUL3"
0.0788152269530891,-0.797457869280615,0.096,0.125,1,"LBR"
0.0480561353329002,-0.8002616438768,0.075,0.107,1,"RNF114"
0.0140666744433049,-0.802160488968014,0.067,0.109,1,"CRYBB2P1"
9.21814889848617e-06,-0.802594831271672,0.252,0.349,0.205564720436242,"BRD2"
0.000310967615771773,-0.802696149884867,0.202,0.277,1,"VASP"
0.00398652458442676,-0.802868385839345,0.089,0.142,1,"ATOX1"
0.0715118382749153,-0.804783191619144,0.073,0.102,1,"MEA1"
0.0020119649387976,-0.806029501251207,0.139,0.198,1,"PITPNC1"
0.0136217126912119,-0.806081146747679,0.111,0.158,1,"ATF6B"
9.02886903602602e-05,-0.80610956663124,0.173,0.26,1,"CRIPT"
0.107618036258693,-0.806799256556342,0.102,0.127,1,"COG3"
0.0664708134758858,-0.807744616455535,0.11,0.14,1,"FAM50A"
0.0151885994204718,-0.808808484634349,0.082,0.125,1,"SMC3"
0.173042279793455,-0.809180008000454,0.082,0.102,1,"FBXO3"
0.0062525111065062,-0.809379997786343,0.092,0.142,1,"GABPB1-AS1"
0.0201349469713573,-0.810712716635293,0.069,0.107,1,"TAGAP"
1.44435479981156e-07,-0.812067018175835,0.344,0.45,0.00322091120357978,"FAM49B"
0.0203872882655552,-0.813706651742404,0.098,0.14,1,"RABIF"
4.90975918655417e-20,-0.814878561297748,0.753,0.85,1.09487629860158e-15,"GZMA"
0.0121491351600806,-0.816994691827492,0.151,0.193,1,"KDELR2"
0.000309361203851638,-0.819803466544802,0.108,0.183,1,"HDDC2"
0.03188607960607,-0.820079029875813,0.133,0.17,1,"ZFAND5"
0.0140322795729369,-0.82134850949782,0.064,0.104,1,"SLAMF7"
7.8860678339095e-07,-0.822312136968109,0.22,0.336,0.0175859312696182,"RTN4"
0.0207659480844906,-0.822753237200168,0.079,0.12,1,"C19orf25"
0.00819607937517941,-0.823209933161797,0.082,0.13,1,"TIMM8B"
0.00048305330230181,-0.823691258161037,0.154,0.221,1,"C1D"
3.71588974238464e-05,-0.82525024896075,0.246,0.338,0.828643412551775,"AC004687.1"
0.00460844993316065,-0.826624573138401,0.076,0.127,1,"STXBP2"
0.0347928757527735,-0.828185313098857,0.067,0.102,1,"PFDN6"
9.46336989979652e-06,-0.830476544491935,0.226,0.326,0.211033148765462,"ADGRE5"
0.00294106558922791,-0.833679324672477,0.14,0.201,1,"SH3GLB1"
0.0312695246792074,-0.836102454758871,0.116,0.153,1,"COMMD7"
0.0062273336404732,-0.836918638312826,0.139,0.191,1,"IFI16"
0.00687456653274893,-0.838598694236745,0.093,0.142,1,"MOB4"
0.011649443159542,-0.83907602879441,0.121,0.165,1,"STX8"
0.00580524170084664,-0.840600353070118,0.082,0.132,1,"MAT2B"
0.0193134359507934,-0.840737340124473,0.09,0.13,1,"SNHG17"
0.011600678971486,-0.843164536265703,0.075,0.12,1,"NSRP1"
0.00010121027548355,-0.84341866913366,0.25,0.326,1,"ENSA"
0.000672971714925464,-0.845825292153016,0.142,0.211,1,"CALM3"
0.0195183139780818,-0.852222708864245,0.064,0.102,1,"PPP4R3A"
0.0139971560743632,-0.853023545495161,0.064,0.104,1,"AL359962.2"
0.000447253013643214,-0.857157515108075,0.136,0.209,1,"YME1L1"
1.45968130422273e-06,-0.858544313138035,0.221,0.333,0.0325508930841669,"EFHD2"
0.0264170302663988,-0.860805434144767,0.082,0.12,1,"DDX49"
0.00399639695266908,-0.862863548961923,0.089,0.142,1,"MTF2"
0.00563397101868933,-0.864159141724917,0.069,0.115,1,"ITPA"
0.0354575086519758,-0.867126074972965,0.07,0.104,1,"FGD3"
0.0580626179241759,-0.867826639419521,0.079,0.109,1,"CRELD2"
0.00818538671899169,-0.86847038384533,0.085,0.132,1,"MORF4L2"
0.0285232739229218,-0.873607601311729,0.09,0.127,1,"SH2D1A"
2.59090349138043e-08,-0.880609307223827,0.289,0.417,0.000577771478577837,"SERTAD1"
3.47039989756679e-05,-0.881442155813941,0.198,0.288,0.773899177157395,"ATP6V0B"
0.0162763814043937,-0.883569635811474,0.099,0.142,1,"C19orf66"
0.00943459015952865,-0.885852145247433,0.075,0.12,1,"HMGB1P5"
0.00296639261115547,-0.888961017489751,0.151,0.209,1,"RNF181"
0.0210482616616537,-0.890606212576682,0.089,0.127,1,"WDR45B"
7.42591050978398e-05,-0.89503286059603,0.194,0.272,1,"PSMD8"
0.00586602769219521,-0.898456699918582,0.102,0.153,1,"CDC42SE1"
1.73697058828671e-05,-0.89929999915293,0.186,0.282,0.387344441187937,"SH3KBP1"
0.000308719280815355,-0.902221409489838,0.157,0.229,1,"SYAP1"
0.0426401998042158,-0.902843039673313,0.07,0.102,1,"CD81"
0.00178471787704552,-0.903768497257654,0.11,0.17,1,"FIBP"
3.8729360981122e-17,-0.904688711055187,0.496,0.639,8.6366474987902e-13,"RAC2"
0.0302633435475538,-0.904996876938791,0.085,0.122,1,"PMAIP1"
0.0426537792432124,-0.906529097572428,0.076,0.109,1,"PAPD5"
0.00166430941578636,-0.911825107836123,0.098,0.155,1,"NUDC"
0.0123893439856453,-0.913049913485761,0.084,0.127,1,"PRPF31"
0.0128739683227488,-0.913146948264138,0.089,0.132,1,"CNPY3"
4.42405747429827e-15,-0.913960996914382,0.36,0.545,9.86564816768514e-11,"CYCS"
0.000363649606156233,-0.915581550335187,0.156,0.232,1,"SFPQ"
0.00363866186571398,-0.91597299324232,0.082,0.135,1,"RNF4"
0.00262970832956434,-0.923130135793063,0.105,0.163,1,"ADAM8"
0.00100082890487999,-0.92611214176352,0.085,0.145,1,"VOPP1"
2.27172247875015e-05,-0.926236297854764,0.192,0.282,0.506594112761284,"AC027290.2"
0.0155414900588069,-0.92921890827187,0.07,0.109,1,"ATG4B"
6.49458042188647e-06,-0.930574029367435,0.189,0.288,0.144829143408068,"MAF1"
0.0156922380472494,-0.931280395459143,0.075,0.115,1,"RASA2"
0.0137682320438146,-0.932462145843417,0.093,0.137,1,"WDR45"
0.00564912103948289,-0.932808545286371,0.09,0.14,1,"HELZ"
0.00912478721425191,-0.932925652000509,0.06,0.102,1,"SLC15A4"
1.07729229413839e-25,-0.933826903991038,0.699,0.827,2.40236181592861e-21,"IFITM2"
0.000906642612693024,-0.934083111483043,0.104,0.17,1,"HINT2"
7.64930723226827e-06,-0.935124186814551,0.218,0.316,0.170579551279582,"CHMP4A"
3.66771696997462e-12,-0.938930562253859,0.347,0.499,8.17900884304341e-08,"TPI1"
0.0244617501750229,-0.94067382602968,0.079,0.117,1,"TWF2"
5.20354020343093e-06,-0.942145236725933,0.214,0.321,0.11603894653651,"ZNF331"
7.18104815475301e-06,-0.946026479562791,0.282,0.374,0.160137373850992,"IFRD1"
0.013913391069272,-0.95099987090662,0.079,0.12,1,"PRMT1"
0.0400782777115031,-0.952476872423099,0.076,0.109,1,"SERINC3"
0.14165455167207,-0.954508532564607,0.084,0.107,1,"NSD1"
0.000614657004522786,-0.956842309057778,0.101,0.165,1,"ZFAND6"
0.000384150700560025,-0.964411134311116,0.142,0.216,1,"TFDP2"
1.81754196298376e-64,-0.964731565045429,0.995,0.975,4.0531185774538e-60,"GNLY"
1.12320973146472e-05,-0.966690697474876,0.163,0.262,0.250475770116632,"MYDGF"
0.000198563278736078,-0.967588354400823,0.15,0.226,1,"PHF20"
0.0173334805914561,-0.967870132395457,0.069,0.107,1,"TRIM22"
1.85347538155154e-12,-0.970056699421542,0.308,0.486,4.13325010085993e-08,"ARPC4"
1.31934495604338e-06,-0.970577046144584,0.174,0.28,0.0294213925197675,"POLR2G"
0.00690280800025444,-0.970680631280943,0.072,0.117,1,"MCRS1"
0.00375822875379464,-0.9737082087812,0.081,0.132,1,"SH2D2A"
0.000860054558538214,-0.973890394579218,0.082,0.145,1,"TMEM41B"
0.00606004022402357,-0.974891309957873,0.079,0.127,1,"NT5C"
1.9190840233677e-07,-0.977658689528741,0.232,0.351,0.00427955737210998,"DOK2"
0.00693325965533317,-0.978430235693395,0.067,0.112,1,"SRP54"
0.000295895940563095,-0.982971709396721,0.147,0.219,1,"PTPRE"
0.00309593219411592,-0.993267633138747,0.082,0.135,1,"BABAM1"
8.12612576316969e-05,-0.993731659796294,0.119,0.198,1,"THEMIS2"
1.88135080600343e-12,-0.996490515266813,0.437,0.578,4.19541229738764e-08,"NOL4L"
0.000689275926093766,-0.997781937906043,0.092,0.155,1,"SFT2D1"
1.33488294305317e-09,-0.998587535353782,0.249,0.389,2.97678896300858e-05,"MATK"
0.0119382637602019,-0.998906153715892,0.063,0.102,1,"COMMD5"
0.00363958556772874,-1.00538037095244,0.084,0.135,1,"TMEM126A"
0.000198361802466113,-1.00779178517106,0.113,0.186,1,"ABHD17A"
0.000644254238747532,-1.00873653975515,0.084,0.148,1,"OTUD6B-AS1"
2.16885380184229e-14,-1.01856287652509,0.336,0.522,4.83654397810831e-10,"CNOT2"
0.00766913458035837,-1.01915340623304,0.069,0.112,1,"STX4"
4.21294674044144e-08,-1.02553253290455,0.218,0.344,0.000939487123118442,"OSTF1"
0.00400027290461152,-1.0258914784373,0.058,0.104,1,"BAK1"
1.59486846882469e-08,-1.02606688679252,0.217,0.346,0.000355655668547907,"GNG2"
5.93152871207545e-06,-1.02645364518812,0.153,0.252,0.132273090279283,"MVD"
2.03472975627825e-11,-1.0301228892282,0.344,0.496,4.53744735650049e-07,"TMEM2"
3.61938341830107e-05,-1.03014175061857,0.119,0.204,0.807122502281139,"TADA3"
6.50869803440488e-05,-1.03285843277962,0.147,0.229,1,"SDF4"
0.000217948474293129,-1.03355315667295,0.095,0.165,1,"HMOX2"
0.0204201687352612,-1.03390135190387,0.069,0.107,1,"KXD1"
0.0070762628197748,-1.03610453517771,0.06,0.102,1,"AL358333.2"
0.000658978986342098,-1.03695280376653,0.075,0.135,1,"MRPL34"
2.36091189758964e-07,-1.04202039556167,0.179,0.295,0.0052648335316249,"TTC38"
1.69088385660059e-07,-1.04366250474141,0.185,0.308,0.00377067100021932,"PPP1R18"
1.83580053850793e-05,-1.04420246477786,0.128,0.219,0.409383520087269,"BANF1"
1.37716645266987e-30,-1.04464985366656,0.2,0.593,3.07108118945381e-26,"TRDC"
0.000673573743138743,-1.05273990900936,0.085,0.148,1,"SAT2"
0.00260809578199451,-1.05377454871112,0.069,0.12,1,"DDRGK1"
7.61343656504713e-06,-1.05410805397862,0.192,0.29,0.169779635400551,"PDE4D"
0.00236849587441378,-1.0551873455769,0.085,0.14,1,"TCP1"
0.000377991202068185,-1.05723962906306,0.079,0.145,1,"CHD9"
0.00217732370696253,-1.05980897100185,0.085,0.14,1,"CCND2"
0.000551393821632581,-1.06531280339571,0.128,0.196,1,"PHPT1"
1.2129570072671e-11,-1.06538353967846,0.333,0.473,2.70489412620562e-07,"CD63"
2.95225057862332e-05,-1.06695134834979,0.115,0.196,0.658351879033,"PRPF4B"
0.00424031430745196,-1.06934334538003,0.061,0.107,1,"CCDC97"
2.13367439698583e-05,-1.07102435520226,0.082,0.165,0.475809390527841,"PRKAR1A"
3.08833824746896e-11,-1.07293938424891,0.224,0.394,6.88699429185577e-07,"ALOX5AP"
0.000945785765280148,-1.08081005868882,0.063,0.12,1,"PSD4"
3.51306841585922e-30,-1.08182406257019,0.766,0.888,7.83414256736607e-26,"MT-RNR1"
0.000964542893492918,-1.08759617999964,0.085,0.145,1,"AKIRIN1"
3.4428915240041e-16,-1.09060804999638,0.461,0.618,7.67764809852915e-12,"HOPX"
5.11166107001748e-09,-1.09294360458345,0.203,0.336,0.00011399004186139,"BST2"
0.00121522231260358,-1.09430938271109,0.082,0.14,1,"ITPRIP"
0.00120875055575055,-1.09482529413195,0.058,0.112,1,"GPBP1L1"
0.00483033043193146,-1.09608532284023,0.075,0.122,1,"TRIAP1"
2.72642703029948e-05,-1.09723243829924,0.113,0.198,0.607993227756783,"GNPTAB"
0.00341384683451241,-1.09753114798814,0.079,0.13,1,"TRAPPC4"
5.17800822946412e-09,-1.09764378707679,0.198,0.338,0.00011546958351705,"ARHGAP9"
2.82197992167704e-09,-1.10652011019208,0.195,0.336,6.29301522533981e-05,"IQGAP1"
0.000481931947980084,-1.10973091949182,0.064,0.125,1,"DNMT1"
0.000797964924323522,-1.1116235003309,0.082,0.142,1,"STX5"
9.86449352025188e-05,-1.11209732487132,0.107,0.183,1,"EWSR1"
0.00189865227414354,-1.1121424558105,0.066,0.12,1,"KIR2DS4"
0.000111600787122964,-1.1136247555237,0.067,0.135,1,"LPCAT1"
9.0465833895372e-05,-1.11719612957896,0.055,0.122,1,"NRDC"
0.00157665661263232,-1.11814658871163,0.063,0.115,1,"KAT6B"
0.000171803063542743,-1.11829555704138,0.09,0.16,1,"ABI3"
0.0048487882060379,-1.12360831426241,0.072,0.122,1,"SLC35A3"
7.55289797817264e-14,-1.12415136497464,0.275,0.448,1.6842962491325e-09,"APMAP"
7.97485050912778e-06,-1.12474967586696,0.122,0.216,0.17783916635355,"FGR"
0.00562146296159377,-1.12480771157058,0.073,0.12,1,"NFKBIB"
7.35533199220757e-05,-1.12792726160373,0.102,0.181,1,"CDK2AP2"
0.00334542912532274,-1.128584065576,0.066,0.115,1,"TES"
0.0041633406889467,-1.13120459423601,0.066,0.112,1,"GANAB"
0.000923168978117889,-1.13120511767356,0.075,0.132,1,"MTERF4"
4.19568508386911e-07,-1.13352261486434,0.168,0.28,0.00935637773702811,"PNN"
0.00486724649075935,-1.145110578228,0.063,0.109,1,"CBX5"
0.000181749299432303,-1.14955293352888,0.108,0.181,1,"PCF11"
0.00681908469225709,-1.15648737257069,0.064,0.107,1,"DEF6"
0.0199092378240098,-1.1565942304629,0.079,0.117,1,"TUBGCP6"
0.00476028884783347,-1.15785410099667,0.07,0.117,1,"SYS1"
0.00298328655893961,-1.16358513804738,0.06,0.107,1,"ADA"
0.00365539720643623,-1.16430367543718,0.058,0.104,1,"TMEM126B"
4.37707037429339e-10,-1.17033558794093,0.244,0.382,9.76086693467425e-06,"CD164"
2.86924305565987e-09,-1.17231970056562,0.169,0.308,6.39841201412151e-05,"ANKRD10"
0.00179208479138554,-1.17239278440838,0.056,0.107,1,"ARL16"
0.000771227653141033,-1.17315881799013,0.049,0.102,1,"TMEM138"
1.94959025410007e-05,-1.17720784607136,0.104,0.188,0.434758626664316,"BPGM"
0.00279092177719752,-1.17724870971363,0.055,0.102,1,"SFT2D2"
1.21024000523879e-07,-1.17764156256817,0.154,0.272,0.0026988352116825,"RBM38"
0.000196692814441341,-1.17833625529491,0.061,0.125,1,"LYPLA1"
0.00137932149612471,-1.17872856503268,0.078,0.135,1,"RBM33"
8.8091200176902e-15,-1.1851909514858,0.281,0.461,1.96443376394491e-10,"PRDX5"
0.000215881504302156,-1.19403081834187,0.101,0.173,1,"LYST"
3.7428381349522e-05,-1.22479817322071,0.075,0.15,0.83465290409434,"ITGAM"
0.00961747826226849,-1.22691058448776,0.061,0.102,1,"PARP10"
0.000387693416393841,-1.22903542419091,0.052,0.109,1,"IFI35"
0.000410522694378227,-1.23358813799809,0.073,0.135,1,"AC245297.3"
0.00131822764292399,-1.2467781689743,0.055,0.107,1,"PRMT9"
0.000551781473188772,-1.24688249137002,0.058,0.115,1,"FAM105A"
0.000106582466040968,-1.25234292274059,0.098,0.17,1,"MAPK1"
0.00123061971000047,-1.25440480306782,0.058,0.109,1,"TMEM71"
5.47443262406697e-06,-1.26153233721971,0.099,0.191,0.122079847516693,"CD300A"
0.00176230789571718,-1.26624020898799,0.066,0.117,1,"INPP5K"
0.000257364852101254,-1.27024884719534,0.049,0.107,1,"BEX4"
2.7224819854582e-05,-1.2707058487735,0.067,0.142,0.607113482757179,"PTPN12"
0.000615797104539567,-1.27902419647068,0.058,0.115,1,"PJA2"
0.000211226740903554,-1.28206156100743,0.079,0.145,1,"MAD2L2"
2.41524192423111e-19,-1.30253370705039,0.269,0.491,5.38598949103538e-15,"CTSD"
4.00978367300271e-48,-1.30801785276441,0.673,0.911,8.94181759079605e-44,"GZMB"
0.000454456118840612,-1.31813246630794,0.073,0.135,1,"LAIR1"
0.00015962577625537,-1.32650061331906,0.056,0.12,1,"LASP1"
0.00107796940943595,-1.34324947307171,0.061,0.115,1,"NCOA1"
0.000323534129427232,-1.34846343728161,0.063,0.122,1,"SLC35B1"
1.67151364374555e-07,-1.34980392365599,0.095,0.201,0.00372747542555258,"MAFF"
1.65208187164302e-09,-1.35246988730071,0.147,0.28,3.68414257376394e-05,"METRNL"
4.20118362535477e-21,-1.36304038136779,0.289,0.522,9.36863948454115e-17,"JAK1"
9.54994527632686e-45,-1.37405248017489,0.455,0.855,2.12963779662089e-40,"KLRB1"
1.06562656538227e-15,-1.38324091179185,0.275,0.468,2.37634724080247e-11,"EIF3G"
5.0311481262568e-07,-1.38362785894696,0.076,0.173,0.0112194603215527,"INPP5D"
1.83137204466586e-08,-1.38408056961255,0.111,0.232,0.000408395965960486,"MIB2"
8.19986530018226e-23,-1.39056892967678,0.531,0.733,1.82856996194064e-18,"CCL4"
1.71689257404268e-05,-1.40932297335917,0.061,0.135,0.382867044011518,"RIN3"
5.89699191199471e-07,-1.4226675215808,0.089,0.188,0.0131502919637482,"CEP78"
5.14153236988051e-10,-1.4313796965629,0.137,0.277,1.14656171848335e-05,"S1PR5"
0.000396903130178675,-1.43762344764828,0.047,0.102,1,"ABHD2"
2.22635060588953e-36,-1.44593435302017,0.493,0.763,4.96476185113366e-32,"PRF1"
4.88929744829764e-05,-1.45211303598245,0.056,0.125,1,"G6PD"
1.26307499593449e-05,-1.4716644929716,0.041,0.109,0.281665724093391,"LMNB1"
4.27403982860406e-07,-1.48574727941025,0.095,0.193,0.00953110881778705,"AGTRAP"
1.4297599036994e-12,-1.49027225028273,0.144,0.308,3.18836458524966e-08,"IFITM3"
8.297909299353e-35,-1.49091977525359,0.435,0.7,1.85043377375572e-30,"PLAC8"
2.29380160165723e-19,-1.52291800385551,0.139,0.369,5.11517757169561e-15,"NCR3"
2.00651944520454e-21,-1.5459333510124,0.264,0.501,4.47453836280612e-17,"MAP3K8"
2.22492077618835e-17,-1.56343875259752,0.147,0.356,4.96157333090002e-13,"DHRS3"
1.42672426326487e-06,-1.56727713999255,0.052,0.135,0.0318159510708066,"YES1"
1.30659450118387e-10,-1.57706669275595,0.102,0.242,2.91370573764003e-06,"AOAH"
5.53255601356526e-45,-1.64133940909593,0.38,0.738,1.23375999102505e-40,"CD247"
6.69499888366327e-12,-1.65223816785129,0.082,0.226,1.49298475105691e-07,"AKR1C3"
1.69373802418578e-27,-1.66759951327008,0.221,0.504,3.77703579393429e-23,"RHOC"
1.89438538912617e-07,-1.66769673893617,0.05,0.14,0.00422447941775135,"CD244"
2.6016910284612e-07,-1.66971536898215,0.056,0.148,0.00580177099346847,"LYN"
2.46367186071114e-09,-1.67143022851897,0.076,0.193,5.49398824938585e-05,"GK5"
2.58628349234064e-05,-1.75132834759008,0.044,0.109,0.576741218791963,"PARN"
2.42180380126257e-35,-1.75900359559563,0.284,0.613,5.40062247681554e-31,"FCGR3A"
1.37748656030466e-06,-1.7952496246364,0.043,0.12,0.0307179502947939,"CTBP2"
9.68987113256265e-08,-1.81491852430185,0.058,0.153,0.00216084126256147,"STARD3NL"
7.849437202197e-31,-1.8213081930457,0.22,0.542,1.75042449608993e-26,"CMC1"
2.52599432871901e-07,-1.82170354037482,0.04,0.122,0.0056329673530434,"TIGIT"
1.02406718117325e-46,-1.82683844083118,0.421,0.748,2.28366981401635e-42,"SPON2"
5.14469148961283e-07,-1.94138052369562,0.046,0.127,0.0114726620218366,"SEC14L1"
1.87556130593563e-09,-2.03225115146521,0.075,0.191,4.18250171223646e-05,"AREG"
4.40091992390691e-80,-2.08780419452478,0.412,0.86,9.8140514303124e-76,"CD7"
9.18910016422106e-22,-2.25128443329111,0.096,0.313,2.0491693366213e-17,"C1orf162"
1.29043885396933e-08,-2.29426608923619,0.032,0.12,0.00028776786443516,"IRS2"
1.58785552499265e-12,-2.31174499292675,0.046,0.173,3.54091782073361e-08,"SCLT1"
4.23143688928654e-09,-2.46951792363477,0.023,0.107,9.43610426310898e-05,"ZBTB16"
7.65291994758962e-10,-2.53842790235009,0.02,0.107,1.70660114831249e-05,"NCR1"
2.12382991317974e-43,-2.55105283221629,0.168,0.524,4.73614070639082e-39,"CLIC3"
4.82339401501773e-10,-2.62773546404237,0.017,0.102,1.07561686534895e-05,"APBA2"
1.38888724031201e-41,-2.74085235164414,0.116,0.461,3.09721854589579e-37,"IL2RB"
5.71094387570766e-77,-2.74467913774535,0.162,0.7,1.27354048428281e-72,"KLRF1"
8.89641612307583e-17,-2.74722599417013,0.043,0.198,1.98390079544591e-12,"TXK"
1.37051241163558e-117,-2.75188927303488,0.252,0.919,3.05624267794735e-113,"TYROBP"
2.01318552866163e-19,-2.86510803533533,0.037,0.206,4.48940372891544e-15,"TLE1"
1.47771691027819e-26,-3.0259046036977,0.05,0.277,3.29530870992037e-22,"KLRC1"
4.75950587891705e-16,-3.28998145581379,0.023,0.155,1.0613698109985e-11,"CD160"
1.76940124281378e-12,-3.40521385415028,0.015,0.115,3.94576477147473e-08,"MLC1"
9.21708127943116e-84,-3.42197170618508,0.121,0.667,2.05540912531315e-79,"MYOM2"
9.0054671672828e-17,-3.42580642156519,0.021,0.158,2.00821917830407e-12,"XCL2"
1.0313016595797e-24,-3.52628374376834,0.021,0.209,2.29980270086274e-20,"LAT2"
1.49111870098467e-13,-3.56771217517313,0.027,0.148,3.32519470319581e-09,"PTGDS"
1.15832871447649e-13,-3.69381943383833,0.011,0.112,2.58307303328258e-09,"IRF8"
2.2763883363917e-13,-3.75424546366572,0.009,0.107,5.07634599015349e-09,"CXXC5"
9.09694366507708e-24,-3.88030033073046,0.02,0.198,2.02861843731219e-19,"HSH2D"
1.75085084994329e-118,-3.9556294326065,0.104,0.781,3.90439739537353e-114,"FCER1G"
8.86935113834131e-66,-4.05724009165733,0.04,0.478,1.97786530385011e-61,"B3GNT7"
2.23981687346218e-16,-4.40501750466439,0.008,0.122,4.99479162782065e-12,"CHST2"
5.09198354461714e-19,-4.67204528424247,0.009,0.142,1.13551233044962e-14,"TMIGD2"
5.80854290869263e-18,-4.73698390029678,0.003,0.12,1.29530506863846e-13,"SH2D1B"
3.25830428957489e-50,-5.13784155073416,0.015,0.341,7.266018565752e-46,"IGFBP7"
1.34165037332739e-22,-5.32466471002676,0.005,0.153,2.99188033252009e-18,"CD38"
