"p_val","avg_log2FC","pct.1","pct.2","p_val_adj","cluster","gene"
0,4.43270058123984,0.921,0.126,0,"0","FCN1"
0,6.20806705577481,0.907,0.117,0,"0","S100A12"
0,4.28979577385546,0.853,0.092,0,"0","CSTA"
0,3.11224719368826,0.957,0.221,0,"0","CST3"
0,5.72377045330385,0.765,0.044,0,"0","VCAN"
0,2.68351550316594,0.923,0.207,0,"0","LST1"
0,4.23664457950842,0.769,0.078,0,"0","CLEC7A"
0,3.82296479757864,0.794,0.128,0,"0","NAMPT"
0,3.11784898314757,0.977,0.311,0,"0","TYROBP"
0,2.76921651064167,0.878,0.223,0,"0","AIF1"
0,3.18411578855125,0.755,0.105,0,"0","CFD"
0,2.39776480141602,0.881,0.232,0,"0","FCER1G"
0,4.92602265398447,0.799,0.151,0,"0","CXCL8"
0,2.85089245622543,0.86,0.228,0,"0","S100A11"
0,5.39295874851772,0.656,0.043,0,"0","CD14"
0,3.08250983590359,0.897,0.285,0,"0","GPX1"
0,3.09536806835149,0.907,0.298,0,"0","CTSS"
0,3.62576385478691,0.684,0.105,0,"0","PLAUR"
0,5.58181768321231,0.621,0.043,0,"0","THBS1"
0,4.05366154693282,0.647,0.071,0,"0","LYZ"
0,3.94573478617273,0.668,0.099,0,"0","G0S2"
0,2.60292221026099,0.869,0.302,0,"0","PSAP"
0,5.3950391861118,0.995,0.434,0,"0","S100A8"
0,2.27393200645537,0.943,0.388,0,"0","LGALS1"
0,3.73995854554458,0.643,0.11,0,"0","ATP2B1-AS1"
0,2.74549448821391,0.73,0.2,0,"0","FTLP3"
0,3.32898865470083,0.592,0.065,0,"0","SERPINA1"
0,4.46332379274557,0.557,0.049,0,"0","MNDA"
0,4.28087088522678,0.551,0.044,0,"0","MS4A6A"
0,3.0485712615386,0.644,0.142,0,"0","STXBP2"
0,2.44814840925931,0.808,0.311,0,"0","MCL1"
0,5.1820003341118,0.525,0.033,0,"0","CSF3R"
0,4.66393637388533,0.512,0.036,0,"0","LGALS2"
0,1.94413373021178,0.855,0.391,0,"0","COTL1"
0,3.64556696225793,0.534,0.08,0,"0","KLF4"
0,5.5571874362918,0.999,0.548,0,"0","S100A9"
0,4.05732785542956,0.486,0.042,0,"0","TMEM176B"
0,3.13862378314361,0.986,0.554,0,"0","NEAT1"
0,4.05491864797866,0.472,0.05,0,"0","FGL2"
0,3.95143980917974,0.459,0.038,0,"0","C5AR1"
0,2.63884727271903,0.962,0.543,0,"0","SAT1"
0,4.16345470659569,0.461,0.046,0,"0","CYBB"
0,4.70360948391337,0.457,0.044,0,"0","IL1B"
0,5.43400554948689,0.405,0.018,0,"0","AC245128.3"
0,2.46550107428498,0.997,0.816,0,"0","S100A6"
0,1.6422426664329,0.998,0.827,0,"0","S100A4"
0,1.51360364106784,0.968,0.814,0,"0","OAZ1"
0,1.58816935633742,0.986,0.842,0,"0","SRGN"
0,2.62793976631219,1,0.978,0,"0","FTL"
0,1.22199917997537,0.997,0.997,0,"0","MT-CO1"
2.47032822920623e-322,3.2920238163808,0.65,0.159,5.5088319511299e-318,"0","AC109326.1"
2.37823439282142e-319,3.06852824850389,0.591,0.115,5.30346269599178e-315,"0","GRN"
2.28772156650331e-318,1.76254761461158,0.921,0.643,5.10161909330238e-314,"0","VIM"
1.53896955804666e-313,3.78194192028717,0.585,0.123,3.43190211444405e-309,"0","TMEM107"
1.60082147369205e-312,3.91341857875056,0.469,0.055,3.56983188633327e-308,"0","TNFSF13B"
1.77352869450013e-312,3.06871116640897,0.612,0.139,3.9549689887353e-308,"0","AP1S2"
5.16614914472512e-312,1.48092862914388,0.875,0.337,1.1520512592737e-307,"0","HLA-DRA"
7.17874052592634e-312,3.68049422041993,0.523,0.081,1.60085913728157e-307,"0","RNVU1-19"
6.52783204422496e-311,0.755668811474241,0.995,0.995,1.45570654586217e-306,"0","MT-CO3"
4.01028473159488e-309,2.20923355173143,0.83,0.418,8.94293495145659e-305,"0","TSPO"
2.81455780567463e-306,5.24678950114877,0.371,0.02,6.27646390665442e-302,"0","RBP7"
1.18650151690177e-297,3.48373457139497,0.483,0.066,2.64589838269094e-293,"0","CFP"
3.09797022501173e-295,2.40144029935032,0.693,0.211,6.90847360177616e-291,"0","NPC2"
2.50297532288956e-290,4.29998798613645,0.392,0.032,5.58163497004371e-286,"0","CD36"
1.34080159563095e-286,4.52765810419155,0.373,0.026,2.98998755825701e-282,"0","TMEM176A"
2.49227220993943e-274,3.73843751170161,0.415,0.045,5.55776702816492e-270,"0","MAFB"
6.41041381024522e-274,1.14918201007233,0.992,0.873,1.42952227968468e-269,"0","FOS"
1.77888923963791e-269,3.73452611934099,0.436,0.058,3.96692300439255e-265,"0","TYMP"
6.26435462029261e-262,6.44386634349113,0.292,0.008,1.39695108032525e-257,"0","CYP1B1"
6.30519195278805e-260,2.66277958821591,0.591,0.156,1.40605780547173e-255,"0","ASAH1"
6.20955812016695e-256,0.682775077825163,0.997,0.994,1.38473146079723e-251,"0","MT-CO2"
8.14783280695689e-250,0.670653309280074,0.996,0.991,1.81696671595139e-245,"0","RPS24"
1.62342134306102e-248,4.58001942459938,0.339,0.027,3.62022959502608e-244,"0","TREM1"
5.75160944845983e-244,3.99913540576173,0.379,0.044,1.28260890700654e-239,"0","MPEG1"
1.75230738530404e-242,0.684172560523856,0.995,0.993,3.90764546922802e-238,"0","MT-ND4"
2.47713622320733e-242,4.20654932082276,0.351,0.033,5.52401377775235e-238,"0","SLC11A1"
6.2785032233864e-240,2.18976270209954,0.738,0.311,1.40010621881517e-235,"0","RGS2"
2.55358570043983e-239,2.41206906151438,0.627,0.204,5.69449611198083e-235,"0","TKT"
5.19734626708423e-235,0.822775137727609,0.995,0.982,1.15900821755978e-230,"0","ACTB"
1.47895166999823e-232,0.808176876829521,0.989,0.976,3.29806222409606e-228,"0","MT-ND1"
4.77723008540154e-228,3.73669747229414,0.438,0.08,1.06532230904454e-223,"0","AC245014.3"
6.69298387289513e-228,1.00206750952388,0.968,0.902,1.49253540365561e-223,"0","ATP5E"
5.28131875435487e-222,2.61764841252213,0.527,0.134,1.17773408222114e-217,"0","FCGRT"
1.45283521980621e-220,0.59636965919603,1,0.999,3.23982254016785e-216,"0","TMSB4X"
1.02821535847967e-216,0.708338481596495,0.995,0.985,2.29292024940967e-212,"0","MT-ND3"
3.57418445146396e-215,2.6433827115517,0.517,0.133,7.97043132676463e-211,"0","APLP2"
1.61108853952671e-214,5.01655460822181,0.279,0.017,3.59272744314457e-210,"0","BASP1"
7.82052236338046e-213,4.41409202591404,0.302,0.026,1.74397648703384e-208,"0","PLBD1"
4.56340820889946e-212,1.46652000388757,0.865,0.588,1.01764003058458e-207,"0","C14orf2"
8.58174401148588e-212,2.78434246733631,0.515,0.139,1.91372891456135e-207,"0","GLUL"
3.9336239722085e-209,2.42430106910015,0.529,0.14,8.77198145802497e-205,"0","PTPRE"
7.93063697547713e-208,3.94529423195416,0.32,0.034,1.7685320455314e-203,"0","NCF2"
1.76800097350844e-206,4.26014221010723,0.301,0.028,3.94264217092383e-202,"0","CD300E"
1.02892489708205e-202,2.82966503598877,0.437,0.092,2.29450252049298e-198,"0","RNF130"
6.21682074617847e-202,2.63358916502862,0.52,0.146,1.3863510263978e-197,"0","ATP2B1"
3.16959360022033e-199,2.36110708740864,0.61,0.231,7.06819372849133e-195,"0","SOD2"
1.55739317897562e-196,3.2827341168393,0.385,0.068,3.47298678911564e-192,"0","SGK1"
7.907392940406e-195,1.6281648824069,0.82,0.47,1.76334862571054e-190,"0","ANXA1"
1.66616996299603e-191,3.07175040501668,0.334,0.043,3.71555901748114e-187,"0","SMIM25"
1.87993092330075e-190,4.31034714642998,0.269,0.022,4.19224595896068e-186,"0","DMXL2"
1.25272650298171e-189,4.42241733728991,0.26,0.019,2.79358010164921e-185,"0","CDA"
6.18660274337137e-189,1.61075304138546,0.756,0.382,1.37961241177182e-184,"0","GSTP1"
9.20971839557707e-189,4.09651069111934,0.299,0.034,2.05376720221369e-184,"0","RAB31"
7.95935935902676e-187,1.84575837781408,0.728,0.372,1.77493713706297e-182,"0","FOSB"
1.92113370304336e-183,2.78915889747197,0.397,0.078,4.2841281577867e-179,"0","PHACTR1"
5.57853547515626e-183,1.19410235935164,0.894,0.653,1.24401341095985e-178,"0","CYBA"
7.51719589712038e-183,3.53997258952857,0.312,0.041,1.67633468505785e-178,"0","CEBPD"
3.91485668686659e-181,2.1298577561942,0.603,0.231,8.7301304117125e-177,"0","CTSD"
7.52973092326866e-180,2.94262491947889,0.384,0.076,1.67912999588891e-175,"0","CAPG"
1.06698953243736e-178,3.53352883179517,0.292,0.034,2.37938665733531e-174,"0","LILRA5"
2.32320940585668e-178,3.80415164632843,0.285,0.032,5.18075697506039e-174,"0","TGFBI"
1.93216876903512e-176,4.3129787064847,0.257,0.022,4.30873635494831e-172,"0","KCTD12"
1.26628261608111e-174,3.74343803306989,0.282,0.032,2.82381023386087e-170,"0","CLEC12A"
2.80177000770858e-172,0.872037701219242,0.955,0.897,6.24794711719014e-168,"0","SERF2"
4.13344610184951e-171,2.47867695380545,0.484,0.145,9.21758480712441e-167,"0","HIF1A"
9.66517569906351e-170,2.27341272657908,0.502,0.154,2.15533418089116e-165,"0","PYCARD"
1.08446565802378e-168,3.39291471663653,0.289,0.036,2.41835841739302e-164,"0","SLC7A7"
2.04369028263722e-168,0.613331254758934,0.992,0.988,4.557429330281e-164,"0","MT-ATP6"
5.05743207860535e-166,1.94790580011958,0.529,0.174,1.12780735352899e-161,"0","TIMP1"
9.29376668196374e-166,3.85118201305533,0.268,0.03,2.07250997007791e-161,"0","MGST1"
3.97913750593861e-165,1.50267795593048,0.761,0.47,8.8734766382431e-161,"0","RNASEK"
2.64633898868906e-164,2.3472636914427,0.489,0.156,5.9013359447766e-160,"0","C4orf48"
6.77386373436743e-161,3.45428395228886,0.288,0.04,1.51057161276394e-156,"0","RNVU1-15"
3.19374146486465e-158,1.72349117212961,0.705,0.37,7.12204346664816e-154,"0","JUND"
5.85309124204193e-157,0.852445533802428,0.949,0.848,1.30523934697535e-152,"0","MT-RNR1"
8.33356161559668e-156,1.40646367159273,0.797,0.547,1.85838424027806e-151,"0","ELOB"
4.35135554124297e-155,2.85417187022117,0.373,0.087,9.70352285697182e-151,"0","CDKN1A"
1.28446969223034e-153,3.01289575389248,0.262,0.032,2.86436741367365e-149,"0","RETN"
8.1191754249943e-153,3.53061498541562,0.274,0.038,1.81057611977373e-148,"0","CPVL"
3.3468191237203e-152,2.82458714655705,0.329,0.062,7.46340664589627e-148,"0","LY86"
3.83460561043925e-152,2.94343802700795,0.332,0.064,8.55117051127953e-148,"0","QKI"
2.05929338833081e-151,3.44654982375095,0.29,0.046,4.5922242559777e-147,"0","ODF3B"
1.9379340019308e-150,2.79607434666422,0.344,0.072,4.32159282430568e-146,"0","STX11"
3.70172191328628e-150,1.51595413787896,0.588,0.225,8.25483986662841e-146,"0","HLA-DRB1"
1.21228629727354e-147,2.46242461469069,0.382,0.093,2.70339844291999e-143,"0","LGALS3"
9.9325930980233e-147,1.39914528510058,0.764,0.493,2.2149682608592e-142,"0","MTCO1P12"
2.04419917249252e-146,1.92956579193043,0.543,0.213,4.55856415465833e-142,"0","C1orf162"
1.47990342751493e-142,1.79983973470549,0.619,0.297,3.3001846433583e-138,"0","SAMSN1"
8.73318695604104e-141,0.571984983487844,0.992,0.988,1.94750069119715e-136,"0","MT-RNR2"
2.28380679238278e-139,0.37515775099804,0.835,0.553,5.09288914701361e-135,"0","CD74"
2.58449917294342e-139,3.06541322395411,0.269,0.041,5.76343315566382e-135,"0","RNASE6"
4.64929546087956e-136,2.62651699032946,0.374,0.099,1.03679288777614e-131,"0","BCL2A1"
2.03957982479211e-135,3.24568074449666,0.279,0.049,4.54826300928642e-131,"0","LY96"
1.61485918047376e-134,3.4698471020721,0.255,0.038,3.60113597245649e-130,"0","SNORD3B-1"
1.74939200398051e-133,0.485317157381256,0.995,0.99,3.90114416887653e-129,"0","TMSB10"
3.58530902770933e-133,1.9744149614585,0.492,0.181,7.9952391317918e-129,"0","ANXA5"
1.47933031407382e-132,2.08330812191456,0.446,0.145,3.29890660038463e-128,"0","CHP1"
2.23314891797049e-132,3.08127208245226,0.282,0.052,4.9799220870742e-128,"0","SPI1"
6.16303727316849e-132,1.69776786369535,0.424,0.127,1.37435731191657e-127,"0","BLVRB"
8.97520718707908e-131,1.83047461469229,0.551,0.242,2.00147120271863e-126,"0","AP2S1"
2.3074232506436e-129,3.068420667105,0.301,0.064,5.14555384893523e-125,"0","MXD1"
1.33304793785884e-126,1.83833458181137,0.423,0.129,2.97269690142522e-122,"0","HLA-DRB5"
1.5009267204673e-125,1.85815819184361,0.557,0.255,3.34706658664208e-121,"0","ATP6V0B"
4.49364541764729e-125,1.35259043008075,0.733,0.492,1.00208292813535e-120,"0","S100A10"
4.1520564080079e-123,3.25066437662745,0.251,0.042,9.25908578985761e-119,"0","PGD"
5.6465697258443e-123,1.28924457924042,0.742,0.491,1.25918504886328e-118,"0","LAMTOR4"
1.73844702910523e-121,1.36938074304242,0.73,0.452,3.87673687490467e-117,"0","KLF6"
3.06293719147256e-121,1.71160584048622,0.556,0.26,6.83034993698381e-117,"0","FTH1P8"
3.32679161805136e-121,2.00617356206309,0.454,0.163,7.41874530825452e-117,"0","FOSL2"
9.34913370589024e-118,1.15474741194974,0.787,0.545,2.08485681641352e-113,"0","EMP3"
1.02693401017852e-117,1.80780468427354,0.437,0.147,2.2900628426981e-113,"0","ZEB2"
5.94874488327831e-117,2.04567841227925,0.376,0.109,1.32657010897106e-112,"0","LYN"
1.09958777097342e-113,2.65688050286099,0.301,0.072,2.45208072927073e-109,"0","JAML"
1.25176636359679e-112,2.56893824737051,0.276,0.058,2.79143899082084e-108,"0","WARS"
4.6009392325716e-111,2.4625305904967,0.335,0.096,1.02600944886347e-106,"0","CTSB"
6.3799209050912e-108,1.66629653460663,0.531,0.25,1.42272236183534e-103,"0","RAC1"
4.72856479760244e-107,0.62767800880957,0.954,0.931,1.05446994986534e-102,"0","PFDN5"
1.86432854842043e-106,2.02794251496394,0.341,0.096,4.15745266297755e-102,"0","FGR"
1.42651922144449e-105,2.58652575865876,0.267,0.058,3.18113786382122e-101,"0","ARHGAP26"
1.06965234622563e-104,2.62666227131135,0.279,0.067,2.38532473208314e-100,"0","PLSCR1"
5.85827675806512e-103,2.71821115153633,0.276,0.067,1.30639571704852e-98,"0","NCF1C"
6.03677908410559e-103,2.47984694610726,0.294,0.075,1.34620173575555e-98,"0","SCPEP1"
2.18477195035337e-102,1.13989366140839,0.752,0.529,4.87204144928801e-98,"0","CD44"
1.57729878285941e-98,2.23107543390922,0.349,0.114,3.51737628577649e-94,"0","SNX27"
5.57243272822827e-96,1.67309691964905,0.477,0.21,1.2426524983949e-91,"0","PTP4A2"
9.65419419854668e-96,1.88188495846573,0.39,0.144,2.15288530627591e-91,"0","RILPL2"
2.75232880630581e-94,1.8204516500482,0.434,0.186,6.13769323806197e-90,"0","TALDO1"
2.20988907713759e-93,0.864856245705842,0.83,0.679,4.92805264201683e-89,"0","ATP5G2"
7.03963702721499e-92,1.46066205208533,0.55,0.294,1.56983905706894e-87,"0","NOP10"
2.69275369180752e-91,1.70270279656666,0.454,0.205,6.00484073273076e-87,"0","SERPINB1"
6.47445264033486e-89,1.43838988935363,0.557,0.317,1.44380293879467e-84,"0","FKBP1A"
7.06244624143398e-89,1.37080001901287,0.581,0.326,1.57492551183978e-84,"0","LCP1"
4.47690610983605e-86,2.07738171204033,0.329,0.112,9.98350062493438e-82,"0","NINJ1"
1.39241531365008e-84,1.48571545651565,0.444,0.189,3.10508614943967e-80,"0","ANXA2"
1.72715160415654e-84,1.38240476151347,0.489,0.225,3.85154807726908e-80,"0","MAP3K8"
1.27259568166586e-83,2.04514382566441,0.335,0.12,2.83788837011486e-79,"0","LTA4H"
3.31624195930432e-83,2.11835129179312,0.293,0.091,7.39521956924863e-79,"0","TPP1"
3.42595664869217e-83,1.62000966974345,0.431,0.186,7.63988332658354e-79,"0","IQGAP1"
1.39122397033042e-82,1.77587931231657,0.39,0.159,3.10242945383684e-78,"0","H2AFY"
1.59057712746223e-80,2.00340629239245,0.293,0.092,3.54698699424078e-76,"0","AGTRAP"
2.36944869255998e-79,1.79047136984142,0.371,0.149,5.28387058440875e-75,"0","CNPY3"
2.66592201907135e-78,1.72162588331569,0.389,0.161,5.94500610252911e-74,"0","GABARAPL1"
5.19979101263038e-78,2.35348995171189,0.295,0.098,1.15955339581657e-73,"0","IVNS1ABP"
2.13215608300031e-77,1.71583237531089,0.376,0.15,4.75470806509069e-73,"0","TNFRSF1B"
2.49406968921999e-77,1.69443325944922,0.4,0.174,5.56177540696057e-73,"0","PGLS"
6.98035518375411e-77,1.39759327898769,0.55,0.315,1.55661920597717e-72,"0","SLC2A3"
5.2702426739183e-75,1.15796491839913,0.633,0.42,1.17526411628378e-70,"0","RHOA"
1.8060307685856e-73,1.68708343049067,0.312,0.109,4.02744861394589e-69,"0","CD83"
3.35309778978924e-73,2.04330638514062,0.286,0.095,7.47740807123001e-69,"0","C9orf72"
4.47957654912461e-72,1.77772130373806,0.402,0.186,9.98945570454788e-68,"0","ZFP36L1"
1.08844161163095e-70,1.64763352632517,0.385,0.17,2.42722479393703e-66,"0","GNAI2"
7.8575132180382e-69,1.19227273362184,0.605,0.4,1.75222544762252e-64,"0","DAZAP2"
9.76463213175402e-69,0.497442475953782,0.952,0.935,2.17751296538115e-64,"0","MTATP6P1"
1.07071866189082e-68,2.41856264533729,0.251,0.08,2.38770261601653e-64,"0","WDR74"
1.29692696709194e-68,0.90487150570046,0.748,0.592,2.89214713661502e-64,"0","COX6B1"
5.62209268671367e-68,2.18119207768585,0.275,0.095,1.25372666913715e-63,"0","EGR1"
9.97990288160555e-68,1.39092975839031,0.464,0.243,2.22551834259804e-63,"0","GNG5"
2.41486898244343e-67,0.663564605670436,0.829,0.725,5.38515783084885e-63,"0","SH3BGRL3"
6.2145075229987e-67,1.64225183933241,0.371,0.164,1.38583517762871e-62,"0","ARRB2"
2.97865634235112e-65,1.60917579145006,0.402,0.194,6.64240364344299e-61,"0","VMP1"
4.8636261681357e-65,1.49755097964075,0.427,0.211,1.08458863549426e-60,"0","AC020916.1"
7.09361636220522e-65,1.56819181136378,0.386,0.179,1.58187644877176e-60,"0","AHNAK"
1.92898345004468e-64,1.52575417559355,0.403,0.192,4.30163309359963e-60,"0","CARD16"
4.2082358060703e-64,1.83045886987085,0.302,0.117,9.38436584753677e-60,"0","PLEK"
9.60022102097163e-64,1.96540400841691,0.264,0.091,2.14084928767667e-59,"0","GRK2"
7.27689890102438e-63,1.30636940313611,0.354,0.148,1.62274845492844e-58,"0","HLA-DMA"
1.11709072001678e-62,1.7006908251786,0.353,0.157,2.49111230563743e-58,"0","NFKBIZ"
1.63592419624254e-61,1.51618457050207,0.376,0.175,3.64811095762087e-57,"0","GPR183"
3.95433609159572e-61,1.67470451507894,0.367,0.173,8.81816948425846e-57,"0","IRS2"
1.27304710870888e-60,1.91177815792383,0.29,0.114,2.8388950524208e-56,"0","TMEM167A"
5.00830775603155e-60,1.11688587589769,0.565,0.366,1.11685262959504e-55,"0","LRRFIP1"
6.2772414846764e-60,1.86695723380352,0.283,0.109,1.39982485108284e-55,"0","IFNGR1"
1.35875302178121e-59,1.74756254857634,0.308,0.127,3.0300192385721e-55,"0","PPT1"
2.69088846466084e-58,1.86311618378526,0.266,0.099,6.00068127619367e-54,"0","CASP1"
3.85923602109665e-58,1.27418742699298,0.494,0.298,8.60609632704553e-54,"0","EVI2B"
1.85688130377376e-57,0.80905338401327,0.52,0.288,4.14084530741548e-53,"0","HLA-DPA1"
5.04266267713592e-56,1.13783664518179,0.469,0.258,1.12451377700131e-51,"0","CD63"
1.80840110530412e-55,1.33719930646115,0.429,0.235,4.03273446482818e-51,"0","SEC11A"
3.63496714519077e-55,1.74695353132635,0.264,0.1,8.10597673377541e-51,"0","TLE3"
2.86712069578923e-54,1.14468928402517,0.303,0.12,6.39367915161e-50,"0","HLA-DQB1"
3.76665135260015e-54,1.08940002050847,0.536,0.342,8.39963251629832e-50,"0","VAMP8"
4.98641974304637e-54,1.22668119326676,0.474,0.278,1.11197160269934e-49,"0","MYADM"
5.5269870750241e-54,1.31387598555597,0.39,0.195,1.23251811773038e-49,"0","RAP2B"
1.53533641184586e-52,0.749268266426429,0.734,0.599,3.42380019841626e-48,"0","ARPC3"
1.8732701036809e-52,1.70770310994557,0.279,0.115,4.17739233120842e-48,"0","HSBP1"
5.66339346720774e-52,0.540769030871574,0.889,0.834,1.26293674318733e-47,"0","MT-ND5"
1.3223019970305e-51,1.68115691038931,0.262,0.103,2.94873345337801e-47,"0","CAPNS1"
1.68894626668009e-51,1.91296090035157,0.266,0.108,3.7663501746966e-47,"0","Z93241.1"
1.80141893749203e-51,1.79289517033455,0.252,0.096,4.01716423060722e-47,"0","MGAT1"
2.51633911839415e-51,1.89784760612038,0.25,0.097,5.61143623401895e-47,"0","PFKFB3"
4.21539441230554e-51,1.76002679794364,0.258,0.102,9.40032953944134e-47,"0","ADA2"
1.69800866005397e-50,1.56331604954118,0.348,0.174,3.78655931192036e-46,"0","POLE4"
1.79735038981076e-50,0.780455775926647,0.706,0.583,4.00809136927799e-46,"0","ALDOA"
2.00428258690027e-50,1.68377631980304,0.274,0.114,4.46955016878759e-46,"0","ATOX1"
2.05255517905557e-50,1.38255283004298,0.419,0.24,4.57719804929392e-46,"0","METTL9"
2.28085428389702e-50,1.26741328637105,0.475,0.289,5.08630505309036e-46,"0","VSIR"
7.57006098142815e-49,1.39517354105843,0.326,0.152,1.68812359885848e-44,"0","JPT1"
2.25676341800832e-48,1.59573727318891,0.332,0.166,5.03258242215856e-44,"0","GPCPD1"
2.86711183935358e-48,0.821707365373412,0.664,0.513,6.39365940175848e-44,"0","H3F3A"
3.16653137653738e-48,1.40380529382188,0.39,0.214,7.06136496967837e-44,"0","ZFAND5"
1.92896358034354e-47,1.60650470374487,0.273,0.115,4.3015887841661e-43,"0","SAT2"
3.35552807887637e-47,0.903031945307352,0.607,0.453,7.4828276158943e-43,"0","GPX4"
7.75222523737063e-47,1.1331206244854,0.461,0.282,1.72874622793365e-42,"0","ATP6V1F"
2.43214341248424e-46,0.678959701980937,0.552,0.359,5.42367980983986e-42,"0","HLA-DPB1"
5.83464670464565e-46,1.34459448764542,0.358,0.185,1.30112621513598e-41,"0","MIDN"
1.6678757905998e-45,1.48544045817368,0.309,0.147,3.71936301303756e-41,"0","NUP214"
7.19093737367082e-45,1.53775597095155,0.258,0.108,1.60357903432859e-40,"0","THEMIS2"
1.4388378154615e-44,0.928290300789056,0.582,0.417,3.20860832847914e-40,"0","ATP6V0E1"
1.63503021780301e-44,1.38927499033776,0.316,0.15,3.6461173857007e-40,"0","GLIPR2"
2.49585318119591e-44,1.51868299625707,0.269,0.118,5.56575259406689e-40,"0","FAM26F"
6.96268440348621e-44,0.456896330348884,0.91,0.838,1.55267862197742e-39,"0","DUSP1"
2.4116960815557e-43,0.797011239636306,0.68,0.534,5.37808226186921e-39,"0","PPP1R15A"
1.85767181542694e-42,1.51589193743977,0.257,0.111,4.14260814840209e-38,"0","BID"
2.59711430443178e-42,1.49564861852814,0.29,0.138,5.79156489888286e-38,"0","GLRX"
2.44888942116014e-41,0.489723514220625,0.862,0.827,5.46102340918712e-37,"0","ATP5L"
4.07650041123842e-41,0.905992709538923,0.592,0.452,9.09059591706168e-37,"0","POLR2L"
8.33073643654582e-40,0.450449547110935,0.881,0.83,1.85775422534972e-35,"0","MYL6"
1.36022246219736e-39,1.02627665031325,0.446,0.273,3.0332960907001e-35,"0","ARPC5"
4.79287224726441e-39,1.54256769762584,0.267,0.126,1.06881051113996e-34,"0","SPG21"
5.76068953956844e-39,1.22420316200586,0.316,0.16,1.28463376732376e-34,"0","LYST"
6.15026339059497e-39,1.35169425543187,0.305,0.157,1.37150873610268e-34,"0","GSTO1"
1.30879734308779e-38,1.35060639761439,0.292,0.146,2.91861807508577e-34,"0","BNIP3L"
1.37238028042138e-38,0.72869031671746,0.684,0.57,3.06040802533968e-34,"0","SERP1"
1.65156350384579e-38,0.817316424228194,0.616,0.481,3.6829866135761e-34,"0","COX8A"
9.32552388977735e-38,1.14077281994121,0.424,0.267,2.07959182742035e-33,"0","ACTR2"
6.34243150944173e-36,1.04391796932262,0.45,0.299,1.41436222660551e-31,"0","NDUFB1"
3.32481634276938e-35,1.3688891910176,0.267,0.131,7.41434044437571e-31,"0","SAMHD1"
5.54926343621021e-35,1.35984192570375,0.341,0.197,1.23748574627488e-30,"0","JMJD1C"
1.91088497680705e-34,1.18114020103395,0.384,0.237,4.26127349827973e-30,"0","CD55"
2.3457459183798e-33,1.22593317105517,0.313,0.17,5.23101339798695e-29,"0","IFI27L2"
7.94729712846862e-33,1.31168636762449,0.293,0.157,1.7722472596485e-28,"0","MTPN"
8.14338156655052e-33,0.912517098902704,0.412,0.254,1.81597408934076e-28,"0","FLNA"
1.25822665726627e-32,1.18053466875127,0.295,0.154,2.80584544570379e-28,"0","CAST"
3.62086507117671e-32,1.09921998220115,0.378,0.235,8.07452910872407e-28,"0","C7orf73"
8.40165151236738e-32,1.03777013750525,0.419,0.279,1.87356828725793e-27,"0","PKM"
1.04767898936401e-31,0.947919002155425,0.494,0.361,2.33632414628175e-27,"0","SDCBP"
9.71088767276392e-31,1.19324951517984,0.287,0.153,2.16552795102635e-26,"0","RASGEF1B"
4.50054397739342e-30,0.939959596648914,0.415,0.271,1.00362130695873e-25,"0","RHOG"
2.45962510253087e-29,0.834278271172127,0.504,0.362,5.48496397864385e-25,"0","BRK1"
3.0608710881838e-29,1.00418772663212,0.409,0.27,6.82574252664987e-25,"0","BLOC1S1"
3.79013931596701e-27,1.14794049013675,0.282,0.157,8.45201067460644e-23,"0","EVI2A"
1.28756841112386e-26,1.23224750246546,0.255,0.137,2.87127755680621e-22,"0","SFT2D1"
3.37510475360782e-26,0.675085300798991,0.549,0.411,7.52648360054544e-22,"0","CLIC1"
4.22105547666974e-26,1.14787653937649,0.305,0.184,9.41295371297352e-22,"0","ATP1B3"
1.58237111504832e-24,0.672291755025035,0.588,0.487,3.52868758655775e-20,"0","ATP5D"
1.76275375704243e-24,1.09718671436386,0.258,0.143,3.93094087820463e-20,"0","MTCO1P40"
2.24429449644104e-24,0.903961407108242,0.378,0.254,5.00477672706351e-20,"0","LAMTOR1"
2.98482739296136e-24,0.691856941605219,0.48,0.352,6.65616508630383e-20,"0","TPI1"
7.45326335162395e-24,0.56754586324816,0.71,0.619,1.66207772741214e-19,"0","STK17B"
9.49673678796998e-24,1.1533523226302,0.274,0.162,2.11777230371731e-19,"0","CANX"
3.0920069637397e-23,1.03659484348705,0.255,0.143,6.89517552913952e-19,"0","AKIRIN2"
1.12908623380989e-22,1.24304851535119,0.253,0.147,2.51786230139606e-18,"0","LAMTOR2"
4.14396439311671e-22,1.12133056834645,0.265,0.156,9.24104059665027e-18,"0","CLTA"
4.73154492304696e-22,0.880421595389886,0.442,0.333,1.05513451783947e-17,"0","MT-ND4L"
2.43123780571533e-21,0.942186046015917,0.34,0.226,5.42166030674518e-17,"0","DDX21"
3.73504859549796e-21,0.381624965025162,0.776,0.72,8.32915836796045e-17,"0","LAPTM5"
6.65559913477348e-21,0.356629643426284,0.869,0.862,1.48419860705449e-16,"0","COX4I1"
6.28028412573728e-20,1.01518621646362,0.339,0.232,1.40050336003941e-15,"0","ATP5I"
6.67586949151623e-20,0.627823205719872,0.573,0.485,1.48871889660812e-15,"0","COX7B"
1.24409544484089e-19,0.948889210200809,0.332,0.224,2.77433284199519e-15,"0","HSD17B11"
2.65351317023176e-19,0.716252998729797,0.473,0.372,5.91733436961683e-15,"0","CAPZA1"
6.26022803065563e-19,0.787322341154061,0.367,0.259,1.39603085083621e-14,"0","PLP2"
1.10897763198905e-18,0.605127020655461,0.595,0.518,2.47302011933558e-14,"0","SEC61G"
4.0756884445486e-18,0.484937993471167,0.693,0.629,9.08878523134337e-14,"0","GMFG"
4.73443158695983e-18,0.89654946931594,0.307,0.205,1.05577824389204e-13,"0","NDUFS6"
5.51030134330544e-18,0.74594440732537,0.434,0.335,1.22879719955711e-13,"0","ATP5J2"
7.86788134966473e-18,0.729571175549114,0.375,0.266,1.75453754097523e-13,"0","MSN"
8.08102177586315e-18,0.94936683472078,0.289,0.189,1.80206785601748e-13,"0","H3F3AP4"
1.00499948078386e-17,0.603443476178001,0.523,0.415,2.241148842148e-13,"0","TMSB4XP4"
1.01898766839829e-17,0.876699636853816,0.337,0.234,2.27234250052818e-13,"0","ATP5F1"
1.71267721596987e-17,0.63610126586914,0.488,0.386,3.81927019161281e-13,"0","ENO1"
2.50829821022295e-17,0.80406864831242,0.381,0.279,5.59350500879717e-13,"0","VAPA"
4.74973592631926e-17,0.466264271949532,0.673,0.611,1.0591911115692e-12,"0","CDC42"
5.45136549636196e-17,0.955217242633013,0.302,0.206,1.21565450568872e-12,"0","ENY2"
1.00411544382137e-16,0.810006173151107,0.42,0.331,2.23917743972166e-12,"0","HNRNPU"
1.93277043313968e-16,0.937437474709537,0.261,0.166,4.31007806590149e-12,"0","FNIP1"
2.77076031328945e-16,0.658580878473717,0.48,0.389,6.17879549863547e-12,"0","PNRC1"
2.81397718691869e-16,0.991868712917055,0.273,0.181,6.27516912682868e-12,"0","IRF2BP2"
4.05784798536532e-16,0.689217870667685,0.317,0.213,9.04900100736466e-12,"0","B4GALT1"
4.88202652584237e-16,0.600685821869479,0.441,0.34,1.08869191526285e-11,"0","TAGLN2"
5.47660089540239e-16,1.04273954561532,0.264,0.171,1.22128199967473e-11,"0","TLE4"
9.44389712857432e-16,0.835096039198166,0.329,0.234,2.10598905967207e-11,"0","TMEM219"
1.05281201041716e-15,0.868464154428184,0.264,0.17,2.34777078323026e-11,"0","CAPZA2"
1.58670485003892e-15,0.877722399406402,0.381,0.291,3.5383518155868e-11,"0","PSMB3"
4.17723118703861e-15,0.701140260306706,0.267,0.174,9.3152255470961e-11,"0","IFITM3"
4.71537698747563e-15,0.721399204054867,0.354,0.257,1.05152906820707e-10,"0","RTN4"
1.08246715212442e-14,0.862155897097553,0.285,0.193,2.41390174923746e-10,"0","MOB1A"
2.19827126337585e-14,0.893424058201691,0.276,0.187,4.90214491732815e-10,"0","MYH9"
2.2214018543425e-14,0.89602475446276,0.27,0.184,4.95372613518378e-10,"0","VAMP5"
3.53920241004134e-14,0.694169692398111,0.372,0.277,7.89242137439218e-10,"0","AP002784.2"
1.43244215578359e-13,0.519641783720711,0.497,0.418,3.19434600739741e-09,"0","SLC25A5"
2.34420924827316e-13,0.754774551524068,0.358,0.273,5.22758662364914e-09,"0","SELL"
2.75856202988096e-13,0.651774634659664,0.356,0.265,6.15159332663454e-09,"0","COX5A"
1.14097645354595e-12,0.644757870871087,0.477,0.403,2.54437749140747e-08,"0","NDUFB11"
1.95278562028532e-12,0.778050655500093,0.253,0.171,4.35471193323626e-08,"0","AC004687.1"
2.56208133020088e-12,0.726504206888484,0.332,0.252,5.71344136634796e-08,"0","NDUFA2"
1.15978069854572e-11,0.468864116155955,0.569,0.508,2.58631095775695e-07,"0","COX5B"
1.6091400754717e-11,0.743770548555966,0.323,0.248,3.58838236830189e-07,"0","NDUFA11"
2.27970311500845e-11,0.580465036848222,0.415,0.341,5.08373794646885e-07,"0","RPS24P8"
2.57898966888768e-11,0.724885019840177,0.31,0.231,5.75114696161952e-07,"0","BST2"
2.98224046241929e-11,0.725232752610852,0.282,0.204,6.65039623119502e-07,"0","SUPT4H1"
3.31963469460242e-11,0.813630927801185,0.307,0.231,7.40278536896339e-07,"0","ATP6AP2"
4.46919779424339e-11,0.406379785598547,0.651,0.606,9.96631108116277e-07,"0","CALM2"
1.49808892518735e-10,0.382353102967861,0.685,0.646,3.34073830316779e-06,"0","NFKBIA"
2.05053758287258e-10,0.732921370857756,0.281,0.21,4.57269880980585e-06,"0","GDI2"
2.47723616214663e-10,0.893874474590208,0.291,0.219,5.52423664158699e-06,"0","CTNNB1"
3.01803632911158e-10,0.797853616863479,0.318,0.247,6.73022101391883e-06,"0","DDX3X"
3.1472566015759e-10,0.560949827221741,0.407,0.334,7.01838222151427e-06,"0","SH3BGRL"
3.2660414132909e-10,0.64611620466752,0.353,0.283,7.2832723516387e-06,"0","RBX1"
4.47755008934572e-10,0.624474330073527,0.277,0.202,9.98493669924096e-06,"0","VASP"
1.03666327480036e-09,0.567967411526718,0.416,0.345,2.31175910280481e-05,"0","PRR13"
1.29296950303895e-09,0.770189165164091,0.265,0.196,2.88332199177686e-05,"0","BNIP2"
3.57664262414634e-09,0.71691007484089,0.263,0.196,7.97591305184633e-05,"0","RNH1"
3.60687066299494e-09,0.475588554535912,0.487,0.426,8.04332157847872e-05,"0","TMEM258"
4.789548288323e-09,0.482949782847574,0.47,0.415,0.000106806926829603,"0","EIF2S3"
5.10485070524365e-09,0.640042202101928,0.31,0.241,0.000113838170726933,"0","SNX3"
5.63833291377265e-09,0.515608752705868,0.403,0.335,0.00012573482397713,"0","NDUFB7"
6.16940376010138e-09,0.523426724261686,0.443,0.383,0.000137577703850261,"0","EIF4G2"
6.39637832495859e-09,0.554841900698817,0.387,0.313,0.000142639236646577,"0","CSTB"
6.62476610820835e-09,0.551485281997524,0.402,0.345,0.000147732284213046,"0","TBCA"
1.05477781197325e-08,0.503862792665803,0.489,0.435,0.000235215452070034,"0","HIGD2A"
1.09625085758173e-08,0.502498728845328,0.367,0.302,0.000244463941240726,"0","TXN"
1.26489856924323e-08,0.692868934312981,0.323,0.261,0.00028207238094124,"0","AL009174.1"
1.49376214387542e-08,0.470202295524931,0.515,0.458,0.000333108958084218,"0","CCNL1"
2.8457587106191e-08,0.298053567697146,0.727,0.733,0.00063460419246806,"0","ITM2B"
4.92066465649032e-08,0.554844502989097,0.348,0.286,0.00109730821839734,"0","WDR83OS"
1.32295544945617e-07,0.672772231174183,0.253,0.193,0.00295019065228727,"0","CHCHD10"
1.32898777558158e-07,0.64271174727189,0.285,0.227,0.00296364273954693,"0","AURKAIP1"
1.36410062105237e-07,0.58833665246477,0.368,0.311,0.00304194438494679,"0","PRDX5"
1.4371310989679e-07,0.326429635995387,0.523,0.468,0.00320480235069841,"0","SEC61B"
1.84505406402977e-07,0.667641741640697,0.297,0.24,0.00411447056278639,"0","SFPQ"
2.49479868788789e-07,0.660084726104982,0.278,0.219,0.00556340107399,"0","TMEM160"
3.36628580645112e-07,0.455508489199402,0.25,0.185,0.007506817348386,"0","MYO1F"
3.431800509227e-07,0.405121595092885,0.461,0.411,0.00765291513557621,"0","PSMA7"
4.02392478366274e-07,0.479124252881411,0.363,0.306,0.00897335226756792,"0","ARPC4"
7.24031047075485e-07,0.322701471442199,0.65,0.641,0.0161458923497833,"0","EIF3K"
7.38373229234556e-07,0.447117970882335,0.452,0.41,0.0164657230119306,"0","C4orf3"
8.8103099648539e-07,0.521006710885115,0.369,0.315,0.0196469912216242,"0","POLR1D"
9.28450089570813e-07,0.363837959357253,0.473,0.424,0.0207044369974291,"0","TPM3"
9.5898612101005e-07,0.456690841477198,0.425,0.375,0.0213853904985241,"0","SCAND1"
1.66122056700487e-06,0.334537570513973,0.483,0.433,0.0370452186442085,"0","LSP1"
1.93476101870039e-06,0.60748704076949,0.264,0.211,0.0431451707170186,"0","NAA38"
2.57794864658907e-06,0.410148678429857,0.424,0.377,0.0574882548189363,"0","SLC25A6.1"
4.20058006207333e-06,0.670795463166104,0.267,0.217,0.0936729353842354,"0","BAX"
5.17788140261498e-06,0.532962999266741,0.304,0.251,0.115466755278314,"0","LAPTM4A"
5.98039273975765e-06,0.49714039032442,0.375,0.328,0.133362758096595,"0","MRPL33"
6.61756690373565e-06,0.469789069498148,0.437,0.394,0.147571741953305,"0","PGK1"
7.01949087272717e-06,0.593978149292992,0.336,0.291,0.156534646461816,"0","LAMTOR5"
1.48228492464453e-05,0.445320733395371,0.36,0.312,0.330549538195731,"0","FAM49B"
1.89357084832807e-05,0.609970500725556,0.256,0.213,0.422266299177159,"0","ALKBH7"
2.82900072073748e-05,0.303148358566816,0.407,0.354,0.630867160724457,"0","HERPUD1"
3.18249476694336e-05,0.492530114765118,0.296,0.249,0.709696333028369,"0","ATP5C1"
0.000120152156774831,0.449318208641109,0.359,0.322,1,"0","EIF3M"
0.000229273390568647,0.572488074032035,0.275,0.238,1,"0","ARL4A"
0.000268909563985103,0.335422421784601,0.398,0.352,1,"0","PPP1CB"
0.000332014406072049,0.35495872663187,0.402,0.363,1,"0","RNASET2"
0.000344339754169501,0.434813972465839,0.343,0.305,1,"0","COPE"
0.000984308177090317,0.324307805124141,0.452,0.424,1,"0","POMP"
0.00103990023581884,0.435175188476866,0.325,0.292,1,"0","SMIM26"
0.00125442012918423,0.498124485792859,0.262,0.231,1,"0","ANAPC11"
0.00171107803133301,0.48079868152175,0.276,0.243,1,"0","WSB1"
0.00213094383685293,0.312634967070249,0.438,0.411,1,"0","SLC25A3"
0.00273774614414633,0.473629829154039,0.252,0.221,1,"0","CSNK1A1"
0.0065827701779202,0.375671352160533,0.288,0.262,1,"0","GABARAPL2"
0.00663243621879782,0.403088968059838,0.275,0.248,1,"0","HCLS1"
0.00680039522668713,0.40936714467591,0.335,0.313,1,"0","COX7A2L"
0.00813342729547734,0.502658831530031,0.266,0.239,1,"0","TAX1BP1"
0.00925364222303651,0.329938297301859,0.424,0.417,1,"0","TMBIM6"
0.00970236835086627,0.362027841183081,0.46,0.45,1,"0","YWHAB"
0,1.81292288563738,0.962,0.647,0,"1","ZFP36L2"
7.08110742227707e-313,1.63611700796724,0.984,0.731,1.57908695516779e-308,"1","CXCR4"
1.26126612604264e-260,1.47469107356172,0.938,0.457,2.81262346107508e-256,"1","IL32"
4.08816873772905e-246,1.29512356325869,0.988,0.842,9.11661628513577e-242,"1","JUNB"
1.02786044458402e-223,2.28362881895568,0.719,0.286,2.29212879142237e-219,"1","DUSP2"
8.8430809410509e-203,1.48732732712943,0.816,0.355,1.97200704985435e-198,"1","TRAC"
2.2738785783002e-176,2.19098211800598,0.519,0.152,5.07074922960944e-172,"1","IL7R"
3.71571001033586e-165,1.50068181625692,0.906,0.652,8.28603332304896e-161,"1","JUN"
1.93476806878705e-158,0.583995634045299,1,0.977,4.31453279339512e-154,"1","RPS29"
3.46618684116663e-158,0.896536637388696,0.982,0.865,7.72959665580159e-154,"1","BTG1"
1.80732645489397e-153,1.76308618892941,0.646,0.286,4.03033799441356e-149,"1","DNAJB1"
1.27811427445215e-144,1.92579119685963,0.504,0.166,2.85019483202829e-140,"1","PIK3R1"
5.34679827845649e-140,1.03253630963847,0.824,0.41,1.1923360160958e-135,"1","CD3D"
1.40963784148285e-130,1.15097227863707,0.742,0.344,3.14349238650676e-126,"1","CD3E"
3.78350487285778e-129,1.47645483294085,0.72,0.382,8.43721586647285e-125,"1","LTB"
2.15051963282314e-126,0.656761858365527,0.995,0.918,4.79565878119561e-122,"1","HLA-A"
3.82333253704589e-125,1.39309277551338,0.686,0.357,8.52603155761233e-121,"1","TNFAIP3"
4.84873897346568e-123,1.21335465497574,0.877,0.629,1.08126879108285e-118,"1","ZFP36"
2.32909268786921e-119,1.65451874009297,0.558,0.234,5.19387669394834e-115,"1","AC058791.1"
5.20266601124855e-119,0.459036972221672,1,0.998,1.16019452050843e-114,"1","RPS27"
1.2841145759039e-117,1.76990930732195,0.457,0.157,2.8635755042657e-113,"1","LYAR"
1.58862880725428e-115,0.456604832347305,1,0.985,3.54264224017704e-111,"1","RPS3"
3.43147287870894e-108,0.323786172470641,1,0.999,7.65218451952094e-104,"1","B2M"
2.36755643882302e-107,1.18394288741294,0.678,0.349,5.27965085857533e-103,"1","CD69"
8.78165852588478e-106,1.16722112942721,0.81,0.526,1.95830985127231e-101,"1","SRSF7"
1.59986499289989e-105,1.66319114510884,0.438,0.154,3.56769893416675e-101,"1","EML4"
2.75253888055572e-102,1.37558412933181,0.667,0.37,6.13816170363926e-98,"1","GADD45B"
5.69275012404254e-102,1.79075632937972,0.464,0.184,1.26948327766149e-97,"1","TUBA4A"
1.2114711562155e-101,0.420265535587283,1,0.978,2.70158067836056e-97,"1","RPS25"
1.43046019692003e-101,1.73733528207776,0.557,0.279,3.18992623913167e-97,"1","RGCC"
8.81461547350073e-98,0.421743271300654,1,0.991,1.96565925059066e-93,"1","EIF1"
1.05548051474552e-97,1.23632346494917,0.643,0.345,2.35372154788252e-93,"1","CREM"
1.63325150653711e-97,1.22685429002177,0.745,0.464,3.64215085957776e-93,"1","ID2"
3.91611086069647e-96,0.806895706582631,0.882,0.651,8.73292721935313e-92,"1","CALM1"
7.62333302175889e-93,2.30417047189556,0.413,0.166,1.70000326385223e-88,"1","RGS1"
4.11850587383686e-92,0.995553419722838,0.733,0.429,9.18426809865619e-88,"1","LEPROTL1"
4.65607541642721e-92,0.98749136122223,0.858,0.622,1.03830481786327e-87,"1","IER2"
2.06644284973598e-91,2.14482321691246,0.277,0.07,4.60816755491122e-87,"1","LINC00513"
1.09484561366414e-89,0.386267102881448,0.999,0.979,2.44150571847103e-85,"1","HLA-B"
4.83998247880234e-89,2.09298964089536,0.31,0.092,1.07931609277292e-84,"1","AC016831.1"
9.18831952627089e-89,0.871172298002929,0.63,0.297,2.04899525435841e-84,"1","CCL5"
1.26507255304003e-84,0.498167113639643,0.993,0.901,2.82111179327927e-80,"1","RPSA"
2.24255430717108e-84,0.69665334393101,0.923,0.74,5.00089610499152e-80,"1","SARAF"
4.26464004145584e-83,1.56854753405022,0.402,0.156,9.51014729244653e-79,"1","ITM2A"
3.07877377481669e-82,0.344674178295137,1,0.995,6.86566551784121e-78,"1","RPS18"
1.92740229518901e-81,1.72435828096917,0.35,0.121,4.2981071182715e-77,"1","AC116366.1"
2.55757759956496e-79,0.33633261544931,1,0.987,5.70339804702987e-75,"1","RPS15A"
1.26546806452195e-78,0.950988652080127,0.678,0.381,2.82199378388395e-74,"1","TRBC2"
8.88011180137099e-78,0.387246032385233,0.999,0.974,1.98026493170573e-73,"1","RPL3"
3.51721531907994e-77,1.7901737632599,0.317,0.105,7.84339016154827e-73,"1","AC016831.5"
1.03575839284375e-75,0.386940935369721,0.998,0.93,2.30974121604157e-71,"1","HLA-C"
1.75895191997992e-74,0.354387013227315,0.999,0.975,3.92246278155522e-70,"1","RPS26"
3.42405838305342e-74,1.52975736008235,0.401,0.17,7.63565019420912e-70,"1","TUBB4B"
4.52754526677893e-73,0.321669513864774,1,0.986,1.0096425944917e-68,"1","RPL27A"
2.60670436129108e-69,1.21833903300993,0.435,0.192,5.81295072567911e-65,"1","CD2"
1.34395495300689e-67,0.308712383924211,1,0.995,2.99701954520537e-63,"1","RPS12"
1.68600904656838e-67,0.823948457391923,0.792,0.564,3.75980017384749e-63,"1","TOB1"
3.42839841100697e-67,1.44236360928408,0.376,0.158,7.64532845654554e-63,"1","ARHGAP15"
4.98031842243184e-67,0.393493652880209,0.999,0.942,1.1106110082023e-62,"1","RPL3P4"
7.17108022998026e-67,0.336370423853179,1,0.978,1.5991508912856e-62,"1","RPL36"
1.00296936288333e-66,0.28998955340718,1,0.996,2.23662167922983e-62,"1","RPS27A"
2.21878185946658e-66,0.334757971523621,1,0.974,4.94788354661048e-62,"1","RPS20"
2.36011108664251e-66,0.36139187886089,0.999,0.961,5.2630477232128e-62,"1","AC073861.1"
1.89827534823323e-65,1.46337968509004,0.387,0.17,4.2331540265601e-61,"1","CITED2"
1.90030975186045e-65,1.11902330792523,0.555,0.305,4.23769074664881e-61,"1","ZNF331"
5.45136863349337e-63,0.270127589882741,1,0.996,1.21565520526902e-58,"1","RPL10"
4.02132743352095e-62,1.00633818185597,0.497,0.245,8.96756017675173e-58,"1","RNF125"
1.05061426436698e-61,1.2258887047102,0.413,0.189,2.34286980953837e-57,"1","SPOCK2"
3.78019738007223e-61,0.275006860101823,1,0.996,8.42984015756108e-57,"1","RPL13A"
1.46863832548105e-59,0.26191438680586,1,0.993,3.27506346582274e-55,"1","RPLP2"
2.89731935946956e-59,1.90723945153707,0.263,0.094,6.46102217161713e-55,"1","LMNA"
4.07635648342245e-59,0.604972236131933,0.861,0.687,9.09027495803207e-55,"1","TSC22D3"
2.22802140491496e-58,1.12070046002019,0.508,0.273,4.96848773296037e-54,"1","AC245427.1"
1.03522309542308e-57,0.400042275018984,0.988,0.914,2.30854750279347e-53,"1","RPL23A"
2.49660313139234e-57,0.617475904628721,0.941,0.831,5.56742498300491e-53,"1","DUSP1"
3.05004321642535e-57,1.37350608956577,0.351,0.155,6.80159637262854e-53,"1","DNAJB9"
9.7441107945951e-57,0.360799898288025,0.998,0.942,2.17293670719471e-52,"1","EEF1A1"
6.2262152537095e-56,0.336292720399684,0.996,0.955,1.38844600157722e-51,"1","RPL14"
6.0769650707606e-55,0.469601962364772,0.948,0.806,1.35516321077961e-50,"1","AC099336.2"
9.77623650356822e-55,0.768532611358263,0.465,0.225,2.18010074029571e-50,"1","GZMA"
8.1268308741294e-53,0.7598781268874,0.456,0.223,1.81228328493086e-48,"1","CD3G"
9.69682270723057e-53,0.758062426193831,0.625,0.384,2.16239146371242e-48,"1","PCED1B-AS1"
1.24057961276922e-52,0.299963286491614,1,0.976,2.76649253647536e-48,"1","RPL31"
3.32977730184524e-52,0.413598062459011,0.97,0.892,7.42540338311489e-48,"1","RPLP0"
5.07650903692375e-52,1.33785219753438,0.285,0.111,1.132061515234e-47,"1","TTC39C"
7.4788533352964e-52,0.744216965991481,0.749,0.546,1.6677842937711e-47,"1","YPEL5"
1.10292860064596e-51,1.11905125891384,0.527,0.32,2.4595307794405e-47,"1","BTG2"
1.54885663449665e-51,1.44935020984084,0.429,0.233,3.45395029492753e-47,"1","KLRB1"
1.59420587312431e-51,0.367336784434094,0.987,0.9,3.5550790970672e-47,"1","RPL30"
1.12009064862645e-50,1.41895111645925,0.277,0.111,2.49780214643699e-46,"1","PLK3"
1.46644524291779e-50,0.634006617539804,0.682,0.442,3.27017289170667e-46,"1","PPP2R5C"
1.28558962675704e-49,1.15014685123211,0.386,0.192,2.86686486766819e-45,"1","TCF7"
2.15380395799753e-49,0.729486026342572,0.67,0.457,4.8029828263345e-45,"1","HSPA8"
2.96844994092407e-49,0.351495824369021,0.986,0.921,6.61964336826067e-45,"1","AP001324.1"
6.2450183662834e-49,1.36451508260959,0.359,0.172,1.3926390956812e-44,"1","TSPYL2"
6.52497137732426e-49,0.749789397324034,0.711,0.505,1.45506861714331e-44,"1","SRSF2"
7.51261659011373e-49,0.292690326970425,0.995,0.973,1.67531349959536e-44,"1","RPS7"
1.45146911583628e-48,0.311177345376766,0.993,0.959,3.23677612831489e-44,"1","RPL41"
9.12065425646658e-46,1.03410582379125,0.431,0.233,2.03390589919205e-41,"1","SBDS"
3.34685064133168e-45,1.04911637705092,0.417,0.224,7.46347693016964e-41,"1","ZC3HAV1"
3.5473460710261e-45,0.654381954066819,0.788,0.617,7.9105817383882e-41,"1","NFKBIA"
5.15145893414015e-45,1.05388523564829,0.445,0.248,1.14877534231325e-40,"1","IFRD1"
7.27693961377482e-45,1.29227576273374,0.259,0.103,1.62275753387179e-40,"1","PBXIP1"
7.61416673410272e-44,0.936275833446701,0.416,0.219,1.69795918170491e-39,"1","ISG20"
1.53790852860358e-43,0.707409760226453,0.666,0.469,3.42953601878598e-39,"1","HSP90AB1"
8.05972667225593e-43,0.532830570189444,0.832,0.636,1.79731904791307e-38,"1","RPSAP19"
1.18567527044789e-42,0.928813055925776,0.508,0.304,2.6440558530988e-38,"1","IRF1"
2.44438144173395e-42,0.413738467772234,0.879,0.711,5.45097061506672e-38,"1","NPM1"
9.31510521041541e-41,0.299764642498947,0.991,0.941,2.07726846192264e-36,"1","PTMA"
4.02940288516548e-40,0.80544713636466,0.642,0.464,8.98556843391903e-36,"1","NR4A2"
5.40193494579991e-40,0.309940748874876,0.99,0.928,1.20463149291338e-35,"1","RPL5"
1.09527401618472e-39,0.383692329188751,0.99,0.953,2.44246105609192e-35,"1","H3F3B"
4.85098056608859e-39,0.948510448212753,0.358,0.183,1.08176866623775e-34,"1","RHOH"
8.0763140076743e-39,0.261747994119392,0.995,0.963,1.80101802371137e-34,"1","RPS21"
1.85370769733074e-38,1.03164930901896,0.389,0.217,4.13376816504755e-34,"1","DNAJA1"
2.79992087919323e-38,0.480841225333371,0.843,0.69,6.2438235606009e-34,"1","HINT1"
4.3068386860633e-37,1.62547826499873,0.264,0.124,9.60425026992116e-33,"1","CMC1"
1.14084820189042e-36,0.752161479237876,0.561,0.374,2.54409149021564e-32,"1","IDS"
1.43308617459327e-36,0.811778368257329,0.461,0.276,3.19578216934299e-32,"1","DDX24"
4.35085121677663e-36,0.682508656653363,0.615,0.436,9.70239821341189e-32,"1","EIF4A2"
5.12424906189417e-36,0.3527725074112,0.953,0.837,1.1427075408024e-31,"1","RPS20P14"
5.40177104948996e-36,0.585896517994039,0.661,0.474,1.20459494403626e-31,"1","AL139095.2"
6.75697033598225e-36,0.771255631571321,0.427,0.241,1.50680438492404e-31,"1","IL2RG"
9.86189717120603e-36,1.10572786585961,0.308,0.152,2.19920306917894e-31,"1","CBLB"
1.86864902058011e-35,0.534273830617739,0.699,0.51,4.16708731589365e-31,"1","HSP90AA1"
5.69245809174174e-35,0.789057263995087,0.409,0.224,1.26941815445841e-30,"1","LCK"
9.08948798678154e-35,1.12240121722077,0.292,0.145,2.02695582105228e-30,"1","CSRNP1"
1.06784101081767e-34,1.04110977905632,0.305,0.152,2.38128545412341e-30,"1","OCIAD2"
1.8956196936726e-34,0.60018477576667,0.654,0.476,4.22723191688989e-30,"1","LDHB"
2.73339342323134e-34,0.40466465128535,0.883,0.757,6.09546733380589e-30,"1","ARHGDIB"
6.95693559541816e-34,0.921167057579521,0.364,0.201,1.55139663777825e-29,"1","CNOT6L"
2.08447967172947e-33,0.996234716229412,0.315,0.162,4.64838966795672e-29,"1","SLC38A1"
2.40597857587842e-33,0.989007086754055,0.297,0.147,5.36533222420888e-29,"1","BCL11B"
4.31785738752205e-33,0.998417699984351,0.3,0.149,9.62882197417417e-29,"1","RUNX3"
5.03197967119644e-33,0.316978413099757,0.977,0.893,1.12213146667681e-28,"1","RPS27AP16"
6.13168027057648e-33,0.89718099275791,0.271,0.124,1.36736470033855e-28,"1","SYNE2"
7.29970566889003e-33,0.529500085236827,0.706,0.525,1.62783436416248e-28,"1","RPSAP58"
8.21570317538555e-32,0.492362915772808,0.713,0.523,1.83210180811098e-27,"1","AC034236.1"
2.51056728700064e-31,0.596013714140201,0.71,0.555,5.59856505001144e-27,"1","SRSF3"
1.73554223590614e-30,0.355577678202182,0.926,0.808,3.8702591860707e-26,"1","RPS7P10"
2.06180565046242e-30,0.665793366197996,0.524,0.363,4.5978266005312e-26,"1","GSTK1"
2.72349562180755e-30,0.324155142826584,0.911,0.786,6.07339523663084e-26,"1","HLA-E"
4.34433121085852e-30,0.63804076502067,0.621,0.465,9.68785860021451e-26,"1","SELENOK"
5.64626345196049e-30,0.29981762586634,0.964,0.877,1.25911674978719e-25,"1","RPS7P1"
6.50992348504136e-30,0.38155983382828,0.843,0.7,1.45171293716422e-25,"1","RPL5P34"
1.3320716158241e-29,0.340927594864476,0.891,0.783,2.97051970328775e-25,"1","CD52"
3.74992782649496e-29,0.362865418926481,0.469,0.276,8.36233905308375e-25,"1","CST7"
6.94704951561282e-29,0.506961677227976,0.461,0.279,1.54919204198166e-24,"1","GZMM"
1.40242688269367e-28,0.710526057822363,0.412,0.247,3.12741194840687e-24,"1","ACAP1"
1.68166852141312e-28,0.791162105607725,0.349,0.196,3.75012080275126e-24,"1","CLEC2D"
4.34558758295938e-28,0.685615643097924,0.48,0.318,9.69066030999941e-24,"1","CDC42SE2"
9.92014761096509e-28,0.873099997595759,0.337,0.192,2.21219291724521e-23,"1","BCAS2"
2.27325204319908e-27,0.640516631153809,0.543,0.389,5.06935205633395e-23,"1","LDHA"
2.78166033945048e-27,1.01023744206205,0.255,0.13,6.20310255697456e-23,"1","HERPUD2"
1.2117304470491e-26,0.84823691383596,0.374,0.23,2.70215889691949e-22,"1","FAM177A1"
1.51069674766244e-26,0.703950990325647,0.551,0.405,3.36885374728725e-22,"1","HSPA5"
1.57896149496881e-26,0.651992995002179,0.497,0.339,3.52108413378044e-22,"1","FOXP1"
3.02601240085767e-26,0.370455085886781,0.879,0.775,6.7480076539126e-22,"1","RPL36AL"
3.7920231734814e-26,0.311831105743535,0.936,0.83,8.45621167686353e-22,"1","RPL13AP5"
6.70916459984807e-26,0.278542336960879,0.97,0.892,1.49614370576612e-21,"1","RPL10P16"
2.09883910839852e-25,0.661732964474977,0.459,0.305,4.68041121172869e-21,"1","DNAJB6"
5.35674707649196e-25,0.524632257288594,0.503,0.331,1.19455459805771e-20,"1","ARL4C"
5.63192574373652e-25,0.848514974380661,0.283,0.153,1.25591944085324e-20,"1","RCAN3"
9.3526816215859e-25,0.73231375022437,0.432,0.285,2.08564800161365e-20,"1","FUS"
1.64738051789543e-24,0.531012965055719,0.587,0.428,3.6736585549068e-20,"1","SOD1"
2.35257250094526e-24,1.0031955472977,0.273,0.152,5.24623667710794e-20,"1","STK17A"
2.58592201911483e-24,0.852299531603111,0.297,0.166,5.76660610262607e-20,"1","FYN"
2.79455534817596e-24,0.505833823589835,0.49,0.326,6.2318584264324e-20,"1","RARRES3"
3.93624752350783e-24,0.42397081192781,0.748,0.602,8.77783197742247e-20,"1","AC026403.1"
8.74732548570817e-24,0.774359250633625,0.357,0.227,1.95065358331292e-19,"1","MCUB"
3.40847671607748e-23,0.256034196647445,0.964,0.9,7.60090307685277e-19,"1","TOMM7"
3.65756505877323e-23,0.491300907285946,0.63,0.474,8.15637008106431e-19,"1","HNRNPA0"
1.6239799331472e-22,0.756983675790622,0.401,0.266,3.62147525091826e-18,"1","FNBP1"
1.78884043229089e-22,0.71083529747771,0.4,0.264,3.98911416400869e-18,"1","HSPE1"
3.83295544973001e-22,0.429165039726785,0.749,0.635,8.54749065289792e-18,"1","FXYD5"
4.1837212117802e-22,0.836789045364498,0.275,0.155,9.32969830226985e-18,"1","LINC-PINT"
4.2292450758149e-22,0.868740655979069,0.272,0.155,9.43121651906722e-18,"1","ARID5A"
4.23604181094056e-22,0.664632114663913,0.393,0.257,9.44637323839745e-18,"1","EZR"
6.3612009965865e-22,0.780475990192764,0.332,0.205,1.41854782223879e-17,"1","PDCD4"
3.76723170537621e-21,0.31075052104572,0.803,0.679,8.40092670298895e-17,"1","HMGB2"
4.68672698634499e-21,0.776463107488944,0.339,0.212,1.04514011795493e-16,"1","HNRNPUL1"
6.67721509783122e-21,0.278277072142772,0.805,0.676,1.48901896681636e-16,"1","MYL12A"
7.57288334197862e-21,0.520032800076517,0.525,0.386,1.68875298526123e-16,"1","AC005912.1"
1.17485175880583e-20,0.772934702671386,0.255,0.141,2.61991942213701e-16,"1","PRKCH"
1.53397368571499e-20,0.407561288487751,0.727,0.577,3.42076131914443e-16,"1","SNHG6"
2.16020026834429e-20,0.298616324031264,0.944,0.889,4.81724659840776e-16,"1","FOS"
4.3937134529806e-20,0.252772530146022,0.938,0.842,9.79798100014674e-16,"1","HNRNPA1"
8.22283559061856e-20,0.612045138829489,0.326,0.196,1.83369233670794e-15,"1","PIK3IP1"
8.97876169084693e-20,0.299796084891598,0.84,0.702,2.00226385705887e-15,"1","NOP53"
1.76221473402412e-19,0.328894680386886,0.816,0.698,3.92973885687378e-15,"1","SRSF5"
1.97699910972798e-19,0.826721033793352,0.308,0.195,4.40870801469339e-15,"1","AMD1"
2.09006057941404e-19,0.774597219647735,0.296,0.182,4.6608350920933e-15,"1","SVIP"
2.97459200857781e-19,0.583164138737998,0.524,0.394,6.63334017912851e-15,"1","CYCS"
3.26061112301502e-19,0.545816633048982,0.453,0.319,7.27116280432348e-15,"1","ANKRD12"
4.21806254380849e-19,0.410197803266555,0.666,0.515,9.40627947269292e-15,"1","CD48"
4.59118660099572e-19,0.829215828465482,0.259,0.152,1.02383461202205e-14,"1","G3BP2"
1.10841998838666e-18,0.420838613521304,0.673,0.549,2.47177657410226e-14,"1","SKP1"
1.88247844647231e-18,0.771014875132833,0.262,0.156,4.19792693563326e-14,"1","NASP"
2.48278951800909e-18,0.28797617442157,0.873,0.751,5.53662062516028e-14,"1","CIRBP"
4.77069170151614e-18,0.314009460912366,0.759,0.624,1.0638642494381e-13,"1","AL049873.1"
1.25769948379764e-17,0.666954968106523,0.332,0.218,2.80466984886874e-13,"1","IDI1"
2.94603314843751e-17,0.351943665144244,0.733,0.605,6.56965392101565e-13,"1","AL590867.2"
4.52840450577905e-17,0.661623013395475,0.311,0.202,1.00983420478873e-12,"1","CCNH"
5.85679338466222e-17,0.337495010101007,0.732,0.607,1.30606492477968e-12,"1","AC010343.1"
7.33861740421572e-17,0.422112182107564,0.591,0.462,1.63651168114011e-12,"1","EEF1A1P5"
8.55105052330417e-17,0.742002270511891,0.257,0.156,1.90688426669683e-12,"1","PPP1R2"
9.26444277827724e-17,0.556787706728724,0.392,0.269,2.06597073955582e-12,"1","HLA-F"
3.8530270712117e-16,0.25353817538028,0.873,0.779,8.59225036880208e-12,"1","EEF2"
7.2222220662232e-16,0.343230822409517,0.685,0.56,1.61055552076777e-11,"1","RPL10P6"
7.35210875162089e-16,0.63525439529654,0.347,0.239,1.63952025161146e-11,"1","AC092017.2"
1.44236284067128e-15,0.613124922670487,0.359,0.249,3.21646913469696e-11,"1","PEBP1"
3.058212292041e-15,0.710978484227571,0.279,0.181,6.81981341125142e-11,"1","PTGER4"
3.11400167007768e-15,0.474380796572686,0.47,0.349,6.94422372427322e-11,"1","KLF2"
3.84832018463405e-15,0.370960757928666,0.588,0.466,8.58175401173392e-11,"1","RPL5P17"
7.35764760978336e-15,0.50560067967061,0.422,0.311,1.64075541698169e-10,"1","TMEM123"
7.46014714688808e-15,0.60525353911355,0.321,0.215,1.66361281375604e-10,"1","BRD2"
8.12646047523316e-15,0.591232656781613,0.275,0.176,1.812200685977e-10,"1","SOCS3"
9.50663215978551e-15,0.282493018779494,0.741,0.62,2.11997897163217e-10,"1","RPL4P4"
1.09773568087025e-14,0.310900304119368,0.672,0.536,2.44795056834066e-10,"1","HCST"
3.22386845407349e-14,0.476645710401094,0.431,0.316,7.18922665258388e-10,"1","RPL23AP65"
3.32777036215664e-14,0.444792563419625,0.47,0.357,7.4209279076093e-10,"1","GTF3A"
6.25765472679679e-14,0.380831389342567,0.45,0.331,1.39545700407568e-09,"1","RAN"
6.86050560469135e-14,0.624399844468335,0.299,0.202,1.52989274984617e-09,"1","AC131235.1"
8.53759920371596e-14,0.309887920911778,0.321,0.208,1.90388462242866e-09,"1","ALOX5AP"
9.92719223832835e-14,0.55778687666847,0.334,0.23,2.21376386914722e-09,"1","TMEM2"
1.34825130805292e-13,0.340501449526482,0.684,0.566,3.006600416958e-09,"1","VAMP2"
2.52883974483908e-13,0.665724541444109,0.279,0.187,5.63931263099115e-09,"1","SLC3A2"
2.76968950249028e-13,0.51520718163811,0.33,0.227,6.17640759055333e-09,"1","WIPF1"
3.02441993962742e-13,0.50902861815501,0.302,0.2,6.74445646536915e-09,"1","EVL"
4.39501282487341e-13,0.552649377609065,0.312,0.215,9.80087859946771e-09,"1","SERTAD1"
4.94031125646416e-13,0.277191114476693,0.724,0.627,1.10168941019151e-08,"1","HNRNPDL"
5.03727632946774e-13,0.513630574625637,0.324,0.226,1.12331262147131e-08,"1","TRAM1"
7.26398763992007e-13,0.496322744947657,0.303,0.204,1.61986924370217e-08,"1","TSTD1"
7.56826897465516e-13,0.515710882449426,0.395,0.297,1.6877239813481e-08,"1","PTGES3"
9.49358438853039e-13,0.695616480605714,0.267,0.18,2.11706931864228e-08,"1","NR3C1"
1.75681745859875e-12,0.568158907084993,0.309,0.214,3.91770293267522e-08,"1","NOSIP"
2.09389705523077e-12,0.519895324230318,0.342,0.243,4.66939043316462e-08,"1","TSPYL1"
4.70211370868183e-12,0.305130720273944,0.659,0.549,1.04857135703605e-07,"1","RPS15AP17"
5.13104455453019e-12,0.368841206013338,0.551,0.443,1.14422293566023e-07,"1","MORF4L1"
7.08029049364019e-12,0.399818568226865,0.531,0.428,1.57890478008176e-07,"1","RPLP0P6"
9.15027393844002e-12,0.573832330075194,0.276,0.189,2.04051108827212e-07,"1","HINT1P1"
1.78583665039889e-11,0.531135855123521,0.322,0.232,3.98241573038952e-07,"1","AC099560.2"
2.31969302887027e-11,0.375544711654651,0.477,0.373,5.1729154543807e-07,"1","AC113935.1"
2.61135860349214e-11,0.746855885495893,0.37,0.281,5.82332968578747e-07,"1","MT2A"
4.71273874469686e-11,0.43749287100571,0.362,0.268,1.0509407400674e-06,"1","MARCH6"
5.28346863396828e-11,0.454939559609584,0.302,0.213,1.17821350537493e-06,"1","YWHAQ"
5.62935329188336e-11,0.311291040123125,0.504,0.394,1.25534578408999e-06,"1","KMT2E"
7.05838095483905e-11,0.519305915867004,0.264,0.179,1.57401895292911e-06,"1","IL10RA"
7.66384403853279e-11,0.276136875336932,0.711,0.616,1.70903722059281e-06,"1","PPDPF"
1.09773059911489e-10,0.386137095039887,0.473,0.374,2.44793923602621e-06,"1","SNU13"
1.61848470732329e-10,0.390910652871866,0.38,0.284,3.60922089733093e-06,"1","MAPK1IP1L"
1.75021791885837e-10,0.526224973070433,0.302,0.221,3.90298595905416e-06,"1","CLEC2B"
2.24295561989941e-10,0.376847495638084,0.447,0.35,5.00179103237568e-06,"1","SNHG8"
2.54273875188211e-10,0.375116794307102,0.358,0.265,5.67030741669711e-06,"1","TMED2"
4.08328989637094e-10,0.264915271415392,0.576,0.468,9.1057364689072e-06,"1","AC005840.1"
5.91247864543223e-10,0.366768487775393,0.376,0.285,1.31848273793139e-05,"1","RBMX"
6.66829270703318e-10,0.463595546297758,0.327,0.245,1.4870292736684e-05,"1","PIP4K2A"
7.1494988465913e-10,0.513931423591817,0.253,0.176,1.59433824278986e-05,"1","SRI"
8.28407675667047e-10,0.356322440674648,0.454,0.354,1.84734911673752e-05,"1","GYPC"
9.41566977267259e-10,0.322228761749588,0.456,0.358,2.09969435930599e-05,"1","ELF1"
9.91830586531982e-10,0.405698829283436,0.383,0.293,2.21178220796632e-05,"1","RSRP1"
1.25100880536344e-09,0.322097290200326,0.481,0.386,2.78974963596048e-05,"1","RPS15AP1"
1.9660188939582e-09,0.32384959104201,0.524,0.435,4.38422213352679e-05,"1","LITAF"
2.02069205340623e-09,0.261813912735582,0.595,0.495,4.50614327909589e-05,"1","SSR2"
2.14625674829909e-09,0.414721128631678,0.385,0.299,4.78615254870697e-05,"1","AC104563.1"
2.369190444186e-09,0.543740124722591,0.257,0.183,5.28329469053479e-05,"1","ISCA1"
2.4067257876088e-09,0.381592681268826,0.431,0.342,5.36699850636762e-05,"1","CLK1"
2.49902706481495e-09,0.380762440377331,0.385,0.299,5.57283035453734e-05,"1","EIF5"
2.64632593038795e-09,0.277231654361151,0.264,0.18,5.90130682476514e-05,"1","ANXA6"
3.71053464227626e-09,0.373242449002237,0.38,0.293,8.27449225227605e-05,"1","SMCHD1"
3.76097905841652e-09,0.297652822935285,0.469,0.37,8.38698330026884e-05,"1","AC107032.1"
6.63779343580363e-09,0.383306139901132,0.38,0.295,0.000148022793618421,"1","AP000936.3"
6.8705075633957e-09,0.272265550066259,0.604,0.511,0.000153212318663724,"1","SAP18"
7.29097799147116e-09,0.324273729996942,0.265,0.186,0.000162588809209807,"1","XBP1"
9.40869086521219e-09,0.301717958505162,0.498,0.411,0.000209813806294232,"1","ANAPC16"
1.28975085036265e-08,0.436321340160795,0.258,0.183,0.000287614439630871,"1","MYLIP"
2.16046751554285e-08,0.367521977937436,0.385,0.301,0.000481784255966056,"1","SNRPB2"
2.38691496276863e-08,0.465790615853904,0.269,0.195,0.000532282036697405,"1","ADGRE5"
2.52093844002958e-08,0.415938091217017,0.33,0.255,0.000562169272126595,"1","AL033519.2"
3.09690974369829e-08,0.269201233217495,0.427,0.332,0.000690610872844718,"1","CIB1"
3.46707382020146e-08,0.502626986703736,0.267,0.199,0.000773157461904925,"1","PFDN2"
3.52629621774648e-08,0.370721308918825,0.374,0.295,0.000786364056557465,"1","RWDD1"
3.75625212328061e-08,0.409781539266386,0.302,0.227,0.000837644223491576,"1","EEF1A1P6"
4.52635154549176e-08,0.400048535919864,0.306,0.23,0.00100937639464466,"1","TAF7"
6.02601144918841e-08,0.256420725569712,0.54,0.452,0.00134380055316902,"1","CCNL1"
6.45577664196069e-08,0.335582448919763,0.38,0.3,0.00143963819115723,"1","AL031729.1"
6.55570758310889e-08,0.455905223471579,0.296,0.226,0.00146192279103328,"1","MAGOH"
7.74021991732518e-08,0.3688427985228,0.392,0.32,0.00172606904156352,"1","TRMT112"
7.93941762287499e-08,0.429656536311004,0.284,0.214,0.00177049012990112,"1","TAF1D"
8.89425869945727e-08,0.415759016714479,0.306,0.238,0.00198341968997897,"1","PCNP"
1.15820573719423e-07,0.352585599037178,0.288,0.213,0.00258279879394314,"1","CYTH1"
1.36678731006265e-07,0.298237546317691,0.355,0.271,0.00304793570143972,"1","SEPT9"
1.42111062309928e-07,0.399916626111502,0.341,0.268,0.0031690766895114,"1","C9orf78"
1.80133405672843e-07,0.424918743066715,0.29,0.222,0.0040169749465044,"1","HNRNPH3"
2.13323503044405e-07,0.298521102567155,0.476,0.401,0.00475711411789023,"1","AC004057.1"
2.41251822941903e-07,0.322175832773439,0.346,0.268,0.00537991565160444,"1","AL669983.1"
3.14698361738769e-07,0.263333474076246,0.481,0.408,0.00701777346677455,"1","CUTA"
3.40087213246752e-07,0.275321540959958,0.416,0.331,0.00758394485540257,"1","EPC1"
3.43307351336644e-07,0.301932685223735,0.389,0.313,0.00765575393480716,"1","PDIA3"
5.33548082784979e-07,0.414024546834679,0.256,0.192,0.011898122246105,"1","CHD2"
6.12327459629513e-07,0.337916905496097,0.339,0.269,0.0136549023497381,"1","PLP2"
6.65495476822613e-07,0.296509533633385,0.411,0.342,0.0148405491331443,"1","TOMM20"
7.29112628592829e-07,0.289378697616639,0.418,0.346,0.0162592116176201,"1","SNRPB"
7.68349378545491e-07,0.290135640649901,0.382,0.305,0.0171341911415645,"1","RBM8A"
7.96216876701879e-07,0.347822189638964,0.379,0.303,0.0177556363504519,"1","FYB1"
8.37148077518601e-07,0.291133566470338,0.291,0.218,0.0186684021286648,"1","MGAT4A"
1.20398862232111e-06,0.30958493374933,0.348,0.277,0.0268489462777608,"1","AL136454.1"
1.2146651938796e-06,0.298205856191944,0.377,0.304,0.0270870338235151,"1","ARGLU1"
1.21876135365649e-06,0.300489317951592,0.358,0.284,0.0271783781865397,"1","AC136632.1"
1.22456584157873e-06,0.286401537835943,0.365,0.291,0.0273078182672058,"1","AC064799.1"
1.33971546797082e-06,0.272700296135518,0.275,0.206,0.0298756549357492,"1","CHMP4A"
1.48194381353307e-06,0.283692249900268,0.37,0.298,0.0330473470417874,"1","AC044787.1"
1.49792512722796e-06,0.436821151804226,0.279,0.218,0.0334037303371836,"1","TERF2IP"
1.95822432502191e-06,0.353318940147947,0.332,0.267,0.0436684024479886,"1","RAP1A"
2.42724165195852e-06,0.31370009884669,0.314,0.247,0.054127488838675,"1","STRAP"
2.46346972678208e-06,0.263221347944798,0.421,0.347,0.0549353749072404,"1","AC067942.1"
2.65209330634211e-06,0.309165831183195,0.293,0.228,0.0591416807314291,"1","RPL35P1"
2.68390999171252e-06,0.325332647316035,0.268,0.203,0.0598511928151892,"1","OSER1"
2.88442361562571e-06,0.326826874467193,0.354,0.288,0.0643226466284533,"1","RPS19P3"
4.30205831152087e-06,0.316995025890678,0.363,0.297,0.0959359003469154,"1","RPL10P12"
4.66486839331187e-06,0.405047339449271,0.326,0.265,0.104026565170855,"1","AC078814.1"
4.66946958733458e-06,0.335687174030477,0.323,0.259,0.104129171797561,"1","ATXN7"
4.72853859015295e-06,0.359428986233032,0.28,0.218,0.105446410560411,"1","AC090498.1"
4.75386033169724e-06,0.37105295812659,0.257,0.198,0.106011085396849,"1","EEF1A1P11"
6.03702179771536e-06,0.313186852729058,0.308,0.245,0.134625586089053,"1","ABRACL"
8.89193479166637e-06,0.292571001138734,0.329,0.265,0.19829014585416,"1","AL591846.1"
1.47697217772086e-05,0.250271550153425,0.263,0.202,0.329364795631751,"1","SELENOW"
1.57890141443614e-05,0.383187564497196,0.282,0.227,0.35209501541926,"1","RPL17P36"
1.99999358572975e-05,0.337674184243096,0.269,0.213,0.445998569617734,"1","CCDC59"
4.02990525633452e-05,0.306510559911805,0.37,0.312,0.898668872162598,"1","AC009245.1"
4.03221154857542e-05,0.280945973685646,0.297,0.24,0.899183175332319,"1","H2AFV"
4.45302718971606e-05,0.253193504643484,0.326,0.262,0.993025063306681,"1","AC087343.1"
5.01722873256619e-05,0.282188432785476,0.294,0.237,1,"1","DPP7"
5.20223913456643e-05,0.284801430147388,0.276,0.221,1,"1","TMEM230"
6.16090631140255e-05,0.282533414931651,0.263,0.208,1,"1","P4HB"
7.26609820676219e-05,0.288480259786403,0.405,0.351,1,"1","PPP1CB"
8.26606214195323e-05,0.2942731939897,0.265,0.214,1,"1","SRP9"
0.000111694514978769,0.299821612978489,0.286,0.235,1,"1","FAM133B"
0.000120706948917053,0.254177464323891,0.377,0.322,1,"1","EID1"
0.000193206309339541,0.292738446370837,0.296,0.247,1,"1","MAP1LC3B"
0.000193777162507546,0.31191693654027,0.269,0.22,1,"1","EIF3A"
0.000228943614073302,0.310747476232142,0.266,0.22,1,"1","PTP4A1"
0.000307218331531078,0.416744282032298,0.257,0.216,1,"1","EEF1A1P13"
0.00037120654048899,0.3417217928704,0.255,0.21,1,"1","SEPT6"
0.000385403159056506,0.298113870534598,0.266,0.218,1,"1","SF1"
0.000429737427449807,0.281877198193703,0.274,0.229,1,"1","RPS2P7"
0.000452187957567414,0.266220632770959,0.258,0.212,1,"1","MED30"
0.00131535572055555,0.255095539790797,0.291,0.25,1,"1","AC018738.1"
0,0.873140811705682,1,0.976,0,"2","RPL31"
0,0.830758024856743,0.999,0.978,0,"2","RPS25"
0,0.720713529103536,1,0.987,0,"2","RPS15A"
0,0.775028878047745,1,0.99,0,"2","RPS3A"
0,0.879401431653499,1,0.991,0,"2","RPS6"
0,0.737418129769924,1,0.995,0,"2","RPL32"
0,0.757104213420205,1,0.995,0,"2","RPS12"
0,0.705962831065487,1,0.996,0,"2","RPL34"
0,0.726965345986224,1,0.997,0,"2","RPL13"
0,0.715716911602652,1,0.998,0,"2","RPL21"
9.88131291682493e-323,0.65873613674197,1,0.993,2.20353278045196e-318,"2","RPLP2"
1.24126579977811e-306,0.706802095852107,1,0.998,2.76802273350518e-302,"2","RPS27"
9.46135827047006e-306,0.615502783231181,1,0.996,2.10988289431482e-301,"2","RPS14"
4.01153875054142e-299,0.703194822332001,1,0.986,8.94573141370738e-295,"2","RPL9"
6.71955369520868e-291,0.816333010547035,0.999,0.959,1.49846047403154e-286,"2","RPL9P9"
9.4267521351734e-290,0.629823825660485,1,0.993,2.10216572614367e-285,"2","RPL11"
1.78040577432749e-289,0.677038601775688,1,0.995,3.9703048767503e-285,"2","RPS18"
1.25990321972553e-283,0.613326590725269,1,0.996,2.80958417998794e-279,"2","RPS27A"
6.74510792850585e-277,0.743290673860649,0.999,0.974,1.5041590680568e-272,"2","RPL3"
3.3990595247744e-272,0.67615781217091,1,0.988,7.57990274024691e-268,"2","RPS13"
3.95557568210134e-268,0.75814384579951,1,0.977,8.820933771086e-264,"2","RPS29"
1.41354629251898e-265,0.636270892252856,0.999,0.989,3.15220823231731e-261,"2","RPL35A"
2.09107657242807e-265,0.734408224852504,1,0.977,4.66310075651459e-261,"2","RPS8"
2.13586483288135e-263,0.621523054503454,1,0.985,4.76297857732542e-259,"2","RPL19"
1.74986160724888e-254,0.831156893973088,0.999,0.948,3.90219138416501e-250,"2","RPS5"
5.88224401777091e-251,0.690221500685034,1,0.975,1.31174041596291e-246,"2","RPS20"
2.16212197277665e-249,0.828382286335136,0.996,0.928,4.82153199929193e-245,"2","RPL5"
6.15496098503663e-246,0.537303023163431,1,0.996,1.37255629966317e-241,"2","RPL13A"
1.76702155979934e-245,0.602772678382697,0.998,0.988,3.94045807835253e-241,"2","RPS28"
4.75843959213176e-237,0.773639305791079,0.999,0.943,1.06113202904538e-232,"2","RPL3P4"
7.2824197766444e-236,0.506611193448563,1,0.996,1.6239796101917e-231,"2","RPL10"
2.18762134044663e-233,0.706484476050787,1,0.967,4.87839558919599e-229,"2","RPL10A"
5.38114854474302e-232,0.835929702350248,0.995,0.92,1.19999612547769e-227,"2","AP001324.1"
4.24473871191807e-231,0.719336836479253,0.999,0.961,9.46576732757729e-227,"2","AC073861.1"
2.00198882436136e-224,0.580154326718777,1,0.988,4.46443507832582e-220,"2","RPL7"
1.86489131511801e-222,0.843825598224135,0.995,0.899,4.15870763271316e-218,"2","RPL30"
2.28278329909385e-222,0.937252853285921,0.991,0.846,5.09060675697929e-218,"2","AC008038.1"
6.57902296211726e-214,0.628917906864116,1,0.975,1.46712212055215e-209,"2","RPS4X"
1.06569089029641e-209,0.651348227733291,1,0.97,2.376490685361e-205,"2","RPL38"
1.49085639684625e-207,0.564187554931785,0.999,0.98,3.32460976496715e-203,"2","RPL37"
3.92106455724595e-207,0.610652744461238,1,0.985,8.74397396265847e-203,"2","RPS3"
1.60069370513544e-206,0.821997872816625,0.992,0.9,3.56954696245202e-202,"2","RPL4"
5.85791630884239e-205,0.570571589064911,1,0.983,1.30631533687185e-200,"2","RPS16"
1.4170645901065e-204,0.574070586797718,1,0.985,3.1600540359375e-200,"2","RPS17"
2.74997561792358e-196,0.602496847246219,1,0.975,6.13244562796958e-192,"2","RPL7P9"
1.62616240523056e-188,0.588331345166823,1,0.979,3.62634216366415e-184,"2","RPL36"
8.41805600610281e-188,1.05452476328446,0.964,0.732,1.87722648936093e-183,"2","SARAF"
1.240461800823e-186,1.19385805977939,0.924,0.626,2.76622981583529e-182,"2","GAS5"
1.76473584387346e-184,0.589854281658022,1,0.972,3.93536093183781e-180,"2","RPL18"
1.01938335314901e-182,0.496435139153766,1,0.986,2.27322487752228e-178,"2","RPL27A"
1.0204101574311e-177,0.613526535329153,0.999,0.954,2.27551465107136e-173,"2","RPL14"
8.35066248786976e-176,0.615076623555052,0.998,0.962,1.86219773479496e-171,"2","RPS21"
3.79002042721968e-175,0.888076214504581,0.981,0.813,8.45174555269988e-171,"2","EEF1B2"
6.54554865590636e-170,1.29041913401376,0.835,0.431,1.45965735026712e-165,"2","LDHB"
2.23135192901093e-166,1.07412041428931,0.834,0.357,4.97591480169438e-162,"2","LTB"
2.6056857302786e-166,0.478552008754249,0.999,0.99,5.81067917852129e-162,"2","RPL18A"
1.46222052236492e-160,0.687032812550506,0.992,0.903,3.26075176487378e-156,"2","RPSA"
5.09641534649639e-160,0.605288946655495,0.998,0.943,1.13650062226869e-155,"2","EEF1A1"
8.75326712442455e-156,0.658322869481228,0.994,0.923,1.95197856874667e-151,"2","RPL22"
5.60070325878878e-154,1.27317904767678,0.812,0.413,1.2489568267099e-149,"2","LEPROTL1"
2.63441585260876e-152,0.729131472909451,0.991,0.878,5.87474735131754e-148,"2","AC024293.1"
2.20103411717326e-150,2.13743601978515,0.438,0.114,4.90830608129638e-146,"2","RCAN3"
5.06932360714013e-145,0.411600710558357,1,0.991,1.13045916439225e-140,"2","RPL39"
2.39439227499921e-144,0.491408524037518,0.999,0.978,5.33949477324823e-140,"2","RPS2"
4.54638351372068e-142,0.674817176695349,0.989,0.892,1.01384352355971e-137,"2","RPS27AP16"
1.70162971453796e-141,2.52256237564634,0.32,0.058,3.79463426341964e-137,"2","ITPKB-IT1"
4.29847189855703e-140,0.893652613975769,0.946,0.696,9.58559233378218e-136,"2","NPM1"
2.0578050395557e-138,0.735959345052192,0.98,0.832,4.58890523820921e-134,"2","RPS20P14"
4.05646101217098e-137,0.926040252470332,0.939,0.677,9.04590805714128e-133,"2","RPL5P34"
1.30206604093364e-131,2.56550808698152,0.293,0.052,2.90360727128203e-127,"2","CCR7"
1.45153747276032e-127,0.657862502113549,0.989,0.882,3.23692856425552e-123,"2","RPL34P18"
2.64941328099937e-123,0.420577492796867,0.999,0.981,5.90819161662859e-119,"2","RPL37A"
3.51802663579972e-123,0.449148079384288,0.998,0.979,7.84519939783338e-119,"2","RPL27"
6.32301940003678e-123,0.505124805529991,0.999,0.963,1.4100333262082e-118,"2","RPL6"
7.49912385185595e-123,0.76839164480114,0.957,0.739,1.67230461896388e-118,"2","LRRC75A-AS1"
5.1881808440698e-120,0.472763536494579,0.999,0.972,1.15696432822757e-115,"2","RPS7"
5.48595848503205e-120,0.420155449763416,0.997,0.988,1.22336874216215e-115,"2","RPL12"
1.23846640347192e-119,0.736447935994617,0.965,0.788,2.76178007974239e-115,"2","AC073621.1"
1.66678433742121e-119,0.462155001767476,0.998,0.972,3.71692907244929e-115,"2","RPL29"
1.8491097444802e-118,1.74634193901554,0.473,0.159,4.12351473019084e-114,"2","PIK3IP1"
3.1042317457715e-116,1.02464372571203,0.752,0.347,6.92243679307045e-112,"2","CD3E"
7.65577561064515e-116,0.387600463066297,1,0.995,1.70723796117387e-111,"2","RPS19"
9.87367041452985e-116,2.25190520380807,0.33,0.08,2.20182850244016e-111,"2","SERINC5"
1.05149083568576e-115,0.880433839308997,0.905,0.654,2.34482456357925e-111,"2","EIF3E"
1.4362815309457e-115,0.612802354254692,0.997,0.886,3.20290781400891e-111,"2","RPL10P16"
2.16264649198169e-115,0.953035137893718,0.785,0.37,4.82270167711917e-111,"2","TRAC"
6.09912853574635e-114,0.44584506987343,1,0.975,1.36010566347144e-109,"2","RPS26"
8.75079779649397e-114,0.937481490758259,0.878,0.595,1.95142790861815e-109,"2","AL049873.1"
9.03804154226621e-109,0.358532081097117,1,0.993,2.01548326392536e-104,"2","RPS15"
2.69135508140127e-106,0.543694863783287,0.99,0.915,6.00172183152483e-102,"2","RPL23A"
1.33415955680824e-105,0.922437722404208,0.861,0.574,2.97517581168237e-101,"2","AC010343.1"
6.9290300582847e-105,0.921797418068807,0.858,0.591,1.54517370299749e-100,"2","RPL4P4"
3.18058338957085e-103,0.6765099938601,0.965,0.803,7.09270095874299e-99,"2","AC099336.2"
2.58193171065433e-101,0.374968844729166,1,0.992,5.75770771475917e-97,"2","TPT1"
3.10782721582761e-100,0.509079536491173,0.992,0.93,6.93045469129556e-96,"2","RPL18AP3"
1.83502495963799e-99,0.392860297788963,1,0.975,4.09210565999272e-95,"2","RPL15"
2.14854204117063e-99,1.09979765586933,0.718,0.389,4.79124875181051e-95,"2","C6orf48"
3.81782799956076e-99,2.33852491652427,0.264,0.057,8.51375643902049e-95,"2","SH3YL1"
2.73195952655372e-95,1.65767113343207,0.389,0.125,6.09226974421479e-91,"2","BCL11B"
3.48664180802576e-95,0.678313128589056,0.951,0.776,7.77521123189745e-91,"2","RPL21P16"
8.0317552037429e-94,1.20403791507105,0.622,0.308,1.79108141043467e-89,"2","FOXP1"
4.5166705883637e-92,0.466504530700136,0.997,0.948,1.0072175412051e-87,"2","RPL24"
6.41806766685208e-90,1.50142843900654,0.453,0.178,1.43122908970801e-85,"2","NOSIP"
1.20249881252335e-87,0.534504454926662,0.986,0.889,2.68157235192708e-83,"2","RPLP0"
1.70239086402437e-86,0.997859413032845,0.724,0.423,3.79633162677435e-82,"2","EEF1B2P3"
2.82487262505233e-85,0.749276124679455,0.88,0.627,6.29946595386669e-81,"2","RPSAP19"
6.61323833044252e-84,0.675662066174657,0.926,0.747,1.47475214768868e-79,"2","RPS23"
1.36537866826658e-82,0.84289599087942,0.823,0.562,3.04479443023448e-78,"2","AL136968.2"
1.61787438119347e-80,0.295521594830269,1,0.992,3.60785987006144e-76,"2","RPL28"
9.10607643876038e-80,0.52833476830621,0.981,0.874,2.03065504584356e-75,"2","RPS7P1"
1.00105595665343e-79,0.390805426690218,1,0.966,2.23235478333715e-75,"2","AC007969.1"
8.90688958838612e-79,0.782021511237281,0.857,0.611,1.9862363782101e-74,"2","RPS13P2"
1.88937272465329e-76,0.652250711341587,0.616,0.294,4.21330117597683e-72,"2","CD7"
2.80406449738292e-75,0.651241625458087,0.908,0.715,6.25306382916392e-71,"2","RPS4XP11"
6.1016839221355e-75,2.0330211928732,0.251,0.068,1.36067551463622e-70,"2","CAMK4"
2.90045258852099e-74,0.675726531617272,0.892,0.691,6.4680092724018e-70,"2","NOP53"
4.59794369136001e-74,0.437125289648107,0.996,0.937,1.02534144317328e-69,"2","RACK1"
3.06131187042328e-73,0.33927854555684,0.999,0.979,6.82672547104391e-69,"2","RPL35"
1.36164521754456e-72,0.59232994761431,0.94,0.769,3.03646883512437e-68,"2","RPS28P7"
3.78282660401295e-72,0.538895905148733,0.966,0.824,8.43570332694887e-68,"2","RPL13AP5"
7.22128088784013e-72,0.725064635865089,0.859,0.624,1.61034563798835e-67,"2","RPL21P75"
1.77569406400004e-69,0.508991111920317,0.976,0.85,3.95979776272008e-65,"2","AP005202.1"
2.11208580516739e-69,0.636758233634748,0.916,0.756,4.70995134552329e-65,"2","RPS4Y1"
1.49773035945011e-68,0.425103010811861,0.993,0.938,3.33993870157374e-64,"2","RPL23"
2.12662343974913e-68,0.862720931822948,0.757,0.515,4.74237027064056e-64,"2","AC034236.1"
3.55066584685538e-67,0.759315832321519,0.811,0.56,7.91798483848749e-63,"2","AC096919.1"
1.1845547509424e-66,0.892764212091448,0.7,0.437,2.64155709460154e-62,"2","AC005840.1"
1.63382237704037e-66,0.362649160689856,0.995,0.959,3.64342390080002e-62,"2","RPL41"
1.95140788617717e-66,0.469753435348869,0.977,0.897,4.3516395861751e-62,"2","TOMM7"
6.59873274603619e-64,0.781399719136514,0.767,0.522,1.47151740236607e-59,"2","RPS15AP17"
7.65032412053586e-64,0.370945161654745,0.997,0.947,1.7060222788795e-59,"2","RPL7A"
5.45306298322914e-62,0.557785535268021,0.937,0.772,1.2160330452601e-57,"2","RPL10P9"
7.5337860246392e-62,0.472337025290134,0.983,0.867,1.68003428349454e-57,"2","AC116533.1"
2.11442759092629e-61,1.01894196073281,0.555,0.313,4.71517352776564e-57,"2","AC067942.1"
3.73373987577696e-59,0.735871899726724,0.764,0.512,8.32623992298263e-55,"2","RPSAP58"
1.90883775188056e-58,0.683161737912997,0.829,0.589,4.25670818669365e-54,"2","AC074033.1"
2.68247203860073e-58,0.785332736014891,0.717,0.483,5.98191264607963e-54,"2","AC004453.1"
7.27270254827112e-58,0.471217675393846,0.774,0.43,1.62181266826446e-53,"2","CD3D"
9.00260209773622e-58,1.11170226606721,0.413,0.188,2.00758026779518e-53,"2","TCF7"
1.63804676111066e-57,0.478529009885117,0.954,0.853,3.65284427727678e-53,"2","JUNB"
3.12032855814078e-57,0.883446897303162,0.421,0.183,6.95833268465393e-53,"2","IL7R"
1.05144354221152e-56,0.490966267319493,0.953,0.802,2.34471909913169e-52,"2","RPS7P10"
1.51636645155995e-54,0.81026219434577,0.557,0.308,3.38149718697868e-50,"2","ZNF331"
1.30348428523638e-52,0.788412120221359,0.682,0.443,2.90676995607714e-48,"2","RPL5P17"
1.72651355243752e-52,0.982594234786792,0.473,0.255,3.85012522193566e-48,"2","RGS10"
2.68451139619067e-52,0.749069648523217,0.742,0.507,5.9864604135052e-48,"2","RPS3AP26"
5.98351434347899e-52,0.295595585059374,0.997,0.979,1.33432369859581e-47,"2","RPS9"
2.81024387923027e-51,0.672881591089832,0.768,0.546,6.2668438506835e-47,"2","AC068724.1"
1.54755116859266e-50,1.04858304380541,0.403,0.189,3.45103910596162e-46,"2","MGAT4A"
2.70111302021335e-50,0.489731217612211,0.931,0.765,6.02348203507578e-46,"2","EEF2"
8.77796236878262e-49,1.12155364756515,0.428,0.222,1.95748560823852e-44,"2","TSPYL1"
2.13960875959592e-47,0.553575438871431,0.868,0.676,4.77132753389891e-43,"2","AC079250.1"
2.47894376484925e-47,1.07484136227713,0.383,0.179,5.52804459561382e-43,"2","RHOH"
4.68603586189155e-47,0.436746001206028,0.945,0.814,1.04498599720181e-42,"2","RPL13AP25"
3.64576857586691e-46,0.282937896073373,0.999,0.976,8.13006392418321e-42,"2","RPL8"
1.29480989039167e-45,1.17004290047815,0.274,0.109,2.88742605557342e-41,"2","CD8B"
3.11594325892396e-45,0.642897861874887,0.736,0.518,6.94855346740043e-41,"2","RPL21P28"
4.38037356092836e-45,0.325603156411034,0.992,0.944,9.76823304087023e-41,"2","AC012618.1"
5.94925521546223e-45,0.86742691902793,0.51,0.298,1.32668391304808e-40,"2","RPS3AP5"
7.68349557945878e-44,0.591110251552506,0.64,0.396,1.71341951421931e-39,"2","TRBC2"
1.55858238046474e-43,0.877474894901716,0.454,0.239,3.47563870843637e-39,"2","ACAP1"
3.19120922752537e-43,0.407114044817968,0.959,0.821,7.11639657738158e-39,"2","PABPC1"
5.92383822740436e-41,1.11418290503612,0.305,0.137,1.32101592471117e-36,"2","ATM"
1.25065385022394e-40,0.871921048267442,0.486,0.286,2.78895808599938e-36,"2","RPL9P7"
2.52079287124699e-40,0.66348372114997,0.675,0.463,5.62136810288079e-36,"2","RPS23P8"
2.91721221806333e-39,0.929734811903519,0.416,0.228,6.50538324628123e-35,"2","NDFIP1"
3.69750077401725e-39,0.500107488490373,0.879,0.707,8.24542672605846e-35,"2","RPL24P8"
1.01819593164455e-38,0.764859639280142,0.533,0.329,2.27057692756735e-34,"2","SNHG8"
8.36129214016734e-38,0.841426999531075,0.427,0.232,1.86456814725732e-33,"2","ATXN7"
1.89428954617378e-37,0.917354460412676,0.378,0.191,4.22426568796752e-33,"2","CLEC2D"
2.25522872312566e-37,0.830254219355755,0.471,0.277,5.02916005257023e-33,"2","AC104563.1"
2.69945369227827e-37,0.305793794227398,0.989,0.927,6.01978173378055e-33,"2","NACA"
8.67157404089853e-37,0.545137057189349,0.629,0.386,1.93376101112037e-32,"2","PCED1B-AS1"
8.69172158332268e-37,0.62769987666006,0.653,0.448,1.93825391308096e-32,"2","EEF1A1P5"
1.03481107359999e-36,0.691218846764574,0.43,0.222,2.30762869412798e-32,"2","LCK"
3.94481840050493e-36,0.472168461364817,0.815,0.623,8.79694503312599e-32,"2","AC019205.3"
1.33885479509874e-35,0.739464955096079,0.549,0.35,2.9856461930702e-31,"2","AC107032.1"
3.94560259397912e-35,0.560848772251436,0.745,0.546,8.79869378457343e-31,"2","RPL10P6"
1.01055085879109e-34,0.288397698001684,0.992,0.932,2.25352841510412e-30,"2","AC022431.1"
1.35824822399723e-34,0.6304409438021,0.655,0.46,3.02889353951382e-30,"2","RPL7P1"
3.30369237924582e-34,0.748167707124281,0.555,0.368,7.36723400571817e-30,"2","RPS15AP1"
6.30343946994498e-34,0.431712472185817,0.881,0.719,1.40566700179773e-29,"2","FO393411.1"
1.01488693340942e-33,0.681967625388977,0.606,0.413,2.263197861503e-29,"2","RPS3AP25"
1.43286204186049e-33,0.707638962660629,0.458,0.26,3.19528235334889e-29,"2","RNF125"
5.83685900695877e-33,0.591416405043961,0.677,0.472,1.30161955855181e-28,"2","AL139095.2"
5.85457731268095e-33,0.482066941642003,0.789,0.593,1.30557074072785e-28,"2","AC026403.1"
7.39265510274978e-33,0.492216885824212,0.78,0.595,1.6485620879132e-28,"2","AL590867.2"
1.01980885773103e-32,0.752017942869334,0.545,0.365,2.27417375274019e-28,"2","RPS3AP6"
2.48115729678948e-32,0.720699798598061,0.509,0.327,5.53298077184053e-28,"2","AC087190.1"
2.58989509419063e-32,0.915967408240421,0.335,0.173,5.7754660600451e-28,"2","SVIP"
8.31683290776862e-32,0.54695276758227,0.425,0.234,1.8546537384324e-27,"2","CD3G"
8.58445306739863e-32,0.529957852817182,0.735,0.539,1.9143330340299e-27,"2","AC026366.1"
1.48544087684653e-31,0.681503540949089,0.467,0.281,3.31253315536777e-27,"2","FYB1"
2.6079716366976e-31,0.636425313392772,0.591,0.401,5.81577674983564e-27,"2","AC079140.2"
1.62039345197688e-30,0.611383659200596,0.529,0.336,3.61347739790844e-26,"2","GYPC"
2.00989420850907e-30,0.872091289416855,0.39,0.228,4.48206408497523e-26,"2","TNRC6B"
1.11290233385115e-29,0.595787439933014,0.595,0.412,2.48177220448805e-25,"2","RPLP0P6"
2.96110244210052e-29,0.906199000968468,0.3,0.157,6.60325844588415e-25,"2","HSPB1"
3.42310817006772e-29,0.746843664787058,0.454,0.285,7.63353121925102e-25,"2","AC026254.2"
3.56732070654187e-29,0.388782884350456,0.872,0.716,7.95512517558837e-25,"2","RPL7AP30"
1.25287283601981e-28,0.3664607004854,0.802,0.598,2.79390642432417e-24,"2","NAP1L1"
1.51455490095466e-28,0.340316129436459,0.95,0.832,3.37745742912888e-24,"2","COX7C"
1.59962636062735e-27,0.550914338501924,0.47,0.286,3.567166784199e-23,"2","AC245427.1"
2.56189871113792e-27,0.394436604934072,0.826,0.662,5.71303412583755e-23,"2","RPL7AP6"
2.93909381298876e-27,0.909754055723024,0.323,0.183,6.55417920296495e-23,"2","EEF1B2P6"
3.2154487258305e-27,0.620578679332916,0.555,0.381,7.17045065860202e-23,"2","AC005912.1"
4.09813516510799e-27,0.837375591862963,0.299,0.156,9.13884141819081e-23,"2","OCIAD2"
5.26382321370214e-27,0.6335434323522,0.492,0.318,1.17383257665558e-22,"2","AC246787.1"
1.3692932700281e-26,0.902918743740331,0.271,0.138,3.05352399216266e-22,"2","AL121944.1"
1.98713106082072e-26,0.931099865016058,0.269,0.137,4.43130226563021e-22,"2","RFTN1"
2.48525964473571e-26,0.596401601828058,0.533,0.36,5.54212900776064e-22,"2","AC113935.1"
1.78341797741592e-25,0.85668236261709,0.255,0.129,3.9770220896375e-21,"2","NUCB2"
1.66296736198907e-24,0.706914344176296,0.444,0.289,3.70841721723563e-20,"2","ST13"
1.67654256480092e-24,0.544163909393138,0.609,0.441,3.73868991950606e-20,"2","SMDT1"
1.9628711474318e-24,0.778151216018561,0.339,0.197,4.37720265877292e-20,"2","STAT3"
3.6588129418568e-24,0.363253254046104,0.876,0.759,8.15915286034066e-20,"2","COMMD6"
4.43527384812892e-24,0.422857788314233,0.694,0.51,9.8906606813275e-20,"2","CD48"
1.96468143191431e-23,0.629751230790292,0.462,0.303,4.38123959316892e-19,"2","TMEM123"
2.7256913054431e-23,0.524392111092017,0.419,0.26,6.07829161113812e-19,"2","SELL"
6.63758122155505e-23,0.262299307531749,0.948,0.841,1.48018061240678e-18,"2","HNRNPA1"
9.81946373558076e-23,0.748542288638551,0.331,0.197,2.18974041303451e-18,"2","EEF1A1P13"
1.06000450020993e-22,0.528150957157635,0.584,0.423,2.36381003546813e-18,"2","RPL24P4"
1.10673552140708e-22,0.938452500064879,0.258,0.142,2.46802021273779e-18,"2","FAM118A"
1.7991678050036e-22,0.4220274473015,0.737,0.577,4.01214420515803e-18,"2","SNHG6"
1.83059140070096e-22,0.639857368455589,0.429,0.28,4.08221882356314e-18,"2","RPL10P12"
2.55278366285849e-22,0.476640763928457,0.665,0.507,5.69270756817442e-18,"2","EIF3H"
3.00669733646368e-22,0.675519405344359,0.392,0.249,6.70493506031401e-18,"2","AL591846.1"
3.56080246669487e-22,0.511849502499736,0.548,0.383,7.94058950072956e-18,"2","AC004057.1"
1.01962413288923e-21,0.434894898798232,0.639,0.469,2.27376181634298e-17,"2","HSPA8"
1.05545862139029e-21,0.419093983226382,0.503,0.34,2.35367272570034e-17,"2","C12orf57"
3.52027883318245e-21,0.564673467428973,0.434,0.282,7.85022179799687e-17,"2","AP000936.3"
3.66883811839537e-21,0.629506990698725,0.426,0.283,8.18150900402168e-17,"2","RSL1D1"
1.19936319257357e-20,0.668808443665259,0.395,0.259,2.67457991943907e-16,"2","AC004448.1"
1.41125575369908e-20,0.462726503214203,0.549,0.389,3.14710033074895e-16,"2","TUBA1A"
1.42120015054805e-20,0.618153229629878,0.388,0.249,3.16927633572216e-16,"2","AC078814.1"
2.0271926695172e-20,0.724099132120638,0.329,0.201,4.52063965302335e-16,"2","RPL21P39"
2.47739148194095e-20,0.666791838944959,0.415,0.279,5.52458300472832e-16,"2","AC064799.1"
2.90421438576183e-20,0.62728069517131,0.403,0.263,6.47639808024888e-16,"2","AL136454.1"
5.20430850445989e-20,0.698787956988074,0.358,0.23,1.16056079649456e-15,"2","PPA1"
6.45394869992594e-20,0.608467644059384,0.401,0.26,1.43923056008348e-15,"2","NUCKS1"
6.50334280634321e-20,0.539880794380118,0.413,0.268,1.45024544581454e-15,"2","FBL"
8.02032610490362e-20,0.650005455575796,0.331,0.198,1.78853272139351e-15,"2","TSTD1"
8.9348794144842e-20,0.626815226268278,0.328,0.195,1.99247810942998e-15,"2","EVL"
1.27281164983309e-19,0.299292287980424,0.297,0.174,2.8383699791278e-15,"2","PRDX2"
1.30086107546678e-19,0.792087129799555,0.263,0.148,2.90092019829091e-15,"2","MPHOSPH8"
2.05752886315069e-19,0.642622030682101,0.406,0.273,4.58828936482603e-15,"2","AC136632.1"
2.73538425827998e-19,0.618721399797513,0.371,0.238,6.09990689596437e-15,"2","RPL7P23"
9.33256164343352e-19,0.334718041370089,0.839,0.693,2.08116124648567e-14,"2","HINT1"
1.09961504844335e-18,0.612110247371996,0.376,0.244,2.45214155802866e-14,"2","AL033519.2"
1.48830105939781e-18,0.759342229156828,0.263,0.152,3.31891136245711e-14,"2","PSIP1"
1.56793933568506e-18,0.621848559437046,0.344,0.217,3.49650471857769e-14,"2","RPL29P11"
3.03542022161658e-18,0.630821376526057,0.337,0.213,6.76898709420498e-14,"2","TTC3"
4.65638624331902e-18,0.58663235164019,0.339,0.21,1.03837413226014e-13,"2","CNOT6L"
5.71330927478697e-18,0.762328108329356,0.26,0.15,1.27406796827749e-13,"2","RPL21P131"
7.28795569710206e-18,0.680239994137491,0.277,0.163,1.62521412045376e-13,"2","RPS10"
1.0048478637077e-17,0.705339537243486,0.256,0.146,2.24081073606817e-13,"2","GCC2"
1.52490767865569e-17,0.467857340523513,0.509,0.362,3.40054412340219e-13,"2","RPL13AP7"
2.3269971716269e-17,0.494693887249315,0.477,0.345,5.18920369272799e-13,"2","SRSF6"
2.84091493768218e-17,0.677677502534487,0.311,0.196,6.33524031103126e-13,"2","SEPT6"
3.26682393095503e-17,0.680634113767127,0.258,0.15,7.28501736602972e-13,"2","PRMT2"
4.35609663555802e-17,0.608462635116954,0.382,0.26,9.71409549729438e-13,"2","AL669983.1"
5.92636151749628e-17,0.554731412912475,0.419,0.288,1.32157861840167e-12,"2","Z74021.1"
7.42114241180447e-17,0.378867026247789,0.631,0.476,1.6549147578324e-12,"2","HNRNPA0"
8.01298719687256e-17,0.619506131590562,0.269,0.156,1.78689614490258e-12,"2","AAK1"
9.60992634218683e-17,0.548384579364151,0.431,0.303,2.14301357430766e-12,"2","EIF4B"
1.15870015125509e-16,0.582769687812748,0.378,0.254,2.58390133729885e-12,"2","DDX18"
1.19358707849908e-16,0.599291468676057,0.371,0.251,2.66169918505296e-12,"2","AC087343.1"
1.20187053920065e-16,0.406072897362576,0.552,0.398,2.68017130241745e-12,"2","ANAPC16"
2.50940889143225e-16,0.518593570274135,0.379,0.25,5.59598182789393e-12,"2","SBDS"
4.29768352660573e-16,0.504442587062924,0.423,0.299,9.58383426433078e-12,"2","AC009245.1"
5.26791075832956e-16,0.639117065100814,0.333,0.22,1.17474409910749e-11,"2","EEF1A1P6"
7.6588346788073e-16,0.72933359749599,0.28,0.174,1.70792013337403e-11,"2","EIF2A"
1.08614659142972e-15,0.612613452985026,0.29,0.182,2.42210689888828e-11,"2","RPS27AP11"
1.25486014308457e-15,0.534484294900393,0.36,0.242,2.79833811907858e-11,"2","LSM5"
1.30841985096496e-15,0.34378530017651,0.352,0.218,2.91777626765186e-11,"2","CD2"
1.38176758185314e-15,0.679326403703176,0.28,0.176,3.08134170753249e-11,"2","AC010468.1"
3.05143506441396e-15,0.558376093492599,0.356,0.238,6.80470019364313e-11,"2","AC092017.2"
3.05154877362701e-15,0.427437798188553,0.486,0.354,6.80495376518822e-11,"2","PNISR"
6.0588624672377e-15,0.518304709536364,0.328,0.211,1.35112633019401e-10,"2","ANKRD44"
9.0877102089101e-15,0.61118080166767,0.31,0.201,2.02655937658695e-10,"2","AC131235.1"
1.04817307436617e-14,0.671038465153866,0.291,0.19,2.33742595583657e-10,"2","EEF1A1P11"
1.05216259117268e-14,0.327446171627874,0.678,0.524,2.34632257831507e-10,"2","NACA3P"
1.25694411096749e-14,0.546084871658134,0.348,0.236,2.80298536745749e-10,"2","AC018738.1"
2.2800890519148e-14,0.503305859401742,0.348,0.232,5.08459858577001e-10,"2","MCUB"
7.97049116115283e-14,0.332880061544499,0.651,0.512,1.77741952893708e-09,"2","SON"
2.57516546543179e-13,0.489225218555164,0.43,0.318,5.7426189879129e-09,"2","RPL23AP65"
4.32214336355595e-13,0.383767223914679,0.497,0.369,9.63837970072976e-09,"2","RPL12P4"
4.72167743534527e-13,0.519552055049526,0.339,0.229,1.05293406808199e-08,"2","AC099560.2"
6.19990364718652e-13,0.478040118547768,0.408,0.296,1.38257851332259e-08,"2","NSA2"
7.56647358490777e-13,0.313144967734288,0.333,0.214,1.68732360943443e-08,"2","SPOCK2"
1.49120114245967e-12,0.400419685532613,0.353,0.239,3.32537854768506e-08,"2","ISG20"
2.48058120963624e-12,0.33502813372653,0.569,0.445,5.53169609748881e-08,"2","RPL15P3"
3.77503832146668e-12,0.537049528185329,0.316,0.218,8.4183354568707e-08,"2","RPL17P36"
4.38087565195942e-12,0.580525401180388,0.313,0.219,9.76935270386951e-08,"2","RPS2P7"
6.60161914586977e-12,0.400808190202327,0.481,0.368,1.47216106952896e-07,"2","EIF3FP3"
9.10440463092115e-12,0.38174650732131,0.393,0.282,2.03028223269542e-07,"2","C11orf58"
1.19427846971807e-11,0.499942992804279,0.318,0.222,2.66324098747129e-07,"2","AP003385.3"
2.28221885932984e-11,0.462059154947194,0.355,0.252,5.08934805630554e-07,"2","PEBP1"
3.0989154297592e-11,0.54445280847715,0.274,0.186,6.91058140836302e-07,"2","RPS2P55"
5.46895988177553e-11,0.419384134285262,0.416,0.312,1.21957805363594e-06,"2","EIF3D"
5.89653605222209e-11,0.399105952380046,0.374,0.265,1.31492753964553e-06,"2","SERINC1"
7.59381159662637e-11,0.33256942686897,0.29,0.19,1.69341998604768e-06,"2","ITM2A"
7.88206714919291e-11,0.549556487072863,0.268,0.183,1.75770097427002e-06,"2","RPL24P7"
9.09944096441643e-11,0.388577097486458,0.368,0.263,2.02917533506486e-06,"2","PSMA3-AS1"
1.26154466233413e-10,0.284592986717424,0.562,0.437,2.81324459700511e-06,"2","SOD1"
1.70146977844834e-10,0.264640161280933,0.776,0.656,3.79427760593979e-06,"2","CCNI"
3.3165443596913e-10,0.297215801501114,0.675,0.554,7.3958939221116e-06,"2","EIF3F"
3.41075602365091e-10,0.349657482938482,0.412,0.303,7.60598593274152e-06,"2","N4BP2L2"
3.52697176162801e-10,0.432246998521083,0.429,0.328,7.86514702843046e-06,"2","ANKRD12"
4.41770644225175e-10,0.423768910587827,0.372,0.278,9.8514853662214e-06,"2","RPL12P16"
7.718630191934e-10,0.40816020947546,0.378,0.283,1.72125453280128e-05,"2","RPS19P3"
1.00512605987902e-09,0.321475376870458,0.451,0.342,2.2414311135302e-05,"2","STK4"
3.83777000615955e-09,0.560162591760869,0.276,0.199,8.5582271137358e-05,"2","AC097523.1"
4.85181702334966e-09,0.333914896816169,0.493,0.39,0.000108195519620697,"2","C19orf53"
6.70054313137111e-09,0.427295754837877,0.309,0.225,0.000149422111829576,"2","RPL35P1"
8.13816916139896e-09,0.256077767046671,0.566,0.452,0.000181481172299197,"2","EIF4A2"
1.34222859097445e-08,0.298370832353496,0.396,0.297,0.000299316975787302,"2","DDX24"
1.44883427075247e-08,0.363765191851386,0.413,0.323,0.0003230900423778,"2","RPL41P2"
2.85324658256957e-08,0.368334246495877,0.38,0.294,0.000636273987913015,"2","AL121612.1"
3.49349610338119e-08,0.332703481064072,0.313,0.229,0.000779049631054006,"2","TAF7"
3.59268858537342e-08,0.34004449649922,0.383,0.295,0.000801169554538272,"2","CCT8"
8.02848728384745e-08,0.312165104624146,0.374,0.287,0.00179035266429798,"2","RPL35P5"
2.29516318939807e-07,0.36938148238519,0.377,0.297,0.00511821391235769,"2","AC044787.1"
2.56299755219855e-07,0.291539013489367,0.346,0.261,0.00571548454140276,"2","AC127070.1"
9.29820763563778e-07,0.348585194549244,0.367,0.289,0.0207350030274723,"2","RBMX"
1.30643388766286e-06,0.335609476948678,0.263,0.194,0.0291334756948818,"2","IKZF1"
1.53060527810538e-06,0.376692007527952,0.311,0.24,0.0341324977017499,"2","DDX6"
1.98420110298356e-06,0.431441016828997,0.258,0.195,0.0442476845965334,"2","HINT1P1"
2.83235776021662e-06,0.311135549306653,0.349,0.273,0.0631615780528306,"2","MARCH6"
7.05699451829903e-06,0.284395417678608,0.285,0.218,0.157370977758068,"2","AC090498.1"
1.5494267443084e-05,0.291132751787917,0.345,0.275,0.345522163980772,"2","SEPT9"
1.83547300862365e-05,0.282016784582154,0.28,0.217,0.409310480923075,"2","TAF1D"
1.84699877315484e-05,0.320437837977059,0.253,0.192,0.411880726413529,"2","EPB41L4A-AS1"
3.58437179291927e-05,0.253344067967665,0.254,0.195,0.799314909820997,"2","RBM23"
0.000382570509693803,0.269522799308299,0.262,0.213,1,"2","ALKBH7"
0,4.04161876598496,0.901,0.112,0,"3","GZMH"
0,3.05358310896564,0.849,0.114,0,"3","FGFBP2"
0,2.37768882127896,0.98,0.291,0,"3","CCL5"
0,2.48362749560392,0.998,0.362,0,"3","NKG7"
0,2.41922784785269,0.995,0.383,0,"3","GNLY"
1.70410681225454e-257,0.968644355708396,1,0.999,3.80015819132763e-253,"3","B2M"
8.12989089264687e-245,2.66401525405234,0.597,0.097,1.81296566906025e-240,"3","KLRD1"
5.85707965136309e-239,2.08991634290349,0.844,0.25,1.30612876225397e-234,"3","CST7"
1.3644249771123e-236,2.01029580819649,0.673,0.133,3.04266769896042e-232,"3","GZMB"
2.9797759035761e-218,1.00254669254104,0.998,0.981,6.6449002649747e-214,"3","HLA-B"
3.93925318577625e-214,3.67097494374681,0.453,0.063,8.78453460428103e-210,"3","TRGC2"
3.54011938068982e-209,1.13041411151024,0.995,0.938,7.8944662189383e-205,"3","HLA-C"
2.27495360916959e-185,1.77428333588144,0.753,0.216,5.07314654844819e-181,"3","GZMA"
3.18037436500346e-182,1.55295164841509,0.96,0.511,7.09223483395772e-178,"3","IL32"
2.81551135427848e-174,2.03355349820363,0.705,0.221,6.27859032004101e-170,"3","CTSW"
7.24897859285221e-162,1.69664025070598,0.875,0.453,1.61652222620604e-157,"3","CD3D"
8.15942927628055e-152,1.26873876093335,0.973,0.785,1.81955272861056e-147,"3","CD52"
3.04194173662749e-148,1.92174697840244,0.493,0.106,6.7835300726793e-144,"3","PRF1"
3.76194024183274e-136,0.899627869218415,0.988,0.928,8.38912673928702e-132,"3","HLA-A"
2.24910213926013e-134,0.553700088996289,1,0.997,5.0154977705501e-130,"3","MALAT1"
2.2482865251984e-123,2.81448681253758,0.266,0.033,5.01367895119242e-119,"3","PRSS23"
3.61995903651992e-122,1.96852504119104,0.461,0.112,8.07250865143943e-118,"3","HOPX"
1.08661043647358e-121,1.66687010712551,0.421,0.09,2.42314127333608e-117,"3","SPON2"
1.08618444581734e-120,1.61312372963497,0.802,0.455,2.42219131417267e-116,"3","PPP2R5C"
1.52155844697013e-114,1.51923378785317,0.531,0.159,3.3930753367434e-110,"3","CCL4"
3.50945570891936e-113,2.46062579368537,0.456,0.129,7.82608623089018e-109,"3","CD8A"
6.61962030533708e-108,1.92339121894273,0.525,0.174,1.47617532809017e-103,"3","C12orf75"
2.76135378957807e-97,1.93250804529792,0.574,0.235,6.15781895075909e-93,"3","CD3G"
1.33693913139954e-86,2.24108363034019,0.339,0.086,2.98137426302098e-82,"3","LINC01871"
6.61595710878894e-83,1.69749798928931,0.501,0.188,1.47535843525993e-78,"3","LYAR"
4.69194305330369e-80,1.39236394537919,0.728,0.41,1.04630330088672e-75,"3","TRBC2"
1.64468335606777e-78,1.45225467282613,0.6,0.283,3.66764388403113e-74,"3","GZMM"
7.20278676110163e-78,0.745611712249972,0.977,0.879,1.60622144772566e-73,"3","PFN1"
6.58417586791076e-71,0.87101424206642,0.925,0.727,1.4682712185441e-66,"3","SH3BGRL3"
6.79915814690756e-70,2.12054648637992,0.299,0.079,1.51621226676039e-65,"3","CHST12"
7.57887401102807e-70,1.99743582855836,0.377,0.128,1.69008890445926e-65,"3","SYNE2"
8.66721847460046e-66,1.07770576548569,0.768,0.54,1.9327897198359e-61,"3","HCST"
1.76882073566291e-62,0.778554288406006,0.918,0.8,3.94447024052828e-58,"3","HLA-E"
6.42823021587653e-62,1.09903029297671,0.692,0.398,1.43349533814047e-57,"3","CD3E"
1.26941050955156e-59,0.841640837961534,0.87,0.681,2.83078543629999e-55,"3","CALM1"
7.89378691583857e-58,2.07860385370675,0.337,0.118,1.760314482232e-53,"3","CD8B"
7.99227545645589e-53,0.930003119396602,0.795,0.591,1.78227742678966e-48,"3","TOB1"
1.04325062031515e-51,1.65451770404624,0.398,0.176,2.32644888330279e-47,"3","DSTN"
1.34817454792168e-51,0.41106331514032,0.992,0.979,3.00642924186534e-47,"3","RPS26"
1.41782818676399e-48,0.737509602153859,0.873,0.72,3.16175685648369e-44,"3","ARPC2"
1.03137810529963e-47,1.22700816902377,0.562,0.336,2.29997317481817e-43,"3","RARRES3"
5.52901724102623e-47,0.791515267225058,0.832,0.688,1.23297084474885e-42,"3","MYL12A"
2.52237545872926e-46,1.08010971872634,0.644,0.44,5.62489727296625e-42,"3","ITGB2"
1.40823189655254e-44,1.03007803899812,0.611,0.39,3.14035712931216e-40,"3","LY6E"
3.92785807282693e-44,0.974792856061001,0.646,0.41,8.75912350240406e-40,"3","PCED1B-AS1"
5.26902307103019e-42,0.582902070945102,0.94,0.832,1.17499214483973e-37,"3","CFL1"
1.85276404714914e-41,0.415760560488442,0.989,0.851,4.13166382514258e-37,"3","S100A4"
2.43452804539454e-40,0.296453539690416,1,0.999,5.42899754122983e-36,"3","TMSB4X"
2.31528230561898e-39,1.26739700765235,0.446,0.24,5.16307954153032e-35,"3","BIN2"
8.69409081623942e-38,0.997364390268428,0.284,0.102,1.93878225202139e-33,"3","FCGR3A"
2.2336654009234e-37,1.51602178373087,0.345,0.161,4.98107384405918e-33,"3","CD99.1"
1.42211206172523e-35,0.74058679312362,0.699,0.51,3.17130989764727e-31,"3","IFITM2"
1.50377800345122e-34,1.27332332735545,0.435,0.249,3.35342494769622e-30,"3","PAXX"
1.52150557560789e-33,1.10570055381939,0.38,0.19,3.3929574336056e-29,"3","CD247"
6.71652833410933e-33,0.872703827331753,0.62,0.453,1.49778581850638e-28,"3","PFN1P1"
2.39278094574457e-32,1.37705058517441,0.383,0.213,5.3359015090104e-28,"3","YWHAQ"
5.29173942514665e-32,1.30892873140734,0.402,0.225,1.1800578918077e-27,"3","CD2"
5.17402044388961e-31,1.42940366357463,0.275,0.117,1.15380655898738e-26,"3","APMAP"
4.27263237359835e-29,1.2360121794771,0.327,0.163,9.52797019312431e-25,"3","RUNX3"
8.5968209398289e-29,0.738102485918835,0.455,0.253,1.91709106958184e-24,"3","KLRB1"
1.2799153430612e-28,1.04270264910633,0.437,0.262,2.85421121502649e-24,"3","IL2RG"
1.35937784255826e-28,0.721962396299576,0.643,0.433,3.03141258890491e-24,"3","TRAC"
2.71941224076932e-27,0.802417389065218,0.597,0.436,6.06428929691559e-23,"3","LITAF"
3.12625894008906e-27,1.41255522419612,0.31,0.157,6.9715574363986e-23,"3","AKNA"
1.71136184703115e-26,0.715750384477619,0.672,0.55,3.81633691887946e-22,"3","MYL12B"
2.10815440298295e-26,1.25854783472989,0.293,0.143,4.70118431865198e-22,"3","CYTOR"
2.82195587391628e-25,0.488643178262392,0.89,0.841,6.2929615988333e-21,"3","MT-ND5"
5.85895826810363e-24,0.920228552948362,0.443,0.282,1.30654769378711e-19,"3","MT2A"
1.41751754626894e-21,1.00753031597243,0.391,0.249,3.16106412817975e-17,"3","LCK"
2.26395950012914e-21,0.558413303416455,0.769,0.698,5.04862968528798e-17,"3","SRP14"
5.05908188025217e-21,0.484147124585817,0.667,0.508,1.12817525929623e-16,"3","ID2"
7.84924851366104e-21,1.07221143755638,0.359,0.222,1.75038241854641e-16,"3","TGFB1"
7.90144249787974e-21,1.03605137420134,0.363,0.222,1.76202167702718e-16,"3","SPOCK2"
1.81208578012824e-20,0.605058691475912,0.653,0.537,4.04095128968598e-16,"3","SRSF2"
6.74946755034698e-20,0.863554686695092,0.437,0.298,1.50513126372738e-15,"3","NOL4L"
1.3554281126175e-19,0.665151230008069,0.499,0.352,3.02260469113703e-15,"3","ARL4C"
2.29921240548894e-19,0.297300016963095,0.979,0.924,5.12724366424035e-15,"3","RPL23A"
2.69190097878181e-19,0.874314073237524,0.414,0.281,6.00293918268344e-15,"3","HLA-F"
4.21950129858855e-19,0.275167079032296,0.997,0.984,9.40948789585246e-15,"3","MT-CYB"
6.42901061230955e-19,0.58303571843152,0.371,0.23,1.43366936654503e-14,"3","TUBA4A"
7.70095417231834e-19,0.867140461967369,0.429,0.305,1.71731278042699e-14,"3","PSMB9"
1.59606673173319e-18,0.509763916833501,0.756,0.691,3.55922881176501e-14,"3","MT-ND6"
1.82202159173906e-18,0.80336397733476,0.45,0.321,4.06310814957809e-14,"3","CCND3"
2.019278839392e-18,0.889185125200904,0.409,0.275,4.50299181184415e-14,"3","FLNA"
6.62550244917628e-18,0.621169024184021,0.612,0.513,1.47748704616631e-13,"3","GUK1"
9.95667365230765e-18,0.958649678111128,0.415,0.299,2.2203382244646e-13,"3","ARL6IP5"
2.51571273884559e-17,0.753634154971352,0.487,0.37,5.61003940762567e-13,"3","SEPT7"
5.6556660421426e-17,0.418652834476458,0.687,0.576,1.2612135273978e-12,"3","SRSF7"
1.00070560409446e-16,0.580674334444164,0.672,0.593,2.23157349713066e-12,"3","PSME1"
1.11806733950933e-16,1.04819184079984,0.307,0.186,2.49329016710582e-12,"3","MYO1F"
1.47757488309413e-15,0.585971795376005,0.556,0.43,3.29499198929992e-11,"3","LSP1"
1.93182501863912e-15,0.658211982183044,0.496,0.385,4.30796979156523e-11,"3","RAC2"
2.41706857826479e-15,0.973185248605183,0.339,0.226,5.39006292953047e-11,"3","CLEC2B"
2.47827303280033e-15,1.04107833669798,0.26,0.148,5.52654886314473e-11,"3","SYTL3"
3.47538607103727e-15,0.637861254414092,0.617,0.536,7.7501109384131e-11,"3","PTPRC"
6.15399822001981e-15,0.897124356431679,0.296,0.182,1.37234160306442e-10,"3","FYN"
1.13225068896366e-14,0.474345551269807,0.705,0.628,2.52491903638896e-10,"3","PPDPF"
1.3345091687835e-14,0.950327867499478,0.362,0.25,2.9759554463872e-10,"3","PIP4K2A"
1.69764473374556e-13,0.475222648891374,0.663,0.59,3.7857477562526e-09,"3","PPIA"
5.66130153642153e-13,0.355608501642063,0.824,0.794,1.262470242622e-08,"3","RPL36AL"
8.84285416386426e-13,0.33881213499429,0.82,0.772,1.97195647854173e-08,"3","CIRBP"
1.06121549848307e-12,0.862838587139379,0.319,0.218,2.36651056161724e-08,"3","CLEC2D"
1.29569057107304e-12,0.452786084867034,0.652,0.585,2.88938997349288e-08,"3","VAMP2"
4.00875247062507e-12,0.827787780004622,0.311,0.211,8.9395180094939e-08,"3","EVL"
4.35609974468274e-12,0.338623589880247,0.841,0.778,9.71410243064251e-08,"3","ARHGDIB"
5.0156217370718e-12,0.290991988626298,0.907,0.828,1.11848364736701e-07,"3","AC099336.2"
7.29017512267241e-12,0.562656890478806,0.478,0.391,1.62570905235595e-07,"3","TMEM59"
9.33613746309268e-12,0.859516090452925,0.316,0.224,2.08195865426967e-07,"3","RAP1B"
1.58032063900392e-11,0.665166616196191,0.344,0.241,3.52411502497875e-07,"3","TMEM2"
2.98069355132611e-11,0.553689610049666,0.565,0.511,6.64694661945723e-07,"3","SSR2"
3.15936977315461e-11,0.644971348606694,0.429,0.34,7.04539459413478e-07,"3","NDUFB7"
3.37821650918037e-11,0.907097074115525,0.292,0.201,7.53342281547222e-07,"3","AES"
3.79711445703025e-11,0.841302049880042,0.281,0.188,8.46756523917746e-07,"3","ANXA6"
3.96337675693881e-11,0.497709733633866,0.513,0.419,8.83833016797354e-07,"3","DBI"
6.95498613421514e-11,0.931641732551572,0.284,0.195,1.55096190792998e-06,"3","TBC1D10C"
2.26426982023636e-10,0.321047517563011,0.707,0.641,5.04932169912709e-06,"3","SUB1"
2.58627915148427e-10,0.669194555317359,0.42,0.344,5.76740250780991e-06,"3","CIB1"
3.51038236859513e-10,0.703625249590976,0.373,0.293,7.82815268196715e-06,"3","RABAC1"
6.24890434855955e-10,0.544456131943234,0.489,0.415,1.39350566972878e-05,"3","LDHA"
1.17459027397117e-09,0.84698018737846,0.29,0.21,2.6193363109557e-05,"3","RNF213"
1.24647010025018e-09,0.49707808886081,0.432,0.338,2.77962832355789e-05,"3","IRF1"
4.76453030585225e-09,0.77374758241792,0.26,0.177,0.000106249025820505,"3","CBLB"
4.86010342834326e-09,0.497386447709681,0.414,0.313,0.000108380306452055,"3","AC245427.1"
9.19099936527479e-09,0.386060119282968,0.511,0.434,0.000204959285845628,"3","CLIC1"
1.06220037428299e-08,0.84345018885613,0.293,0.221,0.000236870683465106,"3","SCP2"
1.45065295942056e-08,0.417097123097828,0.507,0.432,0.000323495609950785,"3","TMSB4XP4"
1.49509301046094e-08,0.548016555367088,0.455,0.391,0.000333405741332789,"3","C9orf16"
1.85270213566791e-08,0.703387593664223,0.36,0.293,0.000413152576253944,"3","SELENOT"
2.06015767608521e-08,0.601058575004387,0.402,0.331,0.000459415161767002,"3","DNAJB6"
2.51742161473712e-08,0.730866684565386,0.337,0.268,0.000561385020086377,"3","CD47"
2.79160790218667e-08,0.393104992821421,0.51,0.419,0.000622528562187626,"3","TNFAIP3"
4.13551222043852e-08,0.537836739832057,0.371,0.292,0.00092221922515779,"3","RNF125"
8.4929939510734e-08,0.667450555534964,0.385,0.323,0.00189393765108937,"3","PDIA3"
8.63290373183385e-08,0.693170967447932,0.336,0.267,0.00192513753219895,"3","CNOT2"
9.83010186443975e-08,0.612726411897238,0.395,0.329,0.00219211271577006,"3","TAPBP"
1.19710429839266e-07,0.448721404378732,0.492,0.443,0.00266954258541562,"3","NDUFB2"
1.4111208463578e-07,0.836959514257882,0.285,0.218,0.00314679948737789,"3","CCNH"
1.58063683297716e-07,0.662390055563299,0.362,0.301,0.00352482013753907,"3","HMGN3"
2.2189231178345e-07,0.697280454526063,0.26,0.188,0.00494819855277093,"3","SLC38A1"
2.95270275371568e-07,0.700500062271069,0.337,0.277,0.00658452714078596,"3","C9orf78"
4.90317008894222e-07,0.576425930589746,0.31,0.242,0.0109340692983412,"3","WIPF1"
7.53473101349976e-07,0.45318654933874,0.434,0.375,0.0168024501601045,"3","PNISR"
8.12528014604454e-07,0.575354023063353,0.405,0.348,0.0181193747256793,"3","TCF25"
9.2731365565436e-07,0.751367949516744,0.289,0.227,0.0206790945210922,"3","MGEA5"
1.00526918694049e-06,0.671017159264942,0.333,0.279,0.0224175028687729,"3","TMED2"
1.15354426677966e-06,0.566362994934444,0.348,0.289,0.0257240371491864,"3","FNBP1"
1.75645639135611e-06,0.622621426925562,0.304,0.244,0.0391689775272412,"3","TMEM50A"
1.86318256962449e-06,0.324221417223978,0.478,0.407,0.0415489713026261,"3","IDS"
3.83677298133132e-06,0.262618740726151,0.656,0.633,0.0855600374836884,"3","HMGB1"
4.09573264856168e-06,0.633066051647343,0.304,0.249,0.0913348380629254,"3","MED10"
6.06660750838267e-06,0.289571169085638,0.667,0.646,0.135285347436933,"3","HNRNPDL"
6.87169921497798e-06,0.674897115362358,0.324,0.268,0.153238892494009,"3","ARF6"
7.11308056475778e-06,0.632934319649328,0.289,0.23,0.158621696594098,"3","SERTAD1"
9.57810991666462e-06,0.472041878846487,0.452,0.415,0.213591851141621,"3","JTB"
1.30049006899972e-05,0.697721047601342,0.27,0.216,0.290009285386937,"3","PPP1CA"
2.87364451832227e-05,0.425115277094468,0.417,0.378,0.640822727585867,"3","GTF3A"
3.26781845426221e-05,0.336008542924923,0.534,0.5,0.728723515300473,"3","HSPA8"
3.49607674822255e-05,0.668792901066888,0.279,0.229,0.779625114853628,"3","ANKRD44"
4.49907995275849e-05,0.505255554170861,0.261,0.204,1,"3","ITM2A"
4.55138136923368e-05,0.287451918621875,0.589,0.575,1,"3","SKP1"
6.06740937824409e-05,0.375064722670015,0.461,0.427,1,"3","POMP"
6.26242737493496e-05,0.436901754667897,0.35,0.3,1,"3","AC058791.1"
6.82423100495762e-05,0.302716514926743,0.435,0.388,1,"3","PLAC8"
7.95135862958325e-05,0.271000207665414,0.652,0.631,1,"3","AL590867.2"
8.0212860525873e-05,0.494476517522352,0.368,0.331,1,"3","TRMT112"
9.88977543457297e-05,0.625789094728807,0.284,0.237,1,"3","IDI1"
0.000121799785986385,0.57635215871429,0.261,0.214,1,"3","P4HB"
0.000127930034665102,0.663851871453794,0.275,0.236,1,"3","KLF3"
0.000131357487234227,0.482732552566242,0.295,0.247,1,"3","BSG"
0.00014663007558766,0.406150900227315,0.276,0.221,1,"3","AHNAK"
0.000147292342057983,0.354969138981139,0.347,0.298,1,"3","HSP90B1"
0.000154975019621386,0.356753003933087,0.565,0.55,1,"3","HSP90AA1"
0.000160578494790942,0.533614348016717,0.299,0.249,1,"3","DDX6"
0.000207903058099442,0.329682697689034,0.429,0.396,1,"3","RSRC2"
0.000217547471588979,0.574446604038518,0.287,0.247,1,"3","MIER1"
0.000224092177047516,0.259200567044563,0.475,0.431,1,"3","GADD45B"
0.000287802435691409,0.475238702762405,0.353,0.318,1,"3","RBM8A"
0.000294893533165646,0.395511219047719,0.44,0.421,1,"3","PSMA7"
0.000335090434561209,0.582137314706934,0.272,0.229,1,"3","MGAT4A"
0.000338011100647521,0.302909806973516,0.559,0.547,1,"3","CD48"
0.000346667289369389,0.3852212475947,0.356,0.32,1,"3","PARK7"
0.00040474665371484,0.279840668423719,0.534,0.512,1,"3","AL139095.2"
0.00041221704859778,0.488967779083947,0.339,0.309,1,"3","RWDD1"
0.000422707569746189,0.348263142663928,0.406,0.378,1,"3","ARF1"
0.000440650556140703,0.445266159413116,0.371,0.34,1,"3","CD53"
0.000457036488165069,0.304165461133626,0.469,0.433,1,"3","HSPA5"
0.000534111974450418,0.558593601730588,0.264,0.227,1,"3","TERF2IP"
0.000616535734446804,0.413085640965799,0.334,0.296,1,"3","WDR83OS"
0.000659614656323037,0.491196850560633,0.342,0.315,1,"3","AL031729.1"
0.000831109549824063,0.480716285591651,0.272,0.232,1,"3","CNOT6L"
0.000840381890346341,0.252444564756984,0.472,0.453,1,"3","ATP6V0E1"
0.000902833504516451,0.365672816308206,0.432,0.416,1,"3","KMT2E"
0.000910876144980525,0.553251906153551,0.273,0.241,1,"3","SPCS2"
0.000962394045076529,0.33190522538684,0.435,0.415,1,"3","AC005912.1"
0.00109891372913571,0.273130824999269,0.458,0.432,1,"3","TPM3"
0.00122105875857359,0.561590867198812,0.293,0.266,1,"3","POLR2J"
0.00126147360921821,0.398545706204015,0.34,0.31,1,"3","RSRP1"
0.00130225622792506,0.495558705164198,0.315,0.281,1,"3","PSMA3-AS1"
0.00141768697850909,0.402972851225747,0.371,0.352,1,"3","CDC42SE2"
0.00144153091798245,0.517410801299244,0.305,0.28,1,"3","NDUFB8"
0.00154638848230304,0.461812297167209,0.351,0.33,1,"3","DRAP1"
0.0017782763202297,0.318049324823178,0.339,0.309,1,"3","PSMB3"
0.00185650085186503,0.500044075131425,0.276,0.247,1,"3","PRPF38B"
0.00197152492702297,0.385127395680446,0.255,0.209,1,"3","ZEB2"
0.00220721227943267,0.282898067072287,0.493,0.495,1,"3","NDUFA1"
0.00232400151178029,0.277440761740035,0.435,0.426,1,"3","NEDD8"
0.00277766383741195,0.333152752027797,0.391,0.367,1,"3","NCL"
0.00279930920616974,0.275466337494824,0.279,0.236,1,"3","PIK3R1"
0.0033888960275583,0.421666296805516,0.339,0.318,1,"3","ARGLU1"
0.00366262770638466,0.262941480914985,0.478,0.457,1,"3","TXNIP"
0.00443014696028343,0.371000973955264,0.366,0.351,1,"3","COPS9"
0.00443177176981397,0.403778172207159,0.316,0.298,1,"3","SUMO1"
0.00540506649809497,0.312104063319407,0.344,0.32,1,"3","FAM49B"
0.00581719922498962,0.333194702174603,0.345,0.327,1,"3","ERH"
0.00591111606501184,0.365073810599806,0.409,0.397,1,"3","GSTK1"
0.00666269551788591,0.267898591436529,0.359,0.339,1,"3","NDUFB9"
0.0070675193162094,0.364049249074217,0.289,0.258,1,"3","JAK1"
0.00711530009705459,0.355804335461581,0.319,0.295,1,"3","BZW1"
0.0080211445612413,0.371899972180899,0.31,0.289,1,"3","MSN"
0.00823369281756431,0.450401289369032,0.278,0.255,1,"3","PSMB8"
0.00870639127952463,0.258225394016817,0.463,0.468,1,"3","MORF4L1"
0.00988462371181439,0.455602207067594,0.27,0.25,1,"3","SIVA1"
0,3.81791745358547,0.911,0.142,0,"4","GZMB"
0,4.47882034473685,0.748,0.082,0,"4","SPON2"
0,5.2399975803536,0.7,0.034,0,"4","KLRF1"
0,5.92608111966242,0.667,0.027,0,"4","MYOM2"
0,6.00031443529249,0.478,0.014,0,"4","B3GNT7"
3.18475846229977e-311,3.98555766416903,0.763,0.105,7.1020113709285e-307,"4","PRF1"
8.60695220587521e-303,3.50867137846243,0.593,0.048,1.91935034191017e-298,"4","TRDC"
2.15627638715315e-292,4.73253871893477,0.524,0.04,4.80849634335153e-288,"4","CLIC3"
2.81677726846116e-252,3.20224671148997,0.725,0.112,6.28141330866838e-248,"4","KLRD1"
1.98995610317458e-248,3.0879099458315,0.997,0.394,4.43760211007931e-244,"4","NKG7"
7.74639733293509e-247,3.24868607271331,0.799,0.154,1.72744660524453e-242,"4","FGFBP2"
2.5028006705012e-242,3.64120567426704,0.975,0.415,5.58124549521768e-238,"4","GNLY"
4.17010744245454e-220,3.28191297017487,0.613,0.086,9.29933959667362e-216,"4","FCGR3A"
6.20104634828284e-213,2.63116036446206,0.926,0.273,1.38283333566707e-208,"4","CST7"
1.85783189370176e-205,2.9047187538043,0.84,0.235,4.14296512295494e-201,"4","CTSW"
6.11859447614162e-202,3.22642975418489,0.738,0.173,1.36444656817958e-197,"4","CD247"
8.14367594558123e-198,5.36323486733716,0.277,0.012,1.81603973586461e-193,"4","KLRC1"
1.064237883659e-197,3.33205268118388,0.733,0.163,2.37325048055957e-193,"4","CCL4"
1.37747071508934e-195,2.69893361391104,0.85,0.236,3.07175969464923e-191,"4","GZMA"
3.31849722401734e-190,4.0257441109244,0.461,0.054,7.40024880955868e-186,"4","IL2RB"
9.32102620113643e-185,2.37181890587368,0.855,0.233,2.07858884285342e-180,"4","KLRB1"
2.07523931319896e-182,3.35378431802263,0.618,0.118,4.62778366843369e-178,"4","HOPX"
1.26766446816029e-178,2.74234182829198,0.86,0.324,2.82689176399745e-174,"4","CD7"
9.12120314729836e-149,0.962081341510252,1,0.999,2.03402830184754e-144,"4","B2M"
4.68863485334375e-135,4.28756543573364,0.341,0.041,1.04556557229566e-130,"4","IGFBP7"
1.79471134368008e-127,4.00627065498722,0.277,0.026,4.00220629640658e-123,"4","S1PR5"
9.60102818436357e-122,1.41106551692373,0.98,0.884,2.14102928511308e-117,"4","PFN1"
3.90543247312527e-119,2.61764192095621,0.542,0.126,8.70911441506934e-115,"4","CMC1"
1.95985392088456e-118,3.09586162248349,0.369,0.055,4.37047424357257e-114,"4","NCR3"
2.43300376842352e-116,3.56176648844329,0.318,0.04,5.42559840358444e-112,"4","PRSS23"
2.00910640346839e-115,3.60746744112474,0.295,0.034,4.4803072797345e-111,"4","TTC38"
1.48727310204365e-112,0.903045848474333,1,0.982,3.31661901755735e-108,"4","HLA-B"
8.23303144535231e-110,2.73755828874928,0.504,0.123,1.83596601231357e-105,"4","RHOC"
6.81134060734044e-108,3.13335471251486,0.389,0.071,1.51892895543692e-103,"4","MATK"
2.16443785507164e-101,1.02927878510287,1,0.941,4.82669641680976e-97,"4","HLA-C"
3.28422987800155e-97,1.07242499696175,0.99,0.931,7.32383262794346e-93,"4","HLA-A"
2.94625052891872e-94,2.79257387769346,0.448,0.112,6.57013867948875e-90,"4","APMAP"
3.12715580396205e-94,3.27841693969675,0.275,0.037,6.97355744283537e-90,"4","ADGRG1"
1.74245279050345e-93,2.06360600316136,0.692,0.291,3.88566972282269e-89,"4","GZMM"
6.07178664577588e-92,1.79475698790393,0.827,0.51,1.35400842200802e-87,"4","IFITM2"
8.96385505891008e-91,1.71956177268057,0.595,0.174,1.99893967813695e-86,"4","GZMH"
2.2161780964835e-82,1.81543752872272,0.746,0.343,4.94207715515821e-78,"4","CCL5"
6.86955588683486e-81,1.72046973765279,0.774,0.44,1.53191096276417e-76,"4","ITGB2"
2.48106814373886e-80,2.03636954097721,0.7,0.37,5.53278196053767e-76,"4","PLAC8"
3.0222663149666e-78,1.06949521702942,0.952,0.836,6.73965388237553e-74,"4","CFL1"
5.6431456069694e-78,3.27803419900069,0.252,0.038,1.25842147035418e-73,"4","FCRL6"
2.87163056496136e-75,1.08188185646203,0.941,0.804,6.40373615986383e-71,"4","HLA-E"
1.14204782934323e-74,2.74885235424742,0.361,0.086,2.54676665943541e-70,"4","CHST12"
8.23194360208757e-71,0.492646245084103,1,0.998,1.83572342326553e-66,"4","MALAT1"
6.47713687758446e-64,1.94812715923804,0.509,0.192,1.44440152370134e-59,"4","C12orf75"
1.20132213907798e-59,1.04160127653524,0.781,0.354,2.67894837014389e-55,"4","FCER1G"
1.99990623675056e-56,1.67359015589867,0.639,0.38,4.45979090795375e-52,"4","RAC2"
3.67408698081801e-55,2.00283067975632,0.578,0.295,8.19321396722415e-51,"4","NOL4L"
5.62307484267065e-55,0.666071482176051,0.919,0.433,1.25394568991555e-50,"4","TYROBP"
4.54103138083923e-54,1.82249253415257,0.529,0.244,1.01264999792715e-49,"4","BIN2"
3.83946236432397e-53,1.65583567687412,0.649,0.398,8.56200107244245e-49,"4","LY6E"
5.24278429791781e-53,1.93891400420228,0.522,0.242,1.16914089843567e-48,"4","JAK1"
6.81551096997266e-52,1.04444663017378,0.878,0.727,1.5198589463039e-47,"4","ARPC2"
2.02223672737702e-48,1.85252118415508,0.522,0.256,4.50958790205076e-44,"4","CNOT2"
9.90758627330814e-46,1.83781809750213,0.496,0.234,2.20939173894771e-41,"4","TMEM2"
1.01661372036755e-45,1.40995978519049,0.674,0.457,2.26704859641963e-41,"4","PFN1P1"
2.07171239181887e-45,2.17310342958167,0.356,0.125,4.61991863375607e-41,"4","DHRS3"
3.1565135242294e-42,1.81612827891787,0.43,0.183,7.03902515903156e-38,"4","MYO1F"
3.5374448874434e-42,0.904325040179401,0.88,0.697,7.88850209899878e-38,"4","CYBA"
8.59680354566447e-41,0.922935757829117,0.847,0.692,1.91708719068318e-36,"4","CALM1"
2.10820070941966e-40,1.22374541183351,0.593,0.305,4.70128758200585e-36,"4","AC245427.1"
2.73363595405641e-40,0.998547552213667,0.819,0.696,6.09600817754579e-36,"4","MYL12A"
1.5656837963768e-39,1.31618187042551,0.631,0.415,3.49147486592027e-35,"4","DBI"
5.73453933005471e-38,1.41406042591776,0.58,0.369,1.2788022706022e-33,"4","SEPT7"
1.46861748529841e-37,0.726437391017267,0.916,0.837,3.27501699221546e-33,"4","MYL6"
5.89024735548866e-37,2.39104173840009,0.252,0.076,1.31352516027397e-32,"4","MVD"
1.31064539463268e-36,0.60409306493017,0.995,0.984,2.92273923003087e-32,"4","ACTB"
2.2415924335919e-36,1.9938660841295,0.346,0.138,4.99875112690994e-32,"4","GNG2"
3.86325688927473e-36,1.23118514193133,0.644,0.441,8.61506286308264e-32,"4","LITAF"
1.49082343623218e-34,1.02091285109176,0.733,0.554,3.32453626279776e-30,"4","HCST"
1.36215142112629e-33,1.40395425995,0.56,0.348,3.03759766911163e-29,"4","RARRES3"
1.79211802648881e-33,1.79732743182475,0.354,0.147,3.99642319907006e-29,"4","SYTL3"
3.2553152338438e-33,1.47244233625915,0.501,0.27,7.25935297147167e-29,"4","MAP3K8"
1.45060197797024e-32,1.97839105149519,0.351,0.152,3.23484241087363e-28,"4","DOK2"
3.22695218666317e-31,1.90449712278703,0.333,0.141,7.19610337625888e-27,"4","EFHD2"
5.53774007724638e-31,0.844577982381737,0.807,0.718,1.23491603722594e-26,"4","SRSF5"
8.46030222640439e-31,0.944619460848676,0.707,0.513,1.88664739648818e-26,"4","ID2"
9.5857613116298e-31,0.926177182949321,0.738,0.592,2.13762477249345e-26,"4","PSME1"
1.01510734448663e-30,1.47029753903742,0.476,0.268,2.26368937820517e-26,"4","IL2RG"
2.50488574518699e-30,0.774607383399432,0.87,0.791,5.58589521176699e-26,"4","ACTG1"
7.0422964439275e-30,0.998644944765201,0.71,0.592,1.57043210699583e-25,"4","RBM39"
2.11827747930876e-29,1.24236385903653,0.55,0.334,4.72375877885854e-25,"4","IRF1"
1.54178168497871e-28,1.6180136909666,0.417,0.223,3.43817315750253e-24,"4","SERTAD1"
1.73584999190202e-28,1.12683660716893,0.601,0.437,3.8709454819415e-24,"4","NDUFB2"
9.27360212149588e-28,1.90898836715679,0.28,0.11,2.06801327309358e-23,"4","METRNL"
1.19063245565192e-27,2.06173263479438,0.28,0.112,2.65511037610379e-23,"4","RASSF1"
3.99317870126132e-27,1.43048380890597,0.445,0.258,8.90478850381275e-23,"4","PAXX"
5.15760874845296e-27,1.90384473680959,0.308,0.134,1.15014675090501e-22,"4","PPP1R18"
2.60005417152826e-26,0.2916529677439,1,0.999,5.79812080250803e-22,"4","TMSB4X"
8.36321190789847e-26,0.506167487579789,0.947,0.908,1.86499625546136e-21,"4","SERF2"
8.85856442192272e-26,0.497780386657979,0.975,0.96,1.97545986608877e-21,"4","H3F3B"
4.17513870476412e-25,0.330082514119823,0.997,0.993,9.31055931162398e-21,"4","EIF1"
4.50240481672042e-25,1.37745256125702,0.473,0.295,1.00403627412865e-20,"4","CD63"
7.24688194233358e-25,0.643945523369433,0.88,0.83,1.61605467314039e-20,"4","DDX5"
8.19101332500366e-25,0.869045060897768,0.702,0.581,1.82659597147582e-20,"4","SRSF7"
2.33124277298084e-24,1.25770201504635,0.486,0.307,5.19867138374728e-20,"4","ARPC4"
4.20331390230877e-24,1.44220517018151,0.433,0.25,9.37339000214856e-20,"4","PIP4K2A"
3.90379856414658e-23,1.63924501691142,0.331,0.163,8.70547079804687e-19,"4","AKNA"
5.39355224646763e-23,1.59066190831683,0.338,0.17,1.20276215096228e-18,"4","RUNX3"
6.53835112429465e-23,0.740360288584019,0.758,0.668,1.45805230071771e-18,"4","IER2"
7.58962517841309e-23,0.953201177700471,0.641,0.484,1.69248641478612e-18,"4","PPP2R5C"
1.52653757652458e-22,0.94585438521021,0.654,0.543,3.4041787956498e-18,"4","SRSF2"
1.91603840943757e-22,1.81862384745996,0.28,0.127,4.27276565304578e-18,"4","SYTL1"
2.47920678976509e-22,1.65307611018766,0.338,0.174,5.52863114117615e-18,"4","ARHGAP9"
2.6987861467503e-22,1.61162358424704,0.318,0.155,6.01829310725317e-18,"4","PRKCH"
3.41423920227363e-22,1.0045756396014,0.491,0.305,7.61375342107019e-18,"4","CTSD"
6.15630603572763e-22,1.27890298064886,0.481,0.326,1.37285624596726e-17,"4","CCND3"
1.32547946095055e-21,1.31554452154333,0.394,0.221,2.95581919791972e-17,"4","ALOX5AP"
5.46863770128866e-21,0.681095829855418,0.718,0.63,1.21950620738737e-16,"4","HMGB1"
7.78381885465536e-21,1.38796590015416,0.397,0.239,1.73579160458814e-16,"4","WIPF1"
1.24480013120899e-20,1.25262352614211,0.461,0.314,2.77590429259605e-16,"4","PRDX5"
1.9161896957114e-20,1.52642717008137,0.382,0.229,4.27310302143643e-16,"4","CD164"
2.88517583103095e-20,1.57595074065484,0.344,0.19,6.43394210319901e-16,"4","OSTF1"
3.42733769366315e-20,1.2428959566791,0.466,0.32,7.64296305686882e-16,"4","PDIA3"
1.11021690474039e-19,0.938631294786467,0.57,0.435,2.47578369757106e-15,"4","LSP1"
1.12690565219585e-19,1.48399222547786,0.338,0.179,2.51299960439674e-15,"4","AC004687.1"
1.65607346456028e-19,0.910371629769928,0.545,0.414,3.69304382596943e-15,"4","CYCS"
1.73566955703718e-19,1.21395968443748,0.443,0.287,3.8705431121929e-15,"4","BZW1"
4.85278607407059e-19,1.3886801536364,0.295,0.146,1.08217129451774e-14,"4","SYNE2"
6.2619171010401e-19,1.24309201451648,0.45,0.303,1.39640751353194e-14,"4","RSRP1"
7.22482616333868e-19,1.76297374212001,0.272,0.134,1.61113623442453e-14,"4","RBM38"
1.70950010707784e-18,0.606400045621929,0.791,0.676,3.81218523878359e-14,"4","ZFP36"
2.14351398790667e-18,1.4944685931585,0.336,0.188,4.78003619303188e-14,"4","ANXA6"
2.62987740552146e-18,1.47052370237975,0.316,0.172,5.86462661431285e-14,"4","CD99.1"
2.95082927991746e-18,1.68673441317998,0.282,0.142,6.58034929421594e-14,"4","AC027290.2"
3.63725476476551e-18,1.21026148335909,0.45,0.313,8.11107812542708e-14,"4","FAM49B"
3.67176039630157e-18,1.56205342632828,0.303,0.163,8.1880256837525e-14,"4","TMED9"
5.81470093863717e-18,1.51944611323195,0.351,0.209,1.29667830931609e-13,"4","RNF213"
7.30705210501575e-18,1.16907891158163,0.471,0.342,1.62947261941851e-13,"4","NDUFB7"
1.1754078677332e-17,0.967078198425487,0.547,0.429,2.62115954504505e-13,"4","HSPA5"
1.95619698891932e-17,0.765561877149905,0.669,0.593,4.36231928529008e-13,"4","PPIA"
2.60516929251534e-17,0.584582578013712,0.763,0.702,5.80952752230921e-13,"4","SRP14"
2.91181954217803e-17,1.10059382376354,0.458,0.33,6.49335757905701e-13,"4","DNAJB6"
3.24087379309236e-17,1.39072920596266,0.344,0.202,7.22714855859597e-13,"4","AES"
3.41527102558689e-17,1.17023071121297,0.458,0.335,7.61605438705876e-13,"4","CD53"
3.81829158269329e-17,0.931385181443718,0.573,0.451,8.51479022940604e-13,"4","TXNIP"
4.44831051721988e-17,1.08850216197304,0.471,0.346,9.91973245340033e-13,"4","TCF25"
6.27976764989378e-17,1.67389256169094,0.272,0.141,1.40038818592631e-12,"4","SPN"
6.70756993548802e-17,0.27505140386659,1,0.994,1.49578809561383e-12,"4","MT-CO2"
2.69564164149629e-16,1.25712723179348,0.374,0.233,6.01128086053673e-12,"4","IDI1"
2.87988538246192e-16,0.611115734003108,0.804,0.784,6.42214440289008e-12,"4","ARHGDIB"
3.54040395783931e-16,0.974482582275861,0.499,0.373,7.89510082598166e-12,"4","TPI1"
9.01072097796466e-16,0.85991658266186,0.552,0.435,2.00939077808612e-11,"4","CLIC1"
9.65751777153515e-16,0.276240808142644,0.997,0.991,2.15362646305234e-11,"4","TMSB10"
1.27296092490248e-15,1.19965519315388,0.379,0.243,2.83870286253253e-11,"4","BSG"
1.57608583522447e-15,1.50389013945494,0.288,0.159,3.51467141255056e-11,"4","CTSC"
2.97110334872508e-15,0.567108938603143,0.799,0.776,6.62556046765694e-11,"4","CIRBP"
4.78774953746838e-15,0.999500491804231,0.463,0.345,1.06766814685545e-10,"4","CIB1"
5.33199089139151e-15,0.848994308034551,0.555,0.428,1.18903396878031e-10,"4","PCED1B-AS1"
7.26712835035722e-15,1.47929935716483,0.28,0.156,1.62056962212966e-10,"4","POLR2G"
7.61351698738396e-15,1.32779726347037,0.316,0.186,1.69781428818662e-10,"4","FYN"
1.30322343297506e-14,0.915070377780737,0.511,0.411,2.90618825553438e-10,"4","KMT2E"
2.22600733462747e-14,1.32454719944267,0.321,0.192,4.96399635621926e-10,"4","DSTN"
2.65269360816813e-14,1.29923483805345,0.323,0.197,5.91550674621494e-10,"4","TBC1D10C"
3.06429240707311e-14,1.41665190770506,0.308,0.185,6.83337206777303e-10,"4","ANKRD10"
4.80747969324763e-14,1.2634141631845,0.336,0.214,1.07206797159422e-09,"4","PPP1CA"
4.90162336881475e-14,1.07882758472,0.427,0.312,1.09306201124569e-09,"4","ARGLU1"
5.12343887765577e-14,1.46638593147857,0.277,0.157,1.14252686971724e-09,"4","SDF2L1"
5.4129723112644e-14,0.756448792743837,0.598,0.521,1.20709282541196e-09,"4","YWHAZ"
9.44750160358601e-14,0.943692750910834,0.489,0.391,2.10679285759968e-09,"4","C9orf16"
9.89239071396118e-14,0.746190944920326,0.588,0.519,2.20600312921334e-09,"4","GUK1"
1.1867856050155e-13,1.20658052342131,0.336,0.214,2.64653189918456e-09,"4","EVL"
1.460132991041e-13,0.98780656282276,0.455,0.35,3.25609657002143e-09,"4","PSME2"
1.47584615425057e-13,1.25354755313592,0.326,0.203,3.29113692397877e-09,"4","ADGRE5"
2.25991284004125e-13,0.982179429270289,0.455,0.355,5.03960563329199e-09,"4","SNRPB"
2.35766371323956e-13,0.49432039692473,0.814,0.745,5.25759008052422e-09,"4","SH3BGRL3"
2.55838695646381e-13,1.42541639119079,0.29,0.169,5.7052029129143e-09,"4","PDE4D"
2.63223472457305e-13,1.15801213642454,0.344,0.226,5.8698834357979e-09,"4","RAP1B"
2.75142074275551e-13,0.755726334337721,0.611,0.553,6.13566825634479e-09,"4","HNRNPA2B1"
3.50151206828821e-13,1.02557165315153,0.44,0.329,7.80837191228271e-09,"4","TAPBP"
5.02736761909156e-13,1.42515149049309,0.277,0.163,1.12110297905742e-08,"4","MBP"
5.46730667216503e-13,1.20609011246108,0.349,0.23,1.2192093878928e-08,"4","BRD2"
5.53025592927041e-13,0.748957032547688,0.56,0.495,1.2332470722273e-08,"4","SELENOK"
9.4517574564698e-13,0.790589991636258,0.552,0.475,2.10774191279276e-08,"4","SEC61B"
1.16252379849531e-12,1.34975401463063,0.298,0.184,2.59242807064453e-08,"4","SIGIRR"
1.6086790913747e-12,1.40083017387041,0.288,0.177,3.58735437376557e-08,"4","MAF1"
1.66454640838876e-12,0.923904013918103,0.468,0.374,3.71193849070693e-08,"4","CAPZB"
2.64906188990006e-12,0.978460794443808,0.499,0.404,5.90740801447713e-08,"4","CREM"
2.93980231538925e-12,0.640149352180376,0.621,0.56,6.55575916331803e-08,"4","MYL12B"
3.22065911597836e-12,1.13276869759283,0.377,0.269,7.18206982863174e-08,"4","CD47"
3.40689116004131e-12,1.0670416231166,0.399,0.283,7.59736728689212e-08,"4","FLNA"
4.0817549357164e-12,1.4183361381313,0.26,0.15,9.10231350664758e-08,"4","CRIPT"
1.05032079761328e-11,0.927598217438163,0.308,0.188,2.34221537867761e-07,"4","IFITM3"
1.51470023656474e-11,1.10313018045376,0.468,0.397,3.37778152753937e-07,"4","EIF3G"
4.28447231118816e-11,0.486439340271916,0.888,0.87,9.5543732539496e-07,"4","MT-RNR1"
4.88290304023723e-11,0.755078573199839,0.506,0.425,1.0888873779729e-06,"4","POMP"
6.06873246361493e-11,1.27977001339033,0.316,0.215,1.35332733938613e-06,"4","CHMP4A"
1.60634101110148e-10,1.19782271429248,0.295,0.192,3.58214045475631e-06,"4","SAR1A"
1.72062725721466e-10,1.12693105240817,0.397,0.313,3.83699878358869e-06,"4","PSMB9"
2.16849838107226e-10,0.99750931882891,0.389,0.302,4.83575138979113e-06,"4","HMGN3"
4.08018985651748e-10,0.571131908309627,0.57,0.462,9.09882338003399e-06,"4","GSTP1"
4.87427161985026e-10,0.426635054134272,0.807,0.797,1.08696257122661e-05,"4","RPL36AL"
5.42053477509459e-10,1.01019062710678,0.382,0.295,1.20877925484609e-05,"4","SELENOT"
5.86984812052251e-10,1.06950546413536,0.336,0.243,1.30897613087652e-05,"4","BST2"
6.11873752259708e-10,0.665732773086193,0.545,0.48,1.36447846753915e-05,"4","POLR2L"
7.53895156061545e-10,1.07446580528363,0.331,0.231,1.68118619801725e-05,"4","TGFB1"
9.41411266940063e-10,1.05358422839631,0.282,0.181,2.09934712527634e-05,"4","GLIPR2"
1.14552686770805e-09,1.28303209698896,0.265,0.171,2.55452491498896e-05,"4","PIN1"
1.40632774432348e-09,0.687615938207856,0.56,0.499,3.13611086984136e-05,"4","NR4A2"
1.64503856514565e-09,0.833377589966235,0.402,0.307,3.66843600027479e-05,"4","ARPC5"
1.81993548782953e-09,1.10232079098058,0.374,0.285,4.05845613785986e-05,"4","IFRD1"
1.9056324675656e-09,1.01111544764641,0.346,0.248,4.2495604026713e-05,"4","DDX6"
2.17850883264265e-09,0.541764090543015,0.618,0.547,4.85807469679311e-05,"4","HSP90AA1"
2.46643749767143e-09,0.91272414473105,0.336,0.236,5.50015561980728e-05,"4","IQGAP1"
3.87721005843206e-09,0.745460445180695,0.476,0.415,8.6461784303035e-05,"4","JTB"
5.04811678871417e-09,1.14580073603909,0.31,0.223,0.000112573004388326,"4","SCP2"
5.40596354062405e-09,0.94288389112119,0.372,0.285,0.000120552986955916,"4","MSN"
5.52578361177154e-09,0.494818246578189,0.662,0.647,0.000123224974542505,"4","HNRNPDL"
5.76540776634347e-09,0.617121178520719,0.641,0.624,0.000128568593189459,"4","CDC42"
7.18242652171798e-09,0.706443879269153,0.489,0.418,0.000160168111434311,"4","LDHA"
7.27526441387999e-09,0.727468298923662,0.494,0.431,0.000162238396429524,"4","TPM3"
1.18772738971607e-08,0.907698496174251,0.389,0.317,0.000264863207906683,"4","RBM8A"
1.19859977756488e-08,1.17716112269149,0.27,0.182,0.000267287750396969,"4","TBCB"
1.2092673076767e-08,0.905867055636862,0.377,0.295,0.000269666609611904,"4","WDR83OS"
1.26460726183281e-08,1.04460418437628,0.331,0.244,0.000282007419388716,"4","TRAPPC1"
1.46648086751251e-08,0.791506876440989,0.435,0.365,0.000327025233455289,"4","NCL"
3.18653586083706e-08,0.792114283308761,0.427,0.372,0.000710597496966663,"4","PSMB1"
3.54592226544702e-08,0.68315064572035,0.509,0.469,0.000790740665194685,"4","COX6A1"
3.74080900490355e-08,1.08885123433088,0.328,0.253,0.000834200408093491,"4","PSMB8"
5.10123967386208e-08,0.863737659183581,0.397,0.328,0.00113757644727124,"4","DRAP1"
5.32268075268752e-08,1.15692816932114,0.262,0.177,0.00118695780784932,"4","MYDGF"
5.59641124263969e-08,1.17379877984837,0.265,0.181,0.00124799970710865,"4","DNAJC8"
8.97421007331775e-08,1.08744618856169,0.288,0.21,0.00200124884634986,"4","SELENOW"
1.7010227320838e-07,1.11286612241976,0.252,0.173,0.00379328069254687,"4","RNPS1"
2.14020612266333e-07,1.15638449007932,0.28,0.203,0.00477265965353923,"4","PNN"
2.16616979849001e-07,1.13677109571008,0.275,0.2,0.00483055865063273,"4","MRPL41"
2.20625744664961e-07,0.96735934494167,0.323,0.251,0.00491995410602862,"4","MED10"
2.21514719348135e-07,1.08872009084472,0.323,0.251,0.00493977824146341,"4","CHD1"
3.08610787436072e-07,1.16586059517219,0.272,0.2,0.0068820205598244,"4","PSMD8"
5.22031865255656e-07,0.780068976760258,0.402,0.349,0.0116413105952011,"4","COPS9"
5.46187562426102e-07,1.02044258386755,0.282,0.205,0.0121799826421021,"4","SH3KBP1"
5.49038227240215e-07,0.656333942758348,0.448,0.391,0.0122435524674568,"4","BRK1"
5.73272901277436e-07,0.682917086147492,0.463,0.424,0.0127839856984868,"4","NEDD8"
7.48759594527304e-07,0.401758247141823,0.644,0.649,0.0166973389579589,"4","SUB1"
9.33534521144045e-07,0.452562370668918,0.603,0.592,0.0208178198215122,"4","VAMP2"
9.3664314427623e-07,0.752686479217158,0.412,0.358,0.0208871421173599,"4","CLK1"
1.11235389897695e-06,0.673177652705424,0.427,0.378,0.024805491947186,"4","ARF1"
1.30549666670955e-06,1.03630296947995,0.326,0.264,0.0291125756676229,"4","ENSA"
1.43229396951443e-06,0.763195940065394,0.377,0.313,0.0319401555201718,"4","DDX24"
1.48197130427748e-06,0.8134057134192,0.328,0.261,0.0330479600853878,"4","LCK"
1.55870373044191e-06,0.73827326773324,0.42,0.365,0.0347590931888546,"4","ARL4C"
1.62921996956668e-06,0.879121451154622,0.354,0.292,0.036331605321337,"4","HLA-F"
1.84672214596992e-06,1.00372609439152,0.254,0.181,0.0411819038551292,"4","RASSF5"
2.29088538123757e-06,0.401893740162614,0.679,0.702,0.0510867440015979,"4","CHCHD2"
2.35436358151888e-06,0.995524049186364,0.298,0.23,0.0525023078678709,"4","MGEA5"
2.46735751253402e-06,0.62445218832959,0.483,0.453,0.0550220725295087,"4","ATP6V0E1"
3.06018148611046e-06,0.707190964782881,0.412,0.367,0.0682420471402634,"4","ATPIF1"
3.12566772219691e-06,0.853324779707064,0.361,0.308,0.0697023902049911,"4","ARL6IP5"
3.54605864540426e-06,0.90283522738579,0.346,0.297,0.0790771077925149,"4","SUMO1"
3.79933642975236e-06,1.066717577799,0.252,0.183,0.0847252023834775,"4","DNTTIP2"
4.35411738976775e-06,0.698884475729303,0.435,0.398,0.0970968177918208,"4","TMEM59"
5.20345979619653e-06,1.0861360899699,0.265,0.204,0.116037153455183,"4","ACP1"
7.02196204806746e-06,0.782145662284407,0.336,0.275,0.156589753671904,"4","RTN4"
7.31810487533515e-06,1.00456867186097,0.303,0.246,0.163193738719974,"4","SRSF11"
8.60106972703964e-06,0.461992851182333,0.527,0.504,0.191803854912984,"4","COX7B"
1.01250960846959e-05,1.07946295466723,0.257,0.199,0.225789642688718,"4","RPS19BP1"
1.28616377500954e-05,0.483761838659604,0.58,0.573,0.286814521827128,"4","CORO1A"
1.42769944615836e-05,0.523811702051008,0.463,0.412,0.318376976493314,"4","IDS"
1.53108947048884e-05,1.03387117627553,0.26,0.2,0.34143295191901,"4","ATG12"
1.54406154842286e-05,0.567381121616723,0.532,0.531,0.344325725298297,"4","SAP18"
1.74524170450206e-05,0.577069912320925,0.43,0.383,0.389188900103959,"4","LCP1"
1.78217691533716e-05,0.915835030228118,0.277,0.215,0.397425452120187,"4","VASP"
1.79009276924015e-05,0.422981571230667,0.626,0.643,0.399190687540553,"4","COX6C"
2.72037850280587e-05,0.848691130636036,0.364,0.321,0.606644406125708,"4","PARK7"
2.89566506138873e-05,0.772899551313646,0.277,0.21,0.645733308689686,"4","ZEB2"
3.49818015763036e-05,0.737633635503543,0.384,0.346,0.780094175151571,"4","CCDC85B"
3.69369377621065e-05,0.473320738981549,0.532,0.524,0.823693712094975,"4","HNRNPK"
3.77855045617286e-05,0.62919019358364,0.407,0.362,0.842616751726547,"4","STK4"
3.86479154852353e-05,0.63708010935528,0.407,0.38,0.861848515320747,"4","GTF3A"
4.02183764158457e-05,0.444477905199411,0.433,0.384,0.896869794073359,"4","VAMP8"
4.09350278705906e-05,0.45276339919995,0.519,0.512,0.91285112151417,"4","COX8A"
4.56756007232905e-05,0.910992899571701,0.293,0.235,1,"4","CLEC2B"
5.2884448765244e-05,0.957178717401806,0.27,0.216,1,"4","P4HB"
6.1106880917635e-05,0.619679123658652,0.397,0.355,1,"4","ATP5J2"
6.18295158599061e-05,0.379250986998788,0.537,0.536,1,"4","SEC61G"
6.27975975304073e-05,0.655564341156807,0.422,0.398,1,"4","RSRC2"
6.97958860882596e-05,0.469714557289912,0.58,0.607,1,"4","SUMO2"
7.16689450252232e-05,0.87567098194852,0.257,0.197,1,"4","LAMP1"
7.55568784740296e-05,0.620596466181426,0.407,0.377,1,"4","EIF5A"
8.10884631628393e-05,0.740810996435375,0.333,0.281,1,"4","PSMA3-AS1"
8.78311484223984e-05,0.810017110074189,0.3,0.251,1,"4","HCLS1"
9.86247920882124e-05,0.855452229901661,0.308,0.262,1,"4","PSMA4"
0.000121341970031407,0.410202238826183,0.511,0.493,1,"4","NDUFA1"
0.000141383600578693,0.485703277066104,0.45,0.43,1,"4","RSL24D1"
0.000201185256732858,0.626374706101314,0.407,0.38,1,"4","PNISR"
0.00020691558707035,0.704109533712253,0.346,0.312,1,"4","COPE"
0.000212449037212778,0.807890131553634,0.295,0.249,1,"4","MIER1"
0.000291090589990693,0.527667787093055,0.435,0.419,1,"4","C4orf3"
0.000303787405809941,0.775040452447742,0.277,0.229,1,"4","YWHAQ"
0.000320279833348636,0.975565715622223,0.257,0.216,1,"4","AP2M1"
0.00033425146684169,0.7821464591713,0.333,0.301,1,"4","SERBP1"
0.000354119555017124,0.824710080445765,0.285,0.242,1,"4","SPCS2"
0.000366641111670358,0.726539741767153,0.338,0.298,1,"4","RNF125"
0.000388964223678614,0.720345106865633,0.346,0.315,1,"4","FUS"
0.000450513647363311,0.722153708273438,0.28,0.237,1,"4","NDUFB10"
0.00066416366945911,0.694832067296763,0.318,0.283,1,"4","TMED2"
0.000753537315339121,0.67350401738034,0.366,0.349,1,"4","EPC1"
0.000788361503527906,0.598240283130633,0.433,0.434,1,"4","SRRM1"
0.000847477488241739,0.769918817642904,0.29,0.253,1,"4","SRRM2"
0.000939398386155415,0.67781506663003,0.31,0.282,1,"4","C9orf78"
0.00117235680537183,0.412878613648328,0.547,0.579,1,"4","SKP1"
0.00127632484074008,0.691527246424471,0.26,0.21,1,"4","TSPYL2"
0.00153014369570933,0.728813333230452,0.28,0.239,1,"4","TRA2A"
0.00155637114961029,0.391200678764332,0.557,0.592,1,"4","SRSF3"
0.00162231371655079,0.636544992833618,0.318,0.29,1,"4","NDUFA12"
0.00173694144225548,0.320975401859579,0.57,0.595,1,"4","RBM3"
0.00203655068530248,0.546419390205683,0.351,0.324,1,"4","N4BP2L2"
0.00208707864362731,0.312444115157527,0.481,0.469,1,"4","RHOA"
0.00224171985350401,0.790386364211874,0.28,0.248,1,"4","PRPF38B"
0.00261877835118406,0.428005744614518,0.445,0.44,1,"4","TMSB4XP4"
0.00287113355846721,0.466449924378101,0.478,0.476,1,"4","HNRNPH1"
0.00300833528249316,0.629852412435537,0.303,0.28,1,"4","KRT10"
0.00359991749449788,0.416765850833562,0.272,0.22,1,"4","LYAR"
0.00387927063634649,0.557200449432103,0.277,0.239,1,"4","CARD16"
0.00407793004735678,0.445456761096249,0.56,0.564,1,"4","IL32"
0.00435649289614082,0.616948326169285,0.282,0.248,1,"4","C16orf54"
0.0043620616297508,0.508029984457592,0.415,0.417,1,"4","ATP5G3"
0.00455207322325439,0.59397210003892,0.338,0.327,1,"4","ATP5J"
0.00477391320284213,0.298762599442845,0.448,0.435,1,"4","GADD45B"
0.00478122797193128,0.543139424238096,0.41,0.413,1,"4","LIMD2"
0.00480041169757585,0.361503488195203,0.511,0.543,1,"4","SON"
0.0059249663333762,0.562163526942908,0.285,0.253,1,"4","DNAJA1"
0.00598937879018303,0.905756637244977,0.254,0.232,1,"4","TMEM230"
0.00689095597964874,0.523724392368515,0.377,0.371,1,"4","SYF2"
0.00690243948751661,0.417601277700956,0.45,0.468,1,"4","MORF4L1"
0.00726726092236484,0.582916834812084,0.316,0.301,1,"4","RABAC1"
0.00781717423938252,0.622719359457941,0.3,0.273,1,"4","ARF6"
0,7.37015817770257,0.898,0.025,0,"5","CD79A"
0,6.98822727140897,0.883,0.077,0,"5","IGHM"
0,6.35048421441069,0.808,0.038,0,"5","TNFRSF13C"
0,8.31451946251313,0.569,0.008,0,"5","IGHD"
0,6.4239425397648,0.575,0.014,0,"5","MS4A1"
0,7.49865526875914,0.557,0.006,0,"5","LINC00926"
0,7.8126172957102,0.392,0.004,0,"5","VPREB3"
0,7.93850707220483,0.35,0.002,0,"5","TCL1A"
2.80099987383197e-292,5.98103357117476,0.332,0.007,6.2462297186453e-288,"5","BANK1"
3.33717630729556e-273,5.18871693702203,0.56,0.047,7.44190316526909e-269,"5","CD79B"
2.05218850304202e-247,5.22285828473042,0.401,0.021,4.57638036178371e-243,"5","ADAM28"
9.95029440690072e-242,4.2363366171713,0.572,0.057,2.21891565273886e-237,"5","BCL11A"
8.32992891249041e-188,3.1743726284236,1,0.595,1.85757414748536e-183,"5","CD74"
5.47805092931533e-171,2.61720598270992,0.97,0.431,1.22160535723732e-166,"5","HLA-DRA"
3.47367366356587e-153,2.98655771525053,0.53,0.081,7.7462922697519e-149,"5","HLA-DQA1"
4.56837611271977e-142,4.41325081633555,0.281,0.02,1.01874787313651e-137,"5","GNG7"
2.52800975766016e-141,2.30229144509648,0.901,0.373,5.63746175958215e-137,"5","HLA-DPB1"
2.21884526493149e-125,2.69154872508233,0.602,0.135,4.94802494079722e-121,"5","HLA-DQB1"
3.37457740106662e-102,1.91194100291555,0.805,0.313,7.52530760437857e-98,"5","HLA-DPA1"
7.75655883904921e-102,1.89702804427662,0.784,0.28,1.72971262110797e-97,"5","HLA-DRB1"
1.22260313705325e-101,7.04734420668886,0.419,0.08,2.72640499562875e-97,"5","IGLC3"
4.47207483703989e-98,1.99540334064355,0.883,0.575,9.97272688659896e-94,"5","CD37"
1.16835406824116e-94,3.82596974533184,0.296,0.039,2.60542957217779e-90,"5","PLPP5"
1.05939939746342e-90,3.43903378170492,0.299,0.041,2.36246065634343e-86,"5","HLA-DQA2"
2.82955991460375e-85,3.58486275449454,0.251,0.03,6.30991860956636e-81,"5","SEL1L3"
4.6051922763392e-85,2.36619947818454,0.575,0.173,1.02695787762364e-80,"5","HLA-DMA"
1.32872996726878e-83,5.01723300396252,0.269,0.036,2.96306782700938e-79,"5","JCHAIN"
2.69574698108162e-76,5.68397269812332,0.808,0.569,6.01151576781202e-72,"5","IGKC"
1.15110948977492e-71,2.38337272559103,0.479,0.136,2.56697416219808e-67,"5","CD83"
1.38395244245138e-64,6.97513815943273,0.482,0.167,3.08621394666657e-60,"5","IGLC2"
5.3350096804454e-63,1.30274444701017,0.898,0.723,1.18970715873932e-58,"5","LAPTM5"
1.8884111830105e-58,2.36621527863902,0.35,0.085,4.21115693811342e-54,"5","MEF2C"
3.46036796995081e-58,0.647394155151313,0.994,0.974,7.71662057299032e-54,"5","RPS11"
1.39116463753846e-57,2.28509787466094,0.362,0.093,3.10229714171077e-53,"5","HLA-DMB"
3.08681150134007e-55,2.32536086622743,0.428,0.136,6.88358964798836e-51,"5","BIRC3"
7.5293835316451e-55,0.670208474024298,0.997,0.957,1.67905252755686e-50,"5","RPS5"
5.77494438001223e-51,1.83519098845709,0.59,0.268,1.28781259674273e-46,"5","EZR"
1.30628281507748e-47,0.502499289659373,0.991,0.992,2.91301067762277e-43,"5","RPL18A"
2.97869814257425e-46,0.412882808239765,1,0.997,6.64249685794058e-42,"5","RPL13A"
8.40159489102906e-44,1.14081116215704,0.754,0.438,1.87355566069948e-39,"5","LTB"
3.25662964193237e-40,0.925481855373145,0.931,0.778,7.26228410150919e-36,"5","CXCR4"
4.29492650404417e-40,0.535061866723729,0.982,0.981,9.57768610401851e-36,"5","RPL8"
1.09118730839443e-35,0.473835013014992,0.991,0.982,2.43334769771958e-31,"5","RPS8"
6.66036752367484e-34,2.12822378380986,0.314,0.108,1.48526195777949e-29,"5","SNX2"
2.12435102637989e-32,1.45300106564645,0.374,0.139,4.73730278882715e-28,"5","PHACTR1"
4.05904821659073e-32,1.9726608496963,0.344,0.128,9.05167752299733e-28,"5","PMAIP1"
1.7451177174273e-31,0.817181753219714,0.946,0.887,3.89161250986287e-27,"5","BTG1"
1.99196368747236e-31,0.430719566050015,0.997,0.98,4.44207902306336e-27,"5","RPL15"
3.82175977087004e-31,0.742405878420626,0.937,0.799,8.52252428904019e-27,"5","CD52"
1.12775037908478e-29,1.37631981107693,0.431,0.183,2.51488334535906e-25,"5","HLA-DRB5"
1.1891479514965e-29,0.546425065190293,0.973,0.941,2.65179993183719e-25,"5","RPL18AP3"
5.47104035498408e-28,0.409778149693059,0.994,0.977,1.22004199916145e-23,"5","RPL18"
1.45811152622735e-27,1.44242099982851,0.626,0.409,3.25158870348698e-23,"5","CD69"
5.46952801230931e-26,1.3583861014135,0.575,0.353,1.21970474674498e-21,"5","HERPUD1"
2.43563392117017e-25,0.341520615394975,1,0.998,5.43146364420947e-21,"5","RPS27"
2.7486515334303e-23,1.64160069651324,0.305,0.126,6.12949291954956e-19,"5","SYPL1"
4.72983006848432e-23,0.928740878210666,0.829,0.719,1.054752105272e-18,"5","TSC22D3"
1.56802686311295e-22,1.62080594182026,0.293,0.117,3.49669990474188e-18,"5","TAGAP"
3.42952306551228e-22,0.352265647129137,0.997,0.99,7.64783643609239e-18,"5","RPL12"
2.40107414012008e-21,0.312382116531619,0.997,0.996,5.35439533246779e-17,"5","RPS19"
3.71919693376805e-21,1.45097194461523,0.314,0.136,8.29380916230276e-17,"5","PDE4B"
7.25552595151194e-21,0.372632352557273,0.985,0.973,1.61798228718716e-16,"5","RPL10A"
7.55049839375892e-21,0.654162929785667,0.907,0.777,1.68376114180824e-16,"5","RPS23"
1.07176670454786e-19,0.311119713811606,0.988,0.988,2.39003975114174e-15,"5","RPS17"
1.86693867937097e-19,0.325168834721998,0.994,0.977,4.16327325499726e-15,"5","RPL29"
9.29146887839989e-19,0.250797704588239,0.997,0.994,2.07199755988317e-14,"5","RPLP2"
1.10436951291973e-18,0.404275198102239,0.985,0.927,2.462744013811e-14,"5","RPL23A"
2.90749244701066e-18,0.321613815932669,0.991,0.987,6.48370815683377e-14,"5","FAU"
1.12480188461595e-17,0.554026168412935,0.955,0.952,2.50830820269356e-13,"5","PTMA"
1.71687943518351e-17,1.40646204960117,0.26,0.111,3.82864114045923e-13,"5","PIM2"
3.20600350768367e-17,1.16303391796378,0.359,0.184,7.14938782213459e-13,"5","ANKRD10"
7.15666057755305e-17,1.09788633272526,0.431,0.252,1.59593530879433e-12,"5","ISG20"
1.24737625014148e-16,0.38229096734122,0.976,0.948,2.78164903781549e-12,"5","RACK1"
1.46720809293505e-16,1.27231195709621,0.419,0.244,3.27187404724516e-12,"5","MDM4"
2.21310878080449e-16,0.258864521904401,1,0.994,4.93523258119402e-12,"5","RPL11"
2.48126244804561e-16,1.3379039721273,0.299,0.144,5.53321525914171e-12,"5","FAM26F"
2.55271981465788e-16,0.611450045609832,0.787,0.625,5.69256518668706e-12,"5","AC026403.1"
7.15920452800331e-16,0.401710525341763,0.976,0.918,1.59650260974474e-11,"5","RPSA"
8.12387357003321e-16,0.430106723792239,0.973,0.905,1.81162380611741e-11,"5","RPLP0"
8.40577157709366e-16,1.42127771177966,0.257,0.114,1.87448706169189e-11,"5","ARID5B"
2.78263502667536e-15,1.46384306005736,0.269,0.128,6.20527610948606e-11,"5","PARP14"
3.51668073582024e-15,0.471242282749175,0.904,0.837,7.84219804087913e-11,"5","RPL13AP25"
5.91372067774591e-15,1.29932513727598,0.254,0.116,1.31875971113734e-10,"5","LY86"
6.74930231155344e-15,0.416749673104143,0.925,0.844,1.50509441547642e-10,"5","EEF1B2"
7.38101491200255e-15,0.318823766520948,0.985,0.956,1.64596632537657e-10,"5","RPL7A"
1.15356836640189e-14,0.528108832484107,0.862,0.725,2.57245745707622e-10,"5","NOP53"
2.27772854510858e-14,1.08733012044478,0.32,0.162,5.07933465559212e-10,"5","LYN"
2.88927458046377e-14,0.474483768037856,0.922,0.849,6.4430823144342e-10,"5","RPL13AP5"
6.05172626589704e-14,0.5132554383471,0.868,0.796,1.34953495729504e-09,"5","EEF2"
8.93282671039571e-13,0.308873396799922,0.979,0.989,1.99202035641824e-08,"5","MT-RNR2"
3.21688820858425e-12,0.355052768540391,0.943,0.872,7.17366070514288e-08,"5","AC008038.1"
7.4744833638558e-12,1.0682054293747,0.356,0.213,1.66680979013984e-07,"5","RHOH"
1.63599792333774e-11,1.23608194383843,0.251,0.128,3.64827536904317e-07,"5","PPP3CA"
3.66525523828328e-11,0.950782937739828,0.443,0.304,8.17351918137172e-07,"5","SMCHD1"
6.37043595707608e-11,1.16975887233087,0.293,0.167,1.42060721842797e-06,"5","RCSD1"
6.75501566152519e-11,0.297878671339756,0.988,0.965,1.50636849252012e-06,"5","RPL41"
1.25324374031002e-10,0.354819766776169,0.964,0.931,2.79473354089135e-06,"5","AC008021.1"
1.89182626664599e-10,0.270007893155578,0.985,0.969,4.21877257462055e-06,"5","RPS21"
2.06108469043917e-10,0.499264847329394,0.79,0.711,4.59621885967935e-06,"5","AC079250.1"
5.17589981258406e-10,0.8146051272764,0.5,0.366,1.15422565820624e-05,"5","FOXP1"
7.49218241066977e-10,0.432104547941087,0.799,0.681,1.67075667757936e-05,"5","GAS5"
1.84340683743214e-09,0.623540401108721,0.611,0.501,4.11079724747367e-05,"5","RPS23P8"
1.92868021201607e-09,0.263772160976355,0.979,0.94,4.30095687279585e-05,"5","RPL5"
3.0325729117253e-09,0.719923276505422,0.428,0.294,6.76263759314743e-05,"5","LAMTOR5"
3.5780071960339e-09,1.02000542770911,0.365,0.251,7.9789560471556e-05,"5","EIF1B"
3.75984403670263e-09,1.14193277266429,0.281,0.168,8.38445220184687e-05,"5","TMEM243"
5.72310653938212e-09,0.283904016541373,0.976,0.915,0.000127625275828221,"5","RPL30"
1.523018605104e-08,1.08167961779339,0.29,0.177,0.000339633148938191,"5","RASGEF1B"
1.73411660648902e-08,0.451575819835624,0.746,0.627,0.000386708003247052,"5","AC010343.1"
1.84767439772665e-08,0.69299966061704,0.545,0.452,0.000412031390693043,"5","C6orf48"
3.72108841421743e-08,0.81270676881026,0.308,0.198,0.000829802716370487,"5","EPB41L4A-AS1"
5.60605964460185e-08,0.325617057535083,0.907,0.833,0.00125015130074621,"5","AC099336.2"
5.68513665689518e-08,0.27057785473543,0.955,0.898,0.00126778547448763,"5","AC024293.1"
8.46026824340833e-08,1.02314267111571,0.263,0.164,0.00188663981828006,"5","ALG13"
8.8727003251378e-08,0.668392752878414,0.476,0.365,0.00197861217250573,"5","RNASET2"
1.79918488164136e-07,0.685919655670468,0.479,0.376,0.00401218228606023,"5","PNISR"
3.47361107365959e-07,0.480587563767764,0.704,0.606,0.00774615269426089,"5","AC096919.1"
3.55695941846785e-07,0.26496422094813,0.931,0.894,0.0079320195031833,"5","RPS7P1"
4.68186715647456e-07,0.383171337170774,0.781,0.691,0.0104405637589383,"5","RPL7AP6"
4.85381093430735e-07,0.529919227599411,0.566,0.47,0.0108239983835054,"5","SMDT1"
6.06395392228457e-07,0.90125363328442,0.257,0.162,0.0135226172466946,"5","DRAM2"
6.09074678219839e-07,0.733662869390927,0.479,0.366,0.0135823653243024,"5","SRSF6"
6.5724068092759e-07,0.66242111151824,0.488,0.395,0.0146564671846853,"5","RSRC2"
7.44297495168322e-07,0.738802535620589,0.503,0.417,0.0165978341422536,"5","TUBA1A"
7.88831670733392e-07,0.506803056204251,0.554,0.444,0.0175909462573546,"5","RPLP0P6"
9.53343768774195e-07,0.36558085778985,0.737,0.634,0.0212595660436645,"5","NAP1L1"
1.3727321630995e-06,0.385250311456542,0.751,0.675,0.0306119272371188,"5","RPSAP19"
2.59869089559586e-06,0.447109641813618,0.644,0.56,0.0579508069717876,"5","RPSAP58"
2.62005540951159e-06,0.869055389800057,0.251,0.161,0.0584272356321084,"5","AL121944.1"
2.67362475072395e-06,0.672284291242343,0.491,0.408,0.0596218319411441,"5","LIMD2"
2.72528959486358e-06,0.671771347522574,0.341,0.24,0.0607739579654578,"5","TAF7"
3.11303371811437e-06,0.982268321128877,0.272,0.182,0.0694206519139503,"5","PRKCB"
3.17597046916243e-06,0.308084013956016,0.883,0.831,0.0708241414623223,"5","RPS7P10"
4.52989276461852e-06,0.265936290868046,0.91,0.86,0.101016608650993,"5","RPS20P14"
5.31116849536233e-06,0.371044821808813,0.811,0.744,0.11843905744658,"5","RPL7AP30"
6.25090191966255e-06,0.607428015545258,0.434,0.349,0.139395112808475,"5","AC246787.1"
7.18592773820528e-06,0.299728707519742,0.832,0.774,0.160246188561978,"5","CIRBP"
1.28564017390579e-05,0.707776207311463,0.302,0.217,0.286697758780991,"5","MED30"
1.46576887520335e-05,0.573468457258129,0.446,0.36,0.326866459170348,"5","STK4"
1.50084412626414e-05,0.462859787109317,0.5,0.413,0.334688240156903,"5","KMT2E"
2.2939209187324e-05,0.717190999034723,0.449,0.369,0.511544364877326,"5","LSM7"
2.50980385464582e-05,0.57396596637341,0.695,0.632,0.559686259586018,"5","HMGB1"
2.74114685868218e-05,0.487914090415179,0.542,0.452,0.611275749486126,"5","ERP29"
3.57890649103049e-05,0.420520976456944,0.572,0.48,0.798096147499799,"5","EEF1B2P3"
3.6513827461616e-05,0.321883704932151,0.704,0.635,0.814258352394037,"5","AC074033.1"
4.3852640674544e-05,0.618713627598397,0.419,0.342,0.977913887042331,"5","MIR1244-2"
4.77120862919452e-05,0.274638336333779,0.862,0.823,1,"5","AC073621.1"
5.47143987504869e-05,0.674852418182233,0.32,0.237,1,"5","TRA2A"
7.81139153760145e-05,0.26887918497759,0.823,0.749,1,"5","FO393411.1"
8.85384313546544e-05,0.714821473909231,0.299,0.221,1,"5","TSTD1"
9.16665162213174e-05,0.728272610220142,0.344,0.275,1,"5","AC127070.1"
0.000183580489123743,0.464061520150881,0.524,0.467,1,"5","RPL15P3"
0.000204010759609218,0.577648671421572,0.398,0.33,1,"5","EIF3D"
0.000228476628580981,0.596391840207626,0.338,0.264,1,"5","ISCU"
0.000251739924444918,0.438631892788102,0.407,0.332,1,"5","TAPBP"
0.000347803294192289,0.587655535876426,0.38,0.315,1,"5","RPL22L1"
0.000473748252434426,0.432814207653639,0.449,0.389,1,"5","RPL13AP7"
0.000476616513514522,0.380851428779294,0.668,0.633,1,"5","ZFAS1"
0.000547700226067267,0.491584870892721,0.326,0.251,1,"5","MED10"
0.000590475600016547,0.522094019443696,0.311,0.239,1,"5","WTAP"
0.000680786933166816,0.318623057275041,0.518,0.444,1,"5","JUND"
0.000761014101045996,0.647644420123241,0.272,0.208,1,"5","RC3H1"
0.000835379246616105,0.641653906218377,0.281,0.215,1,"5","SCAF11"
0.000885779008368975,0.574675267417753,0.332,0.267,1,"5","CD55"
0.000901102779238445,0.683500315958571,0.29,0.226,1,"5","TAF1D"
0.000961781889891007,0.50481253695792,0.254,0.184,1,"5","GRB2"
0.00106095693090982,0.513112293008545,0.299,0.23,1,"5","MGEA5"
0.00107139780979933,0.251715255978223,0.599,0.537,1,"5","SON"
0.00145268691326265,0.568537393562108,0.314,0.254,1,"5","SNX3"
0.00169272455356801,0.360955413731294,0.53,0.472,1,"5","EIF4A2"
0.00171148507939543,0.368521350594351,0.542,0.507,1,"5","HNRNPA0"
0.00171971622866412,0.531517215396703,0.353,0.297,1,"5","AC136632.1"
0.00197309408201846,0.628325735756155,0.266,0.205,1,"5","PNN"
0.00201140018937977,0.313183852479801,0.452,0.576,1,"5","SSR4"
0.00246922147413013,0.320339672908588,0.644,0.608,1,"5","SNHG6"
0.0027433291201516,0.353939497974744,0.425,0.358,1,"5","SNRPB"
0.00283381916861891,0.62491087039014,0.251,0.195,1,"5","PTMAP2"
0.00331892315335336,0.311303945852017,0.554,0.489,1,"5","RPL5P17"
0.00409976747055536,0.293457796851833,0.695,0.68,1,"5","CCNI"
0.00475003046430801,0.576238028494677,0.356,0.309,1,"5","AL121612.1"
0.00579873855773263,0.432055465033444,0.491,0.457,1,"5","TXNIP"
0.00632473959646187,0.386447837716906,0.317,0.258,1,"5","TNRC6B"
0.00643403848606362,0.388448767356842,0.497,0.449,1,"5","HMGN1"
0.0070296392134621,0.568598179797145,0.293,0.251,1,"5","R3HDM2"
0.00735071900213104,0.457550220057914,0.356,0.311,1,"5","AC044787.1"
0.00750917254612371,0.481835979507878,0.362,0.312,1,"5","SELENOF"
0.00792825651540202,0.426372091482209,0.287,0.232,1,"5","ANKRD44"
0.00847375581117561,0.361221158415151,0.485,0.438,1,"5","AC079140.2"
0.00882301633015904,0.623271573170258,0.278,0.236,1,"5","TTC3"
0,6.56686388747709,0.512,0.009,0,"6","PRSS57"
1.67151141905244e-257,7.12668454054156,0.488,0.018,3.72747046448695e-253,"6","AZU1"
1.28957271731293e-244,6.20418867018896,0.253,0.002,2.87574715960784e-240,"6","MSRB3"
1.97426228328623e-238,6.43738207378762,0.271,0.003,4.40260489172829e-234,"6","SMIM24"
1.20199394474304e-205,5.38749808370272,0.283,0.005,2.68044649677698e-201,"6","CYTL1"
5.86721754944169e-201,4.49651274530447,0.566,0.038,1.3083895135255e-196,"6","AC084033.3"
4.59277032332001e-200,7.60892164250436,0.307,0.007,1.02418778210036e-195,"6","CTSG"
2.21429468741426e-180,7.20853173078664,0.476,0.03,4.9378771529338e-176,"6","MPO"
6.40363016250754e-165,7.45995955560499,0.349,0.015,1.42800952623918e-160,"6","ELANE"
6.88015062974242e-159,4.52125851293656,0.494,0.036,1.53427359043256e-154,"6","CLEC11A"
2.57977885496385e-143,8.66151234580778,0.265,0.009,5.75290684656938e-139,"6","PRTN3"
9.49329188223878e-129,4.90384352139856,0.313,0.017,2.11700408973925e-124,"6","SPINK2"
3.52652370355762e-120,4.36893147837835,0.361,0.025,7.86414785893348e-116,"6","RNASE2"
2.77871804023525e-118,3.77914350805397,0.355,0.024,6.19654122972461e-114,"6","PCLAF"
6.04799812404268e-106,3.2427088298298,0.639,0.097,1.34870358166152e-101,"6","STMN1"
9.91171328235457e-92,3.5109130768414,0.265,0.017,2.21031206196507e-87,"6","FAM30A"
9.19761129121722e-91,2.96241189352398,0.464,0.057,2.05106731794144e-86,"6","FABP5"
4.78155634333118e-82,2.48982172676032,0.44,0.055,1.06628706456285e-77,"6","SOX4"
3.2601625478038e-80,3.27228474604843,0.47,0.065,7.27016248160248e-76,"6","BEX3"
9.25448213331663e-77,3.24655706636212,0.289,0.025,2.06374951572961e-72,"6","CDK6"
4.70267561317468e-68,3.21190176109172,0.265,0.024,1.04869666173795e-63,"6","FABP5P7"
1.05136132011299e-65,3.03546781864251,0.289,0.03,2.34453574385198e-61,"6","PHTF1"
2.35300231309618e-63,2.01427624639857,0.38,0.052,5.24719515820449e-59,"6","IGFBP7"
2.53994696260939e-55,2.07296559332151,0.434,0.075,5.66408172661894e-51,"6","MGST1"
7.20159481697668e-53,1.92904477697291,0.518,0.109,1.6059556441858e-48,"6","ANKRD28"
2.04776383070498e-52,0.875730250526437,0.964,0.993,4.5665133424721e-48,"6","RPS24"
3.47495120908339e-52,3.06521528877652,0.301,0.041,7.74914119625595e-48,"6","RAB32"
1.17288538323577e-48,1.91929873575293,0.741,0.249,2.61553440461577e-44,"6","SERPINB1"
1.13367383807554e-46,0.794600068680985,0.982,0.999,2.52809265890845e-42,"6","RPLP1"
8.16172230753567e-46,1.92078608565004,0.687,0.21,1.82006407458045e-41,"6","NAA38"
3.69327447678907e-45,1.75907735960977,0.452,0.094,8.23600208323963e-41,"6","NME1"
6.03560288868901e-43,1.99464690857037,0.518,0.132,1.34593944417765e-38,"6","HMGA1"
4.23595664451997e-42,1.5785203008895,0.843,0.397,9.44618331727953e-38,"6","ENO1"
1.3943622001001e-41,1.83819804042489,0.542,0.144,3.10942770622321e-37,"6","NUCB2"
2.37639615765854e-41,3.14156957801794,0.265,0.04,5.29936343157855e-37,"6","CKS1B"
3.53769486433606e-41,1.7020036574968,0.633,0.201,7.8890595474694e-37,"6","H2AFY"
5.1315425403818e-39,1.79801714121485,0.554,0.153,1.14433398650514e-34,"6","TIMM13"
1.43161418735836e-38,1.59581614051667,0.759,0.304,3.19249963780914e-34,"6","TXN"
1.97507653781955e-38,1.92146454763282,0.289,0.048,4.40442067933759e-34,"6","TCEAL4"
1.99519839819858e-38,1.89449274423299,0.313,0.055,4.44929242798282e-34,"6","NPM3"
5.38109865990855e-38,1.67263543197927,0.47,0.113,1.19998500115961e-33,"6","LSM2"
1.42960391871192e-37,2.02099241929086,0.801,0.381,3.18801673872759e-33,"6","H2AFZ"
4.33996663794514e-37,1.08098238423145,0.982,0.868,9.67812560261765e-33,"6","MT-RNR1"
1.20483189118439e-36,1.58113382094704,0.325,0.062,2.68677511734119e-32,"6","ITM2C"
1.34636085305834e-36,2.2869024698149,0.265,0.044,3.00238470232011e-32,"6","SNHG19"
2.10184507365748e-36,1.79028365093716,0.428,0.102,4.68711451425618e-32,"6","IMPDH2"
4.95821744511288e-35,1.7201539401049,0.349,0.072,1.10568249026017e-30,"6","DDAH2"
8.17925356578083e-35,1.67389970269412,0.5,0.136,1.82397354516913e-30,"6","RNASEH2C"
2.76341301506709e-34,1.71850327622856,0.554,0.167,6.1624110235996e-30,"6","NME2P1"
2.86335431710931e-34,1.62470995413769,0.53,0.153,6.38528012715375e-30,"6","YWHAE"
6.51583587040711e-34,1.88369671461866,0.283,0.052,1.45303139910079e-29,"6","GGCT"
7.94188645879438e-34,1.69307146132099,0.331,0.068,1.77104068031115e-29,"6","DNPH1"
1.49037594573537e-33,1.54404578716509,0.898,0.781,3.32353835898988e-29,"6","LRRC75A-AS1"
2.06273524219957e-33,2.27556783362293,0.295,0.058,4.59989959010503e-29,"6","AK2"
1.01873477086272e-32,3.35738472034008,0.331,0.078,2.27177853902386e-28,"6","RETN"
5.6388365676225e-32,1.42654810469104,0.506,0.143,1.25746055457982e-27,"6","HSBP1"
5.92656265369603e-32,2.073369706274,0.596,0.203,1.32162347177421e-27,"6","TUBB"
7.40442237913108e-32,1.64303154578379,0.355,0.081,1.65118619054623e-27,"6","EBPL"
1.19273431024284e-31,0.600721337532785,0.952,0.986,2.65979751184153e-27,"6","RPL37A"
3.18179721785477e-31,1.65715800010789,0.446,0.121,7.09540779581613e-27,"6","CAT"
4.62119908691283e-31,0.819203190298757,0.958,0.935,1.03052739638156e-26,"6","AC016739.1"
1.64104503857805e-30,0.605899635604329,0.964,0.984,3.65953043602906e-26,"6","RPL35"
1.95546806864694e-30,1.60559719004023,0.337,0.074,4.36069379308267e-26,"6","CASP2"
2.17768250363695e-30,1.13686969770123,0.94,0.816,4.8562319831104e-26,"6","SNHG5"
3.4791593935904e-30,1.95551258007463,0.277,0.055,7.75852544770658e-26,"6","C1orf228"
1.39552479784247e-29,1.62882418336766,0.283,0.057,3.1120202991887e-25,"6","GNA15"
1.46800720601785e-29,1.77922035605719,0.331,0.076,3.27365606941981e-25,"6","MRPL12"
2.8616396156297e-29,1.21600173621917,0.831,0.459,6.38145634285423e-25,"6","GSTP1"
2.90136031310876e-29,1.43779529266996,0.572,0.195,6.47003349823254e-25,"6","RANBP1"
3.79086747796268e-29,1.80467139791741,0.271,0.054,8.45363447585678e-25,"6","PRDX4"
5.51224476102805e-29,1.62596654805315,0.53,0.176,1.22923058170926e-24,"6","HSPB1"
6.14627464749987e-29,2.00593422602141,0.373,0.093,1.37061924639247e-24,"6","MIR4435-2HG"
6.39870962340905e-29,1.35177245824103,0.729,0.339,1.42691224602022e-24,"6","SNRPE"
1.38352683586889e-28,0.617772479838623,0.964,0.994,3.08526484398762e-24,"6","RPL39"
1.92546543680675e-28,1.4979518365031,0.771,0.376,4.29378792407906e-24,"6","VAMP8"
2.08607589984152e-28,1.75050598016239,0.343,0.082,4.65194925664659e-24,"6","TXNP6"
4.26298482950701e-28,1.30056282527612,0.783,0.369,9.50645616980063e-24,"6","ANP32B"
2.52304990773306e-27,1.26860819993394,0.867,0.415,5.62640129424472e-23,"6","GPX1"
3.90191702257659e-27,2.22351618779481,0.259,0.053,8.7012749603458e-23,"6","YWHAH"
4.35905999293379e-27,1.45709538771877,0.331,0.079,9.72070378424236e-23,"6","DUSP23"
5.73855300172697e-27,1.35846563148924,0.404,0.11,1.27969731938511e-22,"6","SNRPEP4"
1.03791451116046e-26,1.98279013503902,0.253,0.052,2.31454935988783e-22,"6","HDGF"
3.17903101420586e-26,1.32735729755598,0.313,0.073,7.08923916167908e-22,"6","TMED3"
4.33587815482615e-26,0.551180990774406,0.958,0.991,9.66900828526232e-22,"6","RPL12"
4.9620031673269e-26,1.20047221826584,0.434,0.128,1.1065267063139e-21,"6","EGR1"
2.23021283698666e-25,0.758403205011349,0.988,0.989,4.97337462648026e-21,"6","MT-RNR2"
5.93471088524849e-25,1.42652844693471,0.524,0.18,1.32344052741041e-20,"6","ATP5G1"
6.78055124675315e-25,1.3248504530129,0.44,0.131,1.51206292802595e-20,"6","HSPD1"
1.33909721678044e-24,1.22588190297088,0.361,0.096,2.98618679342037e-20,"6","RNASEH2B"
5.1415618067345e-24,1.46111144331467,0.253,0.055,1.14656828290179e-19,"6","BZW2"
1.24152739534313e-23,0.436108786664063,0.964,0.996,2.76860609161517e-19,"6","RPS15"
1.88801581570522e-23,1.26030922292812,0.651,0.275,4.21027526902265e-19,"6","COX5A"
2.06414419645451e-23,1.30884336243457,0.428,0.135,4.60304155809356e-19,"6","MRPL51"
4.73910110100305e-23,1.58656293717491,0.367,0.104,1.05681954552368e-18,"6","MZT2A"
5.61907474326783e-23,1.24559994046035,0.259,0.058,1.25305366774873e-18,"6","ARL2"
1.11967843508325e-22,1.6772729211238,0.343,0.096,2.49688291023566e-18,"6","NUDT1"
1.21525108824586e-22,1.35632327166768,0.59,0.233,2.71000992678827e-18,"6","TALDO1"
1.41241845185247e-22,1.34391536638263,0.452,0.15,3.14969314763101e-18,"6","APEX1"
1.47549124370441e-22,1.92700451633676,0.295,0.077,3.29034547346084e-18,"6","H1FX"
2.07955423219145e-22,1.10749387862182,0.41,0.125,4.63740593778693e-18,"6","COMT"
2.17502351374135e-22,1.3335925248918,0.627,0.256,4.85030243564322e-18,"6","LSM5"
2.50795202394188e-22,1.22168399822033,0.301,0.076,5.5927330133904e-18,"6","DARS"
5.92258470659545e-22,1.31703392988119,0.566,0.225,1.32073638957079e-17,"6","PYCARD"
7.50393846540173e-22,1.17938797175668,0.645,0.271,1.67337827778459e-17,"6","SEM1"
1.07390717871563e-21,0.842553730023318,0.289,0.072,2.39481300853586e-17,"6","LAT2"
1.64119070462949e-21,1.16368175735395,0.301,0.078,3.65985527132377e-17,"6","AKR7A2"
3.66880406973287e-21,1.13382283392774,0.831,0.436,8.1814330755043e-17,"6","JUND"
5.56854434847341e-21,1.44822240008363,0.355,0.106,1.24178538970957e-16,"6","MRPS34"
6.3576308353306e-21,1.25785555574977,0.44,0.147,1.41775167627872e-16,"6","MZT2B"
1.49689923200545e-20,1.57080081240479,0.313,0.086,3.33808528737216e-16,"6","SERPINB6"
1.99260338452958e-20,2.14291433151025,0.488,0.183,4.44350554750097e-16,"6","GSTO1"
2.1241664399214e-20,1.18775309363551,0.301,0.081,4.73689116102473e-16,"6","PRKDC"
2.1488648289287e-20,1.04923870166581,0.337,0.097,4.79196856851099e-16,"6","EIF4EBP1"
2.19124362318662e-20,0.961218096223575,0.825,0.629,4.88647327970617e-16,"6","ZFAS1"
2.40520630125478e-20,1.20145810178722,0.488,0.173,5.36361005179817e-16,"6","CLTA"
3.04005896424418e-20,1.33313550585717,0.422,0.143,6.77933149026453e-16,"6","ATOX1"
3.37956007516073e-20,1.30773009322404,0.524,0.207,7.53641896760842e-16,"6","DEK"
3.75273184176642e-20,1.28055482318483,0.355,0.11,8.36859200713912e-16,"6","C20orf27"
6.28730751012125e-20,2.20782619320483,0.422,0.151,1.40206957475704e-15,"6","HIST1H4C"
9.02264094066822e-20,1.12864711908793,0.494,0.179,2.01204892976901e-15,"6","CANX"
1.04597094511259e-19,1.40500143823197,0.548,0.238,2.33251520760108e-15,"6","DUT"
1.50420309712517e-19,1.47037431653645,0.627,0.271,3.35437290658913e-15,"6","DYNLL1"
1.61282327905921e-19,0.477880671499316,0.964,0.981,3.59659591230203e-15,"6","RPL7P9"
1.69748896802885e-19,1.62251488309721,0.301,0.086,3.78540039870433e-15,"6","CKS2"
1.78568652414419e-19,1.16059542233402,0.717,0.364,3.98208094884153e-15,"6","SNRPF"
2.30760915616129e-19,1.20493915380965,0.283,0.076,5.14596841823968e-15,"6","LEPROT"
3.38417325356871e-19,0.602473596435533,0.295,0.081,7.54670635545822e-15,"6","BCL11A"
3.47677150566827e-19,1.4721517433266,0.62,0.294,7.75320045764025e-15,"6","HSP90B1"
5.76050573932069e-19,1.47513719668048,0.271,0.074,1.28459277986851e-14,"6","TFDP1"
8.20098258863209e-19,1.36964298322614,0.289,0.08,1.82881911726495e-14,"6","TCEAL8"
1.05390452119985e-18,0.995899000027625,0.434,0.149,2.35020708227566e-14,"6","PTRHD1"
1.84730415541111e-18,0.659971209083507,0.946,0.908,4.11948826656677e-14,"6","RPLP0"
2.19327626859164e-18,1.23871957945786,0.337,0.105,4.89100607895936e-14,"6","SNRPFP1"
2.25683235424714e-18,1.32554080094787,0.265,0.071,5.03273614997112e-14,"6","RNF24"
2.6997560310101e-18,1.11077886502977,0.681,0.365,6.02045594915253e-14,"6","LSM7"
3.0196706897545e-18,0.442518926907282,0.982,0.991,6.73386563815253e-14,"6","RPL7"
4.5183309094969e-18,1.26337388998482,0.53,0.22,1.00758779281781e-13,"6","NDUFS6"
1.3188530224814e-17,1.00897421571691,0.325,0.1,2.94104224013351e-13,"6","STOML2"
1.63150174033258e-17,0.926356549407821,0.5,0.191,3.63824888094166e-13,"6","MRPL57"
1.7372486790386e-17,1.16896548526942,0.446,0.171,3.87406455425608e-13,"6","MRPL23"
1.75664394974638e-17,0.456940617135484,0.97,0.997,3.91731600793442e-13,"6","RPS18"
1.88604158585996e-17,0.949665473091819,0.295,0.086,4.20587273646771e-13,"6","HPRT1"
2.35507741474446e-17,1.14444428282539,0.259,0.071,5.25182263488015e-13,"6","LARS"
2.87284783396149e-17,1.29528460725137,0.265,0.075,6.40645066973411e-13,"6","PRDX1"
5.22856414556481e-17,1.00027771752425,0.735,0.408,1.16596980446095e-12,"6","SLC25A3"
6.80034530886177e-17,0.981012555867153,0.434,0.159,1.51647700387617e-12,"6","PHPT1"
7.46953230992096e-17,1.13033448671583,0.554,0.243,1.66570570511237e-12,"6","H2AFV"
1.08550018847812e-16,1.27031928266956,0.337,0.112,2.42066542030622e-12,"6","SPINT2"
1.27175835884898e-16,0.980889792756704,0.904,0.645,2.83602114023324e-12,"6","C14orf2"
1.47212962074736e-16,1.46597256017437,0.343,0.115,3.28284905426662e-12,"6","NDUFAF3"
1.82431900095505e-16,1.05922525977591,0.373,0.129,4.06823137212977e-12,"6","TMEM14C"
1.84068703433893e-16,1.30628216061192,0.337,0.115,4.10473208657581e-12,"6","RPA3"
2.20993276473428e-16,1.48479039569539,0.271,0.081,4.92815006535744e-12,"6","AL158801.4"
2.65053958554497e-16,0.876261470480707,0.349,0.115,5.91070327576528e-12,"6","BPTF"
3.32744420326872e-16,1.22804912622095,0.343,0.115,7.42020057328925e-12,"6","NUTF2"
6.39863749913628e-16,0.94586837584286,0.259,0.075,1.42689616230739e-11,"6","GAPDH"
6.72252685906744e-16,0.90904209244822,0.741,0.443,1.49912348957204e-11,"6","HMGN1"
6.82719721771692e-16,0.648009502855182,0.319,0.101,1.52246497955087e-11,"6","YBX3"
8.7128053561343e-16,1.0190443498791,0.392,0.139,1.94295559441795e-11,"6","CCT2"
1.21328868272815e-15,0.971717628764319,0.398,0.145,2.70563376248378e-11,"6","ILF2"
1.24557359014719e-15,0.86310288291611,0.253,0.073,2.77762910602823e-11,"6","SYNGR1"
1.75814588468789e-15,0.796580436827936,0.813,0.544,3.920665322854e-11,"6","HSP90AA1"
2.05581213816524e-15,0.92049550527565,0.392,0.143,4.58446106810848e-11,"6","SPN"
2.27657545829049e-15,0.406716316939723,0.964,0.973,5.07676327198779e-11,"6","AC007969.1"
2.47215067699522e-15,1.2430532428339,0.295,0.097,5.51289600969934e-11,"6","GNAQ"
2.60811878868087e-15,1.02390431899255,0.349,0.119,5.81610489875834e-11,"6","ZCRB1"
3.59233157873235e-15,1.35323507572052,0.373,0.139,8.01089942057314e-11,"6","HMGN2"
3.76873659872649e-15,1.14659924991834,0.38,0.141,8.40428261516007e-11,"6","QARS"
4.11303796933439e-15,0.745096202532943,0.313,0.101,9.17207467161569e-11,"6","TOP2B"
6.04913934387243e-15,0.97810782947711,0.627,0.297,1.34895807368355e-10,"6","CD63"
6.25636585734907e-15,1.01269587813109,0.289,0.093,1.39516958618884e-10,"6","PRDX3"
6.50228010838554e-15,0.483670614548305,0.964,0.969,1.45000846416997e-10,"6","AC073861.1"
7.64083567953323e-15,0.623635098539908,0.886,0.781,1.70390635653591e-10,"6","RPS23"
8.51946488862074e-15,0.686606546808621,0.645,0.293,1.89984067016243e-10,"6","TKT"
9.70864174315491e-15,0.506682000709413,0.97,0.952,2.16502710872354e-10,"6","PTMA"
9.77787037496426e-15,0.98183481716474,0.59,0.29,2.18046509361703e-10,"6","FBL"
1.03114112369436e-14,0.689406256405409,0.53,0.219,2.29944470583841e-10,"6","NDUFC2"
1.05917048902345e-14,0.931873234393023,0.289,0.093,2.36195019052229e-10,"6","RUNX1"
1.06719108371275e-14,0.899000749577731,0.428,0.165,2.37983611667944e-10,"6","RNF130"
1.09750453328486e-14,0.878467475847975,0.849,0.629,2.44743510922523e-10,"6","HMGB1"
1.28049378409631e-14,0.928205590796185,0.663,0.348,2.85550113853478e-10,"6","RAN"
1.31327143637159e-14,1.16557900551954,0.343,0.126,2.92859530310865e-10,"6","TIMM8B"
1.8295695580302e-14,1.19460333886522,0.307,0.106,4.07994011440736e-10,"6","RPN1"
1.98060750097324e-14,0.882337765057092,0.313,0.105,4.41675472717032e-10,"6","AKR1A1"
2.19215397106004e-14,0.687593312577477,0.301,0.098,4.88850335546388e-10,"6","LYRM4"
2.3934267358079e-14,1.80092835717088,0.343,0.125,5.33734162085162e-10,"6","TPM4"
2.49212481172314e-14,0.807664164982515,0.289,0.093,5.5574383301426e-10,"6","MRPS33"
2.6443048370043e-14,0.54425503034186,0.934,0.89,5.89679978651958e-10,"6","AC116533.1"
2.75100820105375e-14,0.927145336998724,0.289,0.093,6.13474828834986e-10,"6","PABPN1"
2.83679608961528e-14,0.838941936046508,0.38,0.138,6.32605527984208e-10,"6","HNRNPD"
3.12150594822265e-14,1.0037698120732,0.349,0.126,6.96095826453652e-10,"6","NDUFS4"
3.63774375539572e-14,0.74115212390994,0.819,0.629,8.11216857453246e-10,"6","AC026403.1"
5.42200773940402e-14,0.773272062144761,0.361,0.132,1.2091077258871e-09,"6","ETV6"
6.93466462403745e-14,0.902913954642262,0.687,0.372,1.54643021116035e-09,"6","TPI1"
7.95011907957505e-14,0.838817126082905,0.422,0.164,1.77287655474524e-09,"6","LAMTOR2"
8.30388830399898e-14,0.614998088407758,0.867,0.71,1.85176709179177e-09,"6","ATP5G2"
8.37026451547671e-14,0.272216515948719,0.735,0.366,1.86656898695131e-09,"6","AIF1"
1.08113592458902e-13,0.717173962257575,0.922,0.793,2.4109331118335e-09,"6","ACTG1"
1.14410038917272e-13,0.861580413919554,0.53,0.241,2.55134386785518e-09,"6","BST2"
1.25885949688167e-13,0.6949123372631,0.627,0.292,2.80725667804613e-09,"6","SNRPD1"
1.72111669815165e-13,0.883134570541928,0.434,0.179,3.83809023687818e-09,"6","HNRNPA1P48"
1.84074179256857e-13,1.55359420459401,0.669,0.354,4.10485419742792e-09,"6","TAGLN2"
1.84566350043474e-13,2.04457982972174,0.319,0.114,4.11582960596947e-09,"6","MAX"
1.985754363296e-13,0.716557254933748,0.289,0.097,4.42823223015009e-09,"6","TBL1XR1"
2.18585960598271e-13,0.518523523277604,0.988,0.979,4.87446692134144e-09,"6","MT-ND1"
2.35264926814791e-13,1.5837571140446,0.259,0.088,5.24640786796985e-09,"6","PCNA"
2.54778410822888e-13,0.73386263983446,0.452,0.187,5.6815585613504e-09,"6","NONO"
2.60195939881452e-13,1.46688639470533,0.355,0.138,5.80236945935637e-09,"6","H2AFJ"
2.8764006861261e-13,1.19155337395522,0.265,0.088,6.4143735300612e-09,"6","PPA2"
3.46447264121216e-13,0.886224236833681,0.482,0.211,7.72577398990311e-09,"6","OSTC"
3.5087069993694e-13,0.863293591189677,0.319,0.114,7.82441660859376e-09,"6","CCT3"
3.60643380168303e-13,0.686781511889088,0.801,0.604,8.04234737775317e-09,"6","SNHG6"
4.6638421043854e-13,0.774219114696057,0.464,0.199,1.04003678927794e-08,"6","CBX3"
4.86826299840192e-13,0.82444266025443,0.596,0.286,1.08562264864363e-08,"6","GNG5"
5.84322497795567e-13,0.879206457489477,0.849,0.634,1.30303917008411e-08,"6","NAP1L1"
6.12562921236522e-13,1.09901212473984,0.283,0.096,1.36601531435744e-08,"6","BEX4"
6.57444869198132e-13,0.959701694049194,0.265,0.087,1.46610205831183e-08,"6","COPS3"
8.00239382397102e-13,1.39395791390298,0.253,0.085,1.78453382274554e-08,"6","MKKS"
8.37523599834206e-13,0.57423832726693,0.386,0.147,1.86767762763028e-08,"6","AL122020.1"
9.08214351124643e-13,0.892307379436257,0.675,0.385,2.02531800300795e-08,"6","PLAC8"
9.11417216633823e-13,0.801285809108389,0.5,0.22,2.03246039309342e-08,"6","ENY2"
9.87328344610228e-13,1.030918593351,0.259,0.086,2.20174220848081e-08,"6","PARP1"
1.04053619353467e-12,1.02192996433661,0.331,0.126,2.32039571158231e-08,"6","GRK2"
1.17067618677028e-12,0.353705936352928,0.952,0.984,2.61060789649772e-08,"6","RPS9"
1.27291399666883e-12,0.809287558172642,0.5,0.217,2.83859821257149e-08,"6","PSMB7"
1.37691547362696e-12,0.839953609029582,0.404,0.165,3.07052150618812e-08,"6","AC007182.2"
1.41113727918895e-12,0.766115469690946,0.645,0.318,3.14683613259135e-08,"6","ATP5J"
1.54017763026935e-12,0.76641663348583,0.422,0.173,3.43459611550064e-08,"6","PDCD6"
1.62214032409431e-12,1.12224716110741,0.271,0.091,3.61737292273032e-08,"6","AC084824.1"
2.17686927245982e-12,0.551823551525018,0.982,0.909,4.8544184775854e-08,"6","SERF2"
2.2922350473233e-12,0.884149770530955,0.373,0.146,5.11168415553096e-08,"6","CLNS1A"
2.4208747344466e-12,0.873001401266527,0.373,0.157,5.39855065781591e-08,"6","AC245014.3"
3.03392019625509e-12,0.8147264118336,0.283,0.098,6.76564203764884e-08,"6","ERCC1"
3.56734543657202e-12,0.901662927595864,0.428,0.182,7.95518032355561e-08,"6","SSR3"
3.68262767717765e-12,0.789543342636144,0.56,0.267,8.21225972010615e-08,"6","AL009174.1"
3.88686094785851e-12,0.744711120978688,0.578,0.281,8.66769991372449e-08,"6","NUCKS1"
4.93504224451226e-12,0.792651726599306,0.729,0.431,1.10051442052623e-07,"6","TMEM258"
5.01818853930504e-12,0.610805733636107,0.602,0.285,1.11905604426502e-07,"6","ATP5B"
5.03706266468712e-12,0.647167370610148,0.825,0.721,1.12326497422523e-07,"6","HINT1"
5.25071871471944e-12,0.889314441111093,0.265,0.09,1.17091027338244e-07,"6","SNHG7"
8.26230791310504e-12,0.836489668548492,0.277,0.097,1.84249466462242e-07,"6","HSPB11"
9.06776887330463e-12,0.824930201228304,0.53,0.262,2.02211245874693e-07,"6","CSTA"
9.81646813980051e-12,0.910752995339849,0.476,0.221,2.18907239517551e-07,"6","SLIRP"
1.01978421176407e-11,0.899362362634817,0.253,0.087,2.27411879223389e-07,"6","DPM3"
1.04230653501468e-11,0.722802069490215,0.283,0.102,2.32434357308273e-07,"6","TMEM205"
1.06677477207196e-11,0.974689452549459,0.639,0.333,2.37890774172048e-07,"6","NDUFB9"
1.18736677426797e-11,0.772352945334312,0.651,0.343,2.64782790661757e-07,"6","HNRNPU"
1.32551907695428e-11,0.395128480687513,0.97,0.97,2.95590754160805e-07,"6","RPS21"
1.37599940614559e-11,0.792302590279917,0.271,0.096,3.06847867570467e-07,"6","MEF2C"
1.57909798343164e-11,1.74860475501311,0.325,0.126,3.52138850305256e-07,"6","LIMS1"
1.78217802179377e-11,0.925167186402764,0.386,0.163,3.9742569886001e-07,"6","GTF3C6"
1.79991023556636e-11,1.13091159514242,0.584,0.304,4.01379982531298e-07,"6","PKM"
1.89438056395344e-11,0.382190310233668,0.952,0.938,4.22446865761617e-07,"6","RPL22"
2.07734011181152e-11,1.08053986574631,0.301,0.111,4.63246844933968e-07,"6","COMMD7"
2.16958711336591e-11,1.08429899621403,0.253,0.088,4.83817926280597e-07,"6","MRPL21"
2.17400076291418e-11,0.767462386086374,0.295,0.11,4.84802170129863e-07,"6","CENPX"
2.24441671813746e-11,0.378808458382846,0.952,0.945,5.00504928144653e-07,"6","AC022431.1"
2.27004378168678e-11,0.669319791166875,0.783,0.471,5.06219763316152e-07,"6","SEC61B"
2.39879470064324e-11,0.581327414567986,0.41,0.169,5.34931218243442e-07,"6","ESD"
2.48047970604067e-11,0.467116623009236,0.301,0.109,5.53146974447069e-07,"6","LYPLA1"
2.52306863027296e-11,0.860426420737579,0.62,0.326,5.6264430455087e-07,"6","NDUFB1"
2.53793015861238e-11,0.784120898500659,0.307,0.116,5.6595842537056e-07,"6","C8orf59"
2.56205871583807e-11,0.708371995962076,0.53,0.245,5.71339093631889e-07,"6","SFPQ"
2.59022873126318e-11,0.768829423535008,0.337,0.134,5.7762100707169e-07,"6","CAPNS1"
2.83613331151594e-11,0.826594721932699,0.651,0.349,6.32457728468054e-07,"6","ATP5J2"
3.04614772383832e-11,0.657799762328756,0.422,0.181,6.79290942415946e-07,"6","FAAP20"
3.18157303246823e-11,1.04224011038452,0.313,0.125,7.09490786240416e-07,"6","GAPDHP1"
3.1870580017128e-11,0.813788512173395,0.253,0.089,7.10713934381955e-07,"6","CHD9"
3.78436794653148e-11,0.723908351746054,0.301,0.113,8.43914052076521e-07,"6","DHX9"
3.98874426145925e-11,0.930904446311089,0.361,0.162,8.89489970305412e-07,"6","MNDA"
4.1529163388289e-11,0.64382531006612,0.313,0.12,9.26100343558844e-07,"6","RTN3"
4.1724234546028e-11,0.700458539988199,0.271,0.097,9.30450430376425e-07,"6","METTL5"
4.55077380278053e-11,0.938155714109732,0.337,0.14,1.01482255802006e-06,"6","NDUFB3"
4.61232089456146e-11,0.844182610565994,0.482,0.231,1.02854755948721e-06,"6","ANAPC11"
5.05519088134248e-11,0.915184222057293,0.289,0.107,1.12730756653937e-06,"6","AL080243.2"
5.05888524196973e-11,0.953139041357717,0.349,0.144,1.12813140895925e-06,"6","CCT4"
5.58739333413192e-11,0.769112710312379,0.458,0.209,1.24598871351142e-06,"6","ROMO1"
5.69796162430028e-11,0.82663322487282,0.331,0.131,1.27064544221896e-06,"6","EIF6"
5.91893975368356e-11,0.585208962000033,0.325,0.126,1.31992356507143e-06,"6","TPRKB"
6.16731566325253e-11,0.754778191003048,0.741,0.447,1.37531139290532e-06,"6","FOSB"
7.305541967037e-11,0.743458816936244,0.259,0.093,1.62913585864925e-06,"6","LGALS9"
7.34227044261508e-11,0.802558674464389,0.687,0.507,1.63732630870316e-06,"6","HSP90AB1"
7.43572164923744e-11,0.833077041900051,0.331,0.131,1.65816592777995e-06,"6","POLR2I"
7.52974648991331e-11,0.819004031051064,0.373,0.156,1.67913346725067e-06,"6","EIF2S2"
7.79583322888605e-11,0.799536305397091,0.404,0.176,1.73847081004159e-06,"6","SNRPD3"
9.27716904365619e-11,0.768406446771487,0.355,0.146,2.06880869673533e-06,"6","BANF1"
9.3046494523363e-11,0.88775377741846,0.337,0.142,2.07493682787099e-06,"6","CAPG"
9.92074484513583e-11,0.799252151784608,0.319,0.126,2.21232610046529e-06,"6","FIBP"
1.0331501463155e-10,0.79135590025668,0.753,0.686,2.30392482628357e-06,"6","GAS5"
1.04444197862672e-10,0.600008583610741,0.56,0.287,2.32910561233759e-06,"6","SET"
1.22116119619822e-10,0.827604785412385,0.259,0.093,2.72318946752204e-06,"6","TRMT1"
1.32630466680514e-10,0.704402519448033,0.482,0.221,2.95765940697547e-06,"6","GADD45GIP1"
1.43446943279062e-10,0.881078103173869,0.771,0.481,3.19886683512309e-06,"6","GPX4"
1.49115098903627e-10,0.87658248174024,0.494,0.245,3.32526670555089e-06,"6","C1QBP"
1.60416455124624e-10,0.313329561146008,0.97,0.993,3.57728694927911e-06,"6","RPS3A"
1.64121503441066e-10,1.00060038532284,0.349,0.151,3.65990952673578e-06,"6","ETFB"
1.69125354033463e-10,0.589420727045558,0.47,0.215,3.77149539494623e-06,"6","APLP2"
1.88951379973551e-10,0.855970536354343,0.253,0.092,4.2136157734102e-06,"6","HMGB1P5"
1.93226696375478e-10,0.795766708325038,0.699,0.412,4.30895532917317e-06,"6","NDUFB11"
2.08929217251851e-10,0.891552479221769,0.386,0.171,4.65912154471629e-06,"6","MRPL52"
2.18501724378805e-10,0.527963401683624,0.367,0.151,4.87258845364735e-06,"6","SELENOH"
2.39237610811427e-10,1.16634698359105,0.307,0.122,5.33499872109482e-06,"6","VDAC3"
2.6904742032944e-10,0.625927630736148,0.428,0.191,5.99975747334651e-06,"6","NDUFAB1"
2.79097246943045e-10,0.922393482114898,0.434,0.205,6.2238686068299e-06,"6","METTL26"
2.87516508677237e-10,0.787896845248916,0.416,0.188,6.41161814350238e-06,"6","TMEM256"
3.03020531433139e-10,0.566286781879966,0.367,0.153,6.75735785095899e-06,"6","PHB2"
3.0488845601839e-10,0.890874328630656,0.265,0.101,6.7990125692101e-06,"6","NME4"
3.54340855613002e-10,0.71065589885681,0.313,0.126,7.90180108016994e-06,"6","MRPL11"
3.62179156392047e-10,0.677732957402027,0.849,0.657,8.07659518754265e-06,"6","AC019205.3"
3.91631747390075e-10,0.794774815902969,0.584,0.306,8.73338796679868e-06,"6","AP2S1"
3.94052969271435e-10,0.943704947033067,0.38,0.168,8.787381214753e-06,"6","RRP7A"
3.94406612601199e-10,2.36724658290107,0.301,0.126,8.79526746100674e-06,"6","NCOA4"
4.40194476228556e-10,0.727255666713919,0.398,0.173,9.8163368198968e-06,"6","NASP"
4.43067466334287e-10,0.514632865562195,0.434,0.196,9.88040449925459e-06,"6","IRF2BP2"
4.79566338195657e-10,1.19043453869185,0.56,0.292,1.06943293417631e-05,"6","RBX1"
4.82726146317257e-10,0.655126298466086,0.524,0.266,1.07647930628748e-05,"6","AC109326.1"
5.41749055136034e-10,1.11359181349742,0.38,0.179,1.20810039295335e-05,"6","RNVU1-19"
5.68565091746392e-10,0.670443199274297,0.47,0.225,1.26790015459445e-05,"6","TMEM160"
6.42094984258307e-10,0.737170828762146,0.253,0.094,1.43187181489602e-05,"6","SUCLG1"
7.02843885439495e-10,0.682669712411027,0.343,0.145,1.56734186453007e-05,"6","RNF181"
7.1357756247844e-10,0.892648377624209,0.566,0.312,1.59127796432692e-05,"6","RPL22L1"
7.18777958083462e-10,0.614669646263266,0.307,0.124,1.60287484652612e-05,"6","PSMA5"
7.21178296528691e-10,0.646790966611901,0.434,0.201,1.60822760125898e-05,"6","NDUFAF8"
7.72145869139746e-10,0.6319257575155,0.325,0.134,1.72188528818163e-05,"6","XRN2"
7.87934895253869e-10,0.645132547173407,0.265,0.101,1.75709481641613e-05,"6","RBBP7"
8.40408863683336e-10,0.615940737992128,0.753,0.508,1.87411176601384e-05,"6","LDHB"
8.8622909632977e-10,0.350373178729756,0.97,0.997,1.97629088481539e-05,"6","RPS19"
9.05546251662882e-10,0.50651838638384,0.386,0.169,2.01936814120823e-05,"6","THOC7"
9.1496694170195e-10,0.782967721041579,0.319,0.132,2.04037627999535e-05,"6","PPM1G"
9.36120218899392e-10,0.58506217348505,0.584,0.3,2.08754808814564e-05,"6","HMGN3"
9.9724183030164e-10,0.821320079717546,0.337,0.147,2.22384928157266e-05,"6","SNHG1"
1.1222410521614e-09,0.618504662788228,0.319,0.131,2.50259754631992e-05,"6","PA2G4"
1.23314589589348e-09,0.632081867619169,0.41,0.182,2.74991534784247e-05,"6","MTPN"
1.50572432485002e-09,0.812858872313256,0.337,0.148,3.35776524441553e-05,"6","FKBP2"
1.52932700821872e-09,0.772448258150847,0.331,0.141,3.41039922832775e-05,"6","PSMB2"
1.54055588887479e-09,0.590070854218162,0.289,0.114,3.43543963219078e-05,"6","KHDRBS1"
1.54628888369183e-09,1.26044533448703,0.355,0.155,3.44822421063278e-05,"6","CYTOR"
1.5802587485439e-09,0.626429230493709,0.524,0.258,3.52397700925291e-05,"6","RPL7P23"
1.62561348558381e-09,0.749110849645966,0.253,0.096,3.6251180728519e-05,"6","RAB4A"
1.67620571201013e-09,0.34609207436119,0.253,0.095,3.73793873778258e-05,"6","TFDP2"
1.85639293628283e-09,0.793215119149897,0.277,0.11,4.13975624791071e-05,"6","SYNCRIP"
1.88064880754135e-09,1.51197113888667,0.337,0.146,4.19384684081721e-05,"6","RAB11A"
1.98776147736236e-09,0.705195679132044,0.38,0.173,4.43270809451807e-05,"6","RPN2"
2.02158584882556e-09,1.01266353314321,0.398,0.2,4.508136442881e-05,"6","LYZ"
2.0782305036311e-09,0.763741344721322,0.482,0.246,4.63445402309735e-05,"6","SIVA1"
2.30233980317814e-09,0.522147973426985,0.319,0.131,5.13421776108726e-05,"6","ARID1B"
2.48752445046761e-09,1.64771953705831,0.681,0.513,5.54717952454277e-05,"6","LGALS1"
2.51242177028265e-09,0.73739822212557,0.506,0.259,5.6027005477303e-05,"6","NDUFA11"
2.53610279920637e-09,0.445617844876203,0.301,0.121,5.6555092422302e-05,"6","OLA1"
2.54409158664807e-09,0.342211940980912,0.964,0.984,5.67332423822519e-05,"6","RPL36"
2.69472873149329e-09,0.527611634051841,0.482,0.25,6.00924507123003e-05,"6","CFD"
2.69616744247673e-09,0.552169433004807,0.386,0.17,6.01245339672312e-05,"6","KDELR2"
2.69690911822076e-09,0.754021752651256,0.789,0.528,6.01410733363229e-05,"6","SEC61G"
2.84454230338183e-09,0.53867991101686,0.253,0.097,6.34332933654148e-05,"6","FAM120A"
3.09716573136525e-09,0.514615435479664,0.416,0.187,6.90667958094451e-05,"6","DCXR"
3.38045395991385e-09,0.701397555858692,0.572,0.306,7.53841233060787e-05,"6","CCT8"
3.72654973659435e-09,0.532994145310437,0.343,0.147,8.3102059126054e-05,"6","IDH2"
3.76377127994234e-09,0.726713943765979,0.325,0.14,8.39320995427141e-05,"6","POLR2E"
3.84209834571315e-09,0.945986302654281,0.349,0.16,8.56787931094032e-05,"6","SDF2L1"
4.02338583912449e-09,0.754076973858569,0.458,0.233,8.97215042124761e-05,"6","CD164"
4.11545328531082e-09,0.669211681482665,0.434,0.208,9.17746082624313e-05,"6","ZEB2"
4.39450389634034e-09,0.336205574931486,0.958,0.983,9.79974368883895e-05,"6","RPS2"
4.86838201759611e-09,0.464559141064341,0.452,0.22,0.000108564918992393,"6","GRN"
5.5820341744561e-09,0.689572788517508,0.771,0.593,0.000124479362090371,"6","PPIA"
5.88916265484204e-09,0.624004791035301,0.584,0.307,0.000131328327202978,"6","RAC1"
6.54426018277242e-09,1.24648139681592,0.41,0.198,0.000145937002075825,"6","CALM3"
6.56541756739438e-09,0.542473212843343,0.271,0.109,0.000146408811752895,"6","ATF7IP2"
7.47607411586757e-09,0.71251413024891,0.578,0.319,0.000166716452783847,"6","RPS27L"
7.49531062400833e-09,0.574316882088685,0.554,0.279,0.000167145426915386,"6","LSM3"
7.67680864709576e-09,0.500559000619882,0.458,0.22,0.000171192832830235,"6","PGLS"
7.88605683787774e-09,0.752164702321394,0.639,0.35,0.000175859067484674,"6","MT-ND4L"
7.95695824360855e-09,0.284787756633778,0.97,0.998,0.000177440168832471,"6","RPS14"
8.38465454895075e-09,0.883608289336374,0.325,0.147,0.000186977796441602,"6","TNFSF13B"
8.62508763851991e-09,0.618686611308328,0.416,0.197,0.000192339454338994,"6","XBP1"
8.96112473678919e-09,0.631657455672692,0.373,0.171,0.000199833081630399,"6","HNRNPR"
9.33683814162054e-09,0.723281997925702,0.687,0.415,0.000208211490558138,"6","PSMA7"
9.354309416547e-09,0.652953877745894,0.301,0.127,0.000208601099988998,"6","BAG1"
9.479013162352e-09,0.541379176075527,0.584,0.318,0.00021138199352045,"6","ATP6V0B"
9.88157987157946e-09,0.538365189406586,0.259,0.102,0.000220359231136222,"6","DENR"
1.15164293497082e-08,0.664054220755422,0.301,0.127,0.000256816374498494,"6","NDUFB4P12"
1.24739850106494e-08,0.547978484125716,0.536,0.272,0.000278169865737481,"6","SEC11A"
1.32392390353817e-08,0.512689433608049,0.301,0.127,0.000295235030489011,"6","CCT6A"
1.49702066271595e-08,0.566484533110179,0.386,0.179,0.000333835607785656,"6","NDUFS8"
1.52780736489979e-08,0.251617590405416,0.301,0.125,0.000340701042372654,"6","JARID2"
1.54228764866947e-08,0.527492660875123,0.548,0.293,0.000343930145653291,"6","C14orf166"
1.55236658653934e-08,2.78245456356388,0.259,0.107,0.000346177748798274,"6","NT5C3A"
1.60494843898968e-08,0.258176926169648,0.946,0.977,0.000357903501894699,"6","RPS11"
1.64908338387458e-08,0.662515970191296,0.675,0.423,0.000367745594604032,"6","DBI"
1.74990934497932e-08,0.471639681720577,0.307,0.131,0.000390229783930388,"6","SDHC"
1.77381111306523e-08,0.5484433631672,0.873,0.863,0.000395559878213547,"6","HNRNPA1"
1.84187236807844e-08,0.942107883708441,0.404,0.198,0.000410737538081491,"6","VAMP5"
1.90407701834532e-08,0.898248553993277,0.283,0.124,0.000424609175091005,"6","ANP32E"
1.91353361316501e-08,0.626069724982607,0.283,0.118,0.000426717995735796,"6","PDCD5"
1.98674274042048e-08,0.511600560413865,0.289,0.121,0.000443043631113767,"6","KPNB1"
2.01090956749791e-08,0.637146746845921,0.602,0.331,0.000448432833552033,"6","SF3B6"
2.11616774426268e-08,0.556911772585249,0.361,0.163,0.000471905406970578,"6","MRPL20"
2.2476690661353e-08,1.22734403037054,0.331,0.163,0.000501230201748173,"6","AREG"
2.30860874772819e-08,0.484539442730701,0.849,0.848,0.000514819750743387,"6","EEF1B2"
2.48552004450721e-08,0.470565344290246,0.265,0.107,0.000554270969925109,"6","NDUFS3"
2.53699321874252e-08,0.608879249993679,0.38,0.18,0.000565749487779583,"6","KLF4"
2.59088857199322e-08,0.715197110657344,0.277,0.117,0.000577768151554488,"6","MORF4L2"
2.65970408284932e-08,0.567522641349783,0.422,0.201,0.000593114010475399,"6","HINT1P1"
3.08658738515393e-08,0.504368710719124,0.446,0.222,0.000688308986889326,"6","CSNK1A1"
3.18318479226952e-08,1.3733791715905,0.313,0.158,0.000709850208676104,"6","SAMHD1"
3.18788030962802e-08,0.688095832062151,0.482,0.25,0.000710897309047048,"6","ATP5I"
3.22984700147616e-08,0.549962023079021,0.343,0.156,0.000720255881329183,"6","NDUFB5"
3.28690260408865e-08,0.288092164747512,0.331,0.144,0.000732979280711768,"6","ECH1"
3.48813975796282e-08,0.827208092251458,0.596,0.341,0.00077785516602571,"6","CCDC85B"
3.63564810074461e-08,0.989449906151476,0.373,0.177,0.000810749526466048,"6","WDR1"
3.77802481370711e-08,0.759039273492271,0.44,0.218,0.000842499533456686,"6","LSM4"
3.81068751474639e-08,0.587675493904619,0.313,0.139,0.000849783315788445,"6","TAOK3"
3.97910975193287e-08,0.311802962981142,0.38,0.171,0.000887341474681031,"6","MYCBP2"
4.02943787890491e-08,0.604547574114438,0.446,0.227,0.000898564646995794,"6","C4orf48"
4.24609621886717e-08,0.65754597229552,0.506,0.264,0.000946879456807379,"6","NDUFA2"
4.40018917640844e-08,0.261508398196232,0.976,0.989,0.000981242186339082,"6","RPS17"
4.77114283793319e-08,0.571300541886213,0.663,0.444,0.0010639648528591,"6","RPLP0P6"
5.21115342425926e-08,0.304898012891623,0.271,0.114,0.00116208721360981,"6","MXD1"
5.32843152519358e-08,0.407474467889878,0.343,0.154,0.00118824023011817,"6","SPG21"
5.4642565567904e-08,0.778491170960477,0.705,0.452,0.00121852921216426,"6","NDUFS5"
5.9420130572852e-08,0.458110027025635,0.331,0.15,0.0013250689117746,"6","EMB"
6.09091174754756e-08,0.294990830729867,0.964,0.983,0.00135827331970311,"6","RPS8"
6.44876157421452e-08,0.683424497721857,0.277,0.12,0.00143807383104984,"6","MDH1"
6.45940643421799e-08,0.427217640967072,0.337,0.151,0.00144044763483061,"6","RPL17P34"
6.6658312118575e-08,0.532204278845298,0.307,0.137,0.00148648036024422,"6","TXN2"
7.52567565582444e-08,0.637117134329136,0.488,0.267,0.00167822567124885,"6","PEBP1"
7.98917958656362e-08,0.374692765432475,0.271,0.114,0.00178158704780369,"6","SMS"
8.67062102427242e-08,0.729975455418107,0.343,0.163,0.00193354848841275,"6","MINOS1"
8.69175230318167e-08,0.718681629033004,0.952,0.873,0.00193826076360951,"6","SRGN"
8.84694308487254e-08,0.583337887613891,0.777,0.506,0.00197286830792658,"6","TSPO"
9.49572177079806e-08,0.537214514146314,0.542,0.287,0.00211754595488797,"6","NDUFB4"
1.0558677592188e-07,0.612070166713414,0.524,0.286,0.00235458510305792,"6","ATP5A1"
1.08263397541583e-07,1.05575287627572,0.265,0.116,0.00241427376517729,"6","PCMT1"
1.12887758079813e-07,0.591713228530794,0.741,0.498,0.00251739700517984,"6","COX7B"
1.25615050162063e-07,0.510047209190093,0.861,0.703,0.002801215618614,"6","VIM"
1.44891554566562e-07,0.625832853631891,0.289,0.131,0.00323108166683433,"6","YY1"
1.73733196802958e-07,0.611320823849152,0.307,0.138,0.00387425028870597,"6","CCT7"
1.74709861720035e-07,0.657955229762377,0.265,0.117,0.00389602991635679,"6","HACD4"
1.80584514079935e-07,0.473741078514935,0.614,0.34,0.00402703466398254,"6","HNRNPA3"
1.84606472041006e-07,0.373312837858904,0.422,0.208,0.00411672432651442,"6","PFDN2"
1.90055280650985e-07,0.451231393119867,0.319,0.147,0.00423823275851697,"6","AC107075.1"
2.08394918531162e-07,0.492271532810911,0.825,0.623,0.00464720668324491,"6","COX6B1"
2.28393456364846e-07,0.550086221553045,0.651,0.41,0.00509317407693607,"6","ATP5G3"
2.39111128621235e-07,0.701897308596965,0.434,0.228,0.00533217816825354,"6","SSBP1"
2.44124621132197e-07,0.455330105988679,0.482,0.252,0.00544397905124799,"6","ABRACL"
2.55504596066073e-07,0.571591791435025,0.373,0.181,0.00569775249227342,"6","SRSF10"
2.66130626413456e-07,0.368473789463037,0.404,0.195,0.00593471296902006,"6","SNRPC"
2.75838254795815e-07,0.757095977305551,0.59,0.339,0.00615119308194667,"6","PRDX6"
2.87382653986679e-07,0.406623717059037,0.524,0.28,0.00640863318390294,"6","AC004448.1"
2.87422784957906e-07,0.363803042220249,0.705,0.419,0.00640952810456131,"6","MCL1"
2.96206938924235e-07,0.5136654163053,0.614,0.343,0.00660541473801044,"6","NDUFB7"
2.97343975616239e-07,0.611457633456198,0.392,0.199,0.00663077065624212,"6","EPB41L4A-AS1"
3.14013561852563e-07,0.64124755078024,0.843,0.598,0.00700250242931216,"6","ELOB"
3.38155847636225e-07,0.55106068493672,0.319,0.149,0.00754087540228781,"6","ZNF428"
3.38364904370644e-07,0.401116683628891,0.259,0.111,0.00754553736746535,"6","AC133435.1"
3.65072801713954e-07,0.252985979535911,0.982,0.98,0.00814112347822118,"6","RPS20"
3.77484337457585e-07,0.382922447089522,0.367,0.177,0.00841790072530414,"6","MYDGF"
3.82293221480433e-07,0.606142927884885,0.253,0.111,0.00852513883901365,"6","MANF"
3.85432628461658e-07,0.30795299214529,0.56,0.293,0.00859514761469498,"6","WDR83OS"
4.05457678961483e-07,0.266776939491065,0.952,0.949,0.00904170624084107,"6","RPL23"
4.28182130841917e-07,0.304467641739903,0.343,0.161,0.00954846151777476,"6","PSMB4"
4.30805262163826e-07,0.400163316697727,0.295,0.133,0.00960695734625331,"6","CHCHD5"
4.65423589984831e-07,0.393525281932099,0.452,0.226,0.0103789460566617,"6","MDH2"
4.85693627667223e-07,0.637004357008845,0.301,0.141,0.0108309678969791,"6","PPP4C"
5.31253495583433e-07,0.564565623126723,0.271,0.123,0.0118469529515106,"6","PQBP1"
5.38034214647563e-07,0.324973303922312,0.422,0.214,0.0119981629866406,"6","P4HB"
5.59334066188517e-07,0.288583716501327,0.271,0.119,0.0124731496760039,"6","FXR1"
5.71369603078223e-07,0.290820885513408,0.301,0.136,0.0127415421486444,"6","PUF60"
5.91416330046884e-07,0.752120882832362,0.747,0.506,0.0131885841600455,"6","COX8A"
6.75014424845035e-07,0.549477723171582,0.657,0.43,0.0150528216740443,"6","SLC25A5"
6.94362943870495e-07,0.578412891669641,0.645,0.481,0.015484293648312,"6","EEF1B2P3"
7.41445146476095e-07,0.375217991720798,0.958,0.957,0.0165342267664169,"6","RPL7A"
8.52897579513877e-07,0.35053195039226,0.301,0.139,0.0190196160231595,"6","MRPS15"
8.57838658623735e-07,0.554522871243525,0.572,0.352,0.0191298020873093,"6","RPS24P8"
8.74924612058052e-07,0.259094581904398,0.97,0.994,0.0195108188488946,"6","RPS6"
9.15884965612059e-07,0.903808159718795,0.41,0.244,0.0204242347331489,"6","ANXA2"
9.68532598588312e-07,0.793289299815276,0.307,0.153,0.0215982769485194,"6","ARL6IP1"
9.88669907982297e-07,0.602027063852998,0.801,0.561,0.0220473389480052,"6","SSR4"
9.92331215556467e-07,0.520302437003796,0.452,0.236,0.0221289861069092,"6","RPL35P1"
9.97537752819664e-07,0.787097206678761,0.578,0.339,0.0222450918878785,"6","AC024619.4"
1.01964725599027e-06,0.627403228606444,0.964,0.847,0.0227381338085831,"6","OAZ1"
1.18052586314466e-06,0.33143235311841,0.41,0.206,0.026325726748126,"6","EEF1B2P6"
1.21694509767924e-06,0.26311739023856,0.283,0.13,0.027137875678247,"6","NDUFV1"
1.22182264509733e-06,0.389778593177949,0.416,0.212,0.0272466449856704,"6","EIF3I"
1.27234526041873e-06,0.467880781501711,0.434,0.226,0.0283732993073376,"6","YWHAQ"
1.35544943390509e-06,0.426316083334435,0.59,0.326,0.0302265223760836,"6","EID1"
1.38167822542153e-06,0.485796339262417,0.271,0.126,0.0308114244269001,"6","PTBP1"
1.3832123613437e-06,0.943258191201664,0.506,0.277,0.0308456356579645,"6","LAMTOR1"
1.40136194612468e-06,0.686602880013506,0.53,0.319,0.0312503713985804,"6","MTDH"
1.55431292166347e-06,0.832466206756618,0.259,0.121,0.0346611781530955,"6","GNB2"
1.55597685960511e-06,0.563830274878247,0.494,0.279,0.034698283969194,"6","AL669983.1"
1.61414983252771e-06,0.536616065778665,0.464,0.254,0.0359955412653679,"6","ATP5C1"
1.83405275777319e-06,0.293613174023574,0.614,0.346,0.0408993764983421,"6","NOP10"
1.84165476716597e-06,0.254534444071036,0.976,0.994,0.041068901307801,"6","MT-ND4"
1.9460354276981e-06,0.38194598844347,0.301,0.141,0.0433965900376676,"6","RTF1"
1.98518182784444e-06,0.734155181986083,0.253,0.119,0.0442695547609309,"6","TXNDC17"
2.29483733214444e-06,0.433829988313302,0.422,0.221,0.0511748725068211,"6","GDI2"
2.45894640497605e-06,0.558667770768578,0.542,0.318,0.0548345048309659,"6","PRDX5"
2.49123339209394e-06,0.300977259113304,0.319,0.155,0.0555545046436948,"6","PLEK"
2.50672294762687e-06,0.283467084354278,0.283,0.132,0.0558999217320793,"6","OTUD6B-AS1"
2.65052787508281e-06,0.585001815939807,0.554,0.322,0.0591067716143467,"6","ERH"
2.72459982345718e-06,0.483797315193164,0.645,0.385,0.060758576063095,"6","SF3B5"
2.86725511226584e-06,0.332212625459169,0.386,0.195,0.0639397890035283,"6","RPL24P7"
2.92051623461607e-06,0.455616007911049,0.723,0.501,0.0651275120319384,"6","RPS23P8"
2.96858939862399e-06,0.552757775259187,0.295,0.142,0.066199543589315,"6","MCRIP1"
3.0127755660053e-06,0.438801387742331,0.265,0.123,0.0671848951219181,"6","RPL12P12"
3.05670111078634e-06,0.271357418835466,0.952,0.959,0.0681644347705353,"6","RPS5"
3.12957144989958e-06,0.438073539763366,0.795,0.747,0.0697894433327607,"6","RPL7AP30"
3.14632944333299e-06,0.468155451576123,0.301,0.145,0.0701631465863256,"6","NAA10"
3.22764164330219e-06,0.515887964525138,0.542,0.308,0.0719764086456389,"6","TUFM"
3.30044921513843e-06,0.394529357868122,0.928,0.833,0.0736000174975871,"6","ATP5L"
3.59200409249888e-06,0.457192862109777,0.584,0.365,0.080101691262725,"6","SNHG8"
3.67590584347945e-06,0.435567592201471,0.337,0.169,0.0819727003095917,"6","PFDN4"
3.75127543909406e-06,0.781545891171843,0.265,0.129,0.0836534422917975,"6","DNAJC15"
4.05549527887861e-06,0.48534487630617,0.337,0.173,0.090437544718993,"6","ZNF207"
4.33654386382594e-06,0.300174815279262,0.446,0.234,0.0967049281633185,"6","NDUFB10"
4.60817245465293e-06,0.252021083819385,0.337,0.167,0.10276224573876,"6","TMED9"
4.71770421221692e-06,0.262251613226606,0.946,0.975,0.105204803932437,"6","RPL10A"
4.76570772589934e-06,0.756114707234926,0.494,0.297,0.106275282287555,"6","BLOC1S1"
4.84275876142708e-06,0.506253389704339,0.373,0.201,0.107993520379824,"6","VPS29"
4.85062175161594e-06,0.28601580641357,0.295,0.142,0.108168865061035,"6","ILF3"
5.28002889708117e-06,0.599314826206189,0.675,0.436,0.11774464440491,"6","CLIC1"
5.37381249766298e-06,0.424428306947917,0.373,0.193,0.119836018697884,"6","PTMAP2"
5.43022235897387e-06,0.326075328635864,0.928,0.861,0.121093958605117,"6","RPS20P14"
5.61217394472028e-06,0.633983506081007,0.277,0.133,0.125151478967262,"6","RPL7AP50"
5.95493294425032e-06,0.405964536899,0.367,0.188,0.132795004656782,"6","CCDC88C"
6.00012257182118e-06,0.464717800165756,0.699,0.495,0.133802733351612,"6","RPL7P1"
6.06451650852312e-06,0.520068278661834,0.367,0.195,0.135238718140066,"6","AIMP1"
6.57180794852583e-06,0.490066797214546,0.361,0.19,0.146551317252126,"6","MTND1P23"
6.88284835975887e-06,0.407132205676344,0.331,0.166,0.153487518422623,"6","RBM17"
6.95258245030744e-06,0.305145864578265,0.301,0.148,0.155042588641856,"6","METAP2"
7.03636539567097e-06,0.250928272152573,0.301,0.146,0.156910948323463,"6","NDUFB6"
7.14046029735335e-06,0.436744628230981,0.446,0.244,0.15923226463098,"6","MRPS21"
7.73715030784833e-06,0.478091745446505,0.343,0.178,0.172538451865018,"6","MPC2"
8.34442465683265e-06,0.431130925581233,0.386,0.206,0.186080669847368,"6","C19orf70"
8.62978563415673e-06,0.455876370415393,0.56,0.332,0.192444219641695,"6","MRPL33"
8.70222311725051e-06,0.411600118348255,0.38,0.203,0.194059575514686,"6","PNN"
9.14641398246912e-06,0.561289477121486,0.265,0.129,0.203965031809061,"6","ATG3"
9.23544163958142e-06,0.3292584493485,0.97,0.981,0.205950348562666,"6","RPS4X"
9.67114826301301e-06,1.07145369611066,0.313,0.17,0.21566660626519,"6","RASGRP2"
9.9236262686905e-06,0.355334396758818,0.518,0.295,0.221296865791798,"6","LAMTOR5"
1.05299090652078e-05,0.253731145064839,0.277,0.135,0.234816972154133,"6","EWSR1"
1.1466756463153e-05,0.41113942601539,0.518,0.299,0.255708669128313,"6","RPL35P5"
1.23669266818224e-05,0.44710587826273,0.801,0.637,0.275782465004639,"6","COX6C"
1.29144497183014e-05,0.567507009243153,0.518,0.306,0.287992228718121,"6","PSMB3"
1.31319728208975e-05,0.330224161639008,0.41,0.224,0.292842993906015,"6","ERGIC3"
1.35124592733546e-05,0.630560070201845,0.747,0.551,0.301327841795808,"6","HNRNPA2B1"
1.35787029670104e-05,0.470269452116593,0.404,0.223,0.302805076164333,"6","RPL21P39"
1.42556277580776e-05,0.292542985872226,0.566,0.329,0.317900499005131,"6","TRMT112"
1.49009766697057e-05,0.602439265604179,0.554,0.325,0.332291779734436,"6","ATF4"
1.55543180862913e-05,0.445312879306648,0.392,0.216,0.346861293324296,"6","TUBB4B"
1.66968814934743e-05,0.297298334844863,0.319,0.166,0.372340457304477,"6","LTA4H"
1.7085588066481e-05,0.589050330309815,0.59,0.359,0.381008613882527,"6","SNRPG"
1.75571185362814e-05,0.346182361295092,0.518,0.297,0.391523743359075,"6","SERBP1"
1.78617105747516e-05,0.36212184627574,0.747,0.575,0.39831614581696,"6","AC026366.1"
1.83406532447573e-05,0.289977173098785,0.277,0.138,0.408996567358087,"6","MRPL47"
2.10864403606223e-05,0.391351818694385,0.512,0.308,0.470227620041878,"6","AC044787.1"
2.26683810820754e-05,0.26533889958565,0.452,0.251,0.505504898130283,"6","PPA1"
2.73447080601843e-05,0.544447521402541,0.645,0.429,0.60978698974211,"6","TPM3"
2.76227894074691e-05,0.610480521377925,0.693,0.478,0.615988203786562,"6","POLR2L"
3.0344881731905e-05,0.293209847694115,0.367,0.195,0.676690862621482,"6","ZNHIT1"
3.1298957832903e-05,0.296678169932093,0.428,0.236,0.697966759673737,"6","AP003385.3"
3.19974242478732e-05,0.40156911526715,0.663,0.438,0.713542560727573,"6","ATP5O"
3.20464709899387e-05,0.580150405765059,0.253,0.127,0.714636303075632,"6","IFI16"
3.22155031962363e-05,0.37837087817419,0.729,0.504,0.71840572127607,"6","ATP5D"
3.2762545387296e-05,0.472877809348581,0.747,0.695,0.7306047621367,"6","RPL7AP6"
3.51773144839036e-05,0.297841726392071,0.337,0.179,0.78445411299105,"6","KIF5B"
3.57284134353471e-05,0.362776904549257,0.735,0.608,0.79674361960824,"6","AC096919.1"
3.8077714422872e-05,0.467919241239166,0.771,0.543,0.849133031630045,"6","LAMTOR4"
4.20630185014949e-05,0.439471154963645,0.41,0.236,0.938005312583337,"6","AURKAIP1"
4.47124829086156e-05,0.412419070438041,0.452,0.26,0.997088368862127,"6","PSMA4"
4.62181226855822e-05,0.278264946875397,0.446,0.252,1,"6","SNX3"
4.80722643704378e-05,0.446112051069683,0.512,0.3,1,"6","DAD1"
4.93004856569517e-05,0.36890275679532,0.837,0.696,1,"6","CHCHD2"
5.30835140347694e-05,0.264340352762497,0.59,0.351,1,"6","TBCA"
5.65290900503954e-05,0.33363919697858,0.301,0.16,1,"6","SFT2D1"
5.75246171151271e-05,0.342190516911655,0.38,0.207,1,"6","H3F3AP4"
6.52630253506628e-05,0.298116159454548,0.392,0.22,1,"6","EIF1AX"
6.69451564828331e-05,0.632900427053982,0.253,0.134,1,"6","TPP1"
7.22048831207152e-05,0.3459007195878,0.452,0.256,1,"6","STRAP"
7.23905873139864e-05,0.387559550095076,0.271,0.141,1,"6","ARF4"
7.49127993276773e-05,0.333446490946192,0.53,0.318,1,"6","PARK7"
7.71843361124792e-05,0.540495957961016,0.343,0.199,1,"6","IFI27L2"
7.87925773840689e-05,0.417353190429796,0.295,0.158,1,"6","C1orf43"
8.40346178905856e-05,0.328300171130942,0.259,0.131,1,"6","ANAPC5"
8.49152977434272e-05,0.343305774350073,0.386,0.215,1,"6","SEPT6"
9.00380782326165e-05,0.314374578585572,0.355,0.197,1,"6","RILPL2"
9.09855091287907e-05,0.41341692836321,0.458,0.274,1,"6","AC127070.1"
9.3732430395249e-05,0.258982057988846,0.512,0.31,1,"6","Z74021.1"
9.43378918800926e-05,1.04215948355859,0.337,0.188,1,"6","CAPZA2"
9.68399867308827e-05,0.528969645710124,0.777,0.747,1,"6","NPM1"
9.74600084046993e-05,0.270099893190396,0.325,0.177,1,"6","EIF4H"
0.000104596648860815,0.39299399928487,0.554,0.346,1,"6","COPS9"
0.000107425452396831,0.430988264984237,0.578,0.391,1,"6","RPL12P4"
0.000108482886479894,0.327029867565809,0.277,0.146,1,"6","PRPF40A"
0.000109166018812235,0.472368813182105,0.56,0.34,1,"6","MIR1244-2"
0.000128865175231365,0.352733893741724,0.482,0.292,1,"6","RPL12P16"
0.000131079536717616,0.312286464770684,0.277,0.149,1,"6","TMEM147"
0.00013701349005016,0.356855200073892,0.404,0.233,1,"6","GTF2A2"
0.000137117600859837,0.538429773592887,0.651,0.442,1,"6","NDUFB2"
0.000139227986410941,0.31822134326993,0.645,0.448,1,"6","RPS3AP25"
0.000157086209294594,0.289053703109742,0.506,0.316,1,"6","ST13"
0.000160613434226201,0.312780885287087,0.253,0.133,1,"6","EIF5B"
0.000165507571510034,0.331285758463731,0.819,0.674,1,"6","YBX1"
0.000175031656659814,0.31490427239392,0.928,0.844,1,"6","MT-ND5"
0.000181758769202542,0.410052695400611,0.614,0.366,1,"6","FKBP1A"
0.000190671528493134,0.468977712229644,0.259,0.139,1,"6","GNB1"
0.000212996204683217,0.400428706098084,0.253,0.134,1,"6","KDM5A"
0.000213534788738246,0.334645787018384,0.765,0.556,1,"6","SNRPD2"
0.00023177134265103,0.433678948596751,0.416,0.258,1,"6","LAPTM4A"
0.00024264619181399,0.26409216579097,0.331,0.189,1,"6","SRI"
0.000303194312988258,0.418692713731556,0.295,0.17,1,"6","DCTN3"
0.000319474551264293,0.274103795897967,0.343,0.201,1,"6","MRPL41"
0.000329108109893241,0.678632059674863,0.271,0.148,1,"6","CCNG1"
0.000335872368399751,0.345204787657567,0.765,0.635,1,"6","AC074033.1"
0.000336066422360241,0.386717759779125,0.639,0.424,1,"6","POMP"
0.00034675071927357,0.364859561220214,0.398,0.233,1,"6","VPS28"
0.000409318598610088,0.391164894335008,0.38,0.222,1,"6","HNRNPF"
0.00043528520940859,0.271800722646288,0.271,0.152,1,"6","ITGB1BP1"
0.000438569878639101,0.290468288852199,0.38,0.224,1,"6","BAX"
0.000459036612634367,0.301501535931942,0.898,0.875,1,"6","AC008038.1"
0.000459476137360179,0.722654408808865,0.392,0.242,1,"6","GNAS"
0.000501172503957393,0.388119631456342,0.404,0.245,1,"6","TRAPPC1"
0.000507696362492896,0.35699826265,0.253,0.14,1,"6","COPS6"
0.000518834832636479,0.295002013232225,0.59,0.397,1,"6","RPS3AP6"
0.000521576073849396,0.267584133129489,0.38,0.227,1,"6","EIF3A"
0.000528958938358321,0.260362611688384,0.367,0.215,1,"6","ELOC"
0.000533466150879416,0.299044371738901,0.271,0.149,1,"6","FAM204A"
0.000610216598651329,0.253141031821767,0.741,0.516,1,"6","COX5B"
0.000626965445522093,0.334623308691196,0.506,0.308,1,"6","MBNL1"
0.000668164843500351,0.415748753576249,0.349,0.204,1,"6","ACP1"
0.000719361977026783,0.331844793690592,0.355,0.21,1,"6","COX14"
0.000801980017137654,0.308880728404932,0.446,0.277,1,"6","METTL9"
0.000840847322473235,0.308164510106377,0.313,0.181,1,"6","RALY"
0.000937883441115213,0.363886997745083,0.639,0.451,1,"6","RPL24P4"
0.000991009768355618,0.326275915344691,0.62,0.418,1,"6","CUTA"
0.000998772972928042,0.365530130929834,0.608,0.453,1,"6","C6orf48"
0.00102685217284112,0.290110919927563,0.795,0.754,1,"6","RPS4XP11"
0.00114793817930446,0.300492267782154,0.717,0.519,1,"6","HNRNPK"
0.0012389344891299,0.369031754720677,0.584,0.39,1,"6","CAPZA1"
0.00124017286607175,0.280525726060557,0.38,0.234,1,"6","CAMLG"
0.00128667614193201,0.379841358779868,0.729,0.601,1,"6","SUMO2"
0.00134155136892312,0.43078816672975,0.741,0.56,1,"6","S100A8"
0.00159210406371567,0.271574553498248,0.59,0.387,1,"6","RPL13AP7"
0.00166932520937238,0.349737430104562,0.801,0.644,1,"6","SUB1"
0.00202619078336142,0.299332055401905,0.349,0.218,1,"6","KTN1"
0.00205331289446363,0.711442631335482,0.253,0.147,1,"6","CAMTA1"
0.00264514046214907,0.415481457892368,0.964,0.839,1,"6","MYL6"
0.00305359593413217,0.259032068770377,0.825,0.652,1,"6","COX7A2"
0.00310300442385958,0.258335637872299,0.699,0.552,1,"6","RPS3AP26"
0.00326020956909216,0.311812206711388,0.584,0.417,1,"6","TUBA1A"
0.00524065029900067,0.332578111424461,0.313,0.197,1,"6","CNPY3"
0.00562869068707466,0.482088950588122,0.343,0.216,1,"6","AMD1"
0.00590166251584207,0.285948932227565,0.723,0.588,1,"6","AC068724.1"
0.00688088288115432,0.381242531115254,0.675,0.545,1,"6","H3F3A"
0.0075628287371186,0.418212711543363,0.325,0.203,1,"6","ANXA7"
0.00818179042704997,0.706145189098837,0.831,0.702,1,"6","HMGB2"
0,6.79784067711403,0.574,0.005,0,"7","CDKN1C"
1.1508240837524e-295,4.7333907104584,0.647,0.025,2.56633770676786e-291,"7","CSF1R"
1.26470076062428e-287,7.75708566180364,0.287,0.001,2.82028269619216e-283,"7","CKB"
8.4884895654061e-279,4.30023859896062,0.846,0.053,1.89293317308556e-274,"7","MS4A7"
2.35439313122355e-243,6.75018192460746,0.324,0.005,5.25029668262851e-239,"7","C1QA"
2.0538540717311e-239,5.00951143895277,0.449,0.013,4.58009457996035e-235,"7","ZNF703"
9.17813430503134e-233,4.0051540618533,0.985,0.102,2.04672395002199e-228,"7","FCGR3A"
4.66900827767948e-223,5.06247015631085,0.449,0.015,1.04118884592252e-218,"7","PAPSS2"
6.45039493212513e-200,4.04618082925515,0.537,0.027,1.4384380698639e-195,"7","TCF7L2"
2.63306588554315e-195,6.91135764294734,0.25,0.003,5.87173692476123e-191,"7","VMO1"
7.61046554780602e-192,3.61951448791335,0.743,0.06,1.69713381716074e-187,"7","PILRA"
2.08917588661837e-182,4.97870607001171,0.316,0.008,4.65886222715896e-178,"7","SIGLEC10"
7.05232564437104e-170,3.44957361630277,0.838,0.093,1.57266861869474e-165,"7","SMIM25"
2.05066852238895e-165,5.01459642285865,0.257,0.005,4.57299080492736e-161,"7","HES4"
4.70622370236114e-159,3.41562476913656,0.676,0.06,1.04948788562653e-154,"7","LILRB2"
1.75937556503083e-154,4.54132037428503,0.346,0.013,3.92340751001874e-150,"7","AC245884.12"
1.41202126692719e-148,3.20175388192309,0.978,0.169,3.14880742524763e-144,"7","SERPINA1"
9.37731497390625e-148,3.58475598475074,0.537,0.039,2.09114123918109e-143,"7","LRRC25"
1.4960514673195e-139,3.32772365036786,0.632,0.059,3.33619477212247e-135,"7","CXCL16"
2.15385262680909e-134,5.07316890304802,0.257,0.008,4.80309135778428e-130,"7","MS4A4A"
7.14353222825187e-134,3.6886894729402,0.949,0.178,1.59300768690017e-129,"7","IFITM3"
5.40860326377616e-131,3.19525272092613,0.75,0.093,1.20611852782208e-126,"7","WARS"
1.74782847139551e-129,4.12570448692474,0.353,0.018,3.897657491212e-125,"7","TPPP3"
6.34838586497297e-129,3.79491388326813,0.39,0.022,1.41569004788897e-124,"7","PTP4A3"
2.24537024219139e-127,2.8997551994422,0.699,0.079,5.00717564008679e-123,"7","LILRA5"
9.74536230718242e-126,2.93202739258082,0.853,0.128,2.17321579450168e-121,"7","BID"
2.3673378209873e-119,2.90533308989428,0.838,0.132,5.27916334080167e-115,"7","RHOC"
1.78258628507244e-118,2.86535053621308,0.713,0.091,3.97516741571154e-114,"7","SPI1"
4.61848215228534e-116,3.04406927898258,0.574,0.058,1.02992151995963e-111,"7","CD86"
5.25147154511069e-116,2.96551373343746,0.993,0.239,1.17107815455968e-111,"7","CFD"
2.68868249316402e-114,2.66137700704487,0.801,0.12,5.99576195975576e-110,"7","C5AR1"
5.60825566430298e-113,3.40220479097282,1,0.359,1.25064101313956e-108,"7","LST1"
1.81811821629759e-108,2.8433636595528,0.603,0.068,4.05440362234362e-104,"7","FAM49A"
1.95719578710589e-108,2.98564325880654,0.559,0.059,4.36454660524613e-104,"7","C19orf38"
3.94009498426866e-108,2.70834214338878,0.86,0.155,8.78641181491911e-104,"7","LYN"
1.02276459826807e-106,2.89313141552015,0.647,0.082,2.28076505413779e-102,"7","SLC7A7"
2.08492541045198e-104,3.07874891122462,0.463,0.041,4.6493836653079e-100,"7","MTSS1"
3.49056366243262e-103,2.98276389155818,1,0.361,7.78395696722473e-99,"7","AIF1"
3.53691768119615e-103,3.91308573014649,0.25,0.011,7.88732642906741e-99,"7","ADGRE1"
3.70040189178013e-101,3.2185555438677,0.368,0.026,8.25189621866969e-97,"7","FAM110A"
6.61150127868295e-101,2.76669183536408,0.794,0.137,1.4743647851463e-96,"7","FAM26F"
1.09830773411806e-99,2.75702403565887,0.574,0.067,2.44922624708327e-95,"7","HCK"
4.74009569428963e-99,2.73193402935673,1,0.369,1.05704133982659e-94,"7","FCER1G"
2.49295015434804e-97,3.41519236375642,0.353,0.025,5.55927884419613e-93,"7","LILRA1"
3.12847967267485e-97,2.59032568639843,0.735,0.117,6.97650967006491e-93,"7","MAFB"
3.26192727331491e-97,2.65042245235944,0.868,0.176,7.27409781949225e-93,"7","JPT1"
8.85177026732944e-94,2.39131066098365,0.772,0.13,1.97394476961446e-89,"7","TMEM176B"
8.72014709403681e-93,2.8395907788136,0.926,0.241,1.94459280197021e-88,"7","TIMP1"
2.51683789662537e-92,2.1986166371873,0.897,0.181,5.61254850947457e-88,"7","HLA-DRB5"
1.66566899467925e-90,2.69821339255355,0.507,0.057,3.71444185813472e-86,"7","LILRB3"
1.8119608937457e-90,2.70459048284002,1,0.487,4.04067279305291e-86,"7","COTL1"
4.50185923916531e-90,2.54565173940859,0.993,0.361,1.00391461033386e-85,"7","S100A11"
1.92806441638437e-89,3.50161821868474,0.316,0.022,4.29958364853714e-85,"7","GPBAR1"
9.541942927257e-89,3.27161565068824,0.36,0.029,2.12785327277831e-84,"7","SLC2A6"
3.63283686612633e-87,3.45055538117364,0.346,0.027,8.10122621146171e-83,"7","LILRB1"
6.03071691689742e-86,3.26892714450615,0.39,0.036,1.34484987246813e-81,"7","CUX1"
7.58774905265252e-85,2.57088349287372,0.779,0.149,1.69206803874151e-80,"7","NAAA"
8.28438289854701e-85,2.38429012180137,0.978,0.327,1.84741738637598e-80,"7","HLA-DPA1"
1.91293406267633e-84,2.43957616976364,0.993,0.421,4.26584295976821e-80,"7","PSAP"
1.41566800140096e-83,2.64826703619923,0.588,0.085,3.15693964312414e-79,"7","MAPKAPK3"
3.0864575920745e-83,2.2823434704875,0.971,0.308,6.88280043032614e-79,"7","NPC2"
4.35200353318053e-83,3.09101294912082,0.375,0.034,9.70496787899258e-79,"7","HMOX1"
5.50573128687492e-83,2.58947503476608,0.574,0.079,1.22777807697311e-78,"7","CLEC12A"
2.10039296160345e-82,3.14877281464086,0.316,0.024,4.68387630437569e-78,"7","CAMK1"
2.77956405463814e-82,2.58891928259946,0.559,0.076,6.19842784184304e-78,"7","TESC"
1.75345050165948e-81,2.8676176024756,0.426,0.045,3.91019461870063e-77,"7","SNX18"
1.66277779984507e-80,2.23526759567747,0.963,0.308,3.70799449365451e-76,"7","FTLP3"
2.38800993669882e-80,2.27561589217468,0.912,0.243,5.32526215883837e-76,"7","STXBP2"
1.62993108912337e-77,3.1330483873241,0.294,0.022,3.63474632874512e-73,"7","SLC24A4"
5.31611622467972e-77,2.57071181374313,1,0.632,1.18549391810358e-72,"7","SAT1"
4.09521026794457e-76,2.19834631761823,1,0.427,9.13231889751639e-72,"7","CTSS"
1.26525424632786e-75,1.91816377656395,0.912,0.223,2.82151696931112e-71,"7","CLEC7A"
5.72076494149161e-75,2.15311925242907,0.912,0.241,1.27573058195263e-70,"7","ASAH1"
8.66425542420872e-73,2.05836397714651,1,0.378,1.93212895959855e-68,"7","CST3"
2.44575580562681e-72,2.04814709306756,0.993,0.632,5.45403544654778e-68,"7","NAP1L1"
6.29974746622102e-72,2.66604434789026,0.559,0.089,1.40484368496729e-67,"7","PECAM1"
1.69011110274221e-70,2.06486110800601,1,0.983,3.76894775911512e-66,"7","FTL"
1.85629040095703e-70,1.7964666361626,0.493,0.067,4.13952759413419e-66,"7","CD79B"
9.93162321839588e-70,3.39291093450468,0.287,0.024,2.21475197770228e-65,"7","SCIMP"
3.10347528425506e-69,2.205615006223,0.551,0.085,6.92074988388879e-65,"7","NAPSB"
4.72116448863727e-69,2.2260524859011,0.706,0.14,1.05281968096611e-64,"7","FGR"
1.53244118381025e-68,1.91534275136702,0.875,0.225,3.41734383989686e-64,"7","PLAUR"
6.7720571235338e-67,2.47491822399954,0.404,0.048,1.51016873854804e-62,"7","RN7SL368P"
3.3499834383906e-65,2.44942064908184,0.537,0.09,7.47046306761105e-61,"7","RHOB"
8.03318759887356e-65,2.62041175601194,0.412,0.052,1.7914008345488e-60,"7","TBXAS1"
2.93015531986998e-64,2.64827328537992,0.434,0.059,6.53424636331006e-60,"7","ADA"
3.23964831952956e-64,2.11232770730032,0.684,0.143,7.22441575255091e-60,"7","CD83"
5.37610616130435e-64,2.119562963579,0.699,0.15,1.19887167397087e-59,"7","BCL2A1"
6.48752444837092e-64,2.12386077939424,0.684,0.141,1.44671795198671e-59,"7","HSBP1"
1.02414897996598e-63,2.75182251870961,0.382,0.046,2.28385222532413e-59,"7","DOCK5"
4.65220113539362e-63,2.34619455195039,0.801,0.218,1.03744085319278e-58,"7","G0S2"
1.45067020356161e-62,2.25849563221619,0.757,0.189,3.23499455394238e-58,"7","NFKBIZ"
3.89251294902861e-62,1.94905055996834,0.713,0.15,8.68030387633379e-58,"7","CFP"
5.44465800423731e-62,2.39497563122139,0.522,0.087,1.21415873494492e-57,"7","SLC43A2"
9.50917584628797e-61,1.79249277611564,0.559,0.096,2.12054621372222e-56,"7","HLA-DQA1"
1.22435814016614e-60,3.05371620517518,0.346,0.041,2.73031865257049e-56,"7","FBP1"
2.98605132180731e-60,1.86414626081379,0.86,0.239,6.65889444763031e-56,"7","ANXA5"
3.18585021093141e-60,2.00918807570069,0.904,0.315,7.10444597037705e-56,"7","FTH1P8"
4.60102463654112e-60,2.5688965760438,0.382,0.049,1.02602849394867e-55,"7","RNF144B"
1.23666751480989e-59,1.63371532459738,0.912,0.268,2.75776855802606e-55,"7","NAMPT"
5.30785384723446e-59,1.73309857683696,1,0.453,1.18365140793328e-54,"7","TYROBP"
5.94811423663284e-59,3.21732982792834,0.265,0.024,1.32642947476912e-54,"7","P2RX1"
1.82822404995217e-58,2.3815519042673,0.397,0.053,4.07693963139334e-54,"7","PIK3AP1"
4.25230254837284e-58,2.09155691466051,0.625,0.128,9.48263468287143e-54,"7","C9orf72"
4.87958278412709e-57,3.02539694149315,0.257,0.023,1.08814696086034e-52,"7","ADGRE2"
5.64362569881476e-57,1.9126079453597,0.978,0.521,1.25852853083569e-52,"7","IFITM2"
1.18747838350537e-56,2.83096389552931,0.265,0.025,2.64807679521698e-52,"7","KDM1B"
2.61462590476976e-56,1.76998485299079,0.904,0.288,5.83061576763657e-52,"7","TKT"
4.02626040665041e-56,0.831351655675899,1,0.999,8.97856070683042e-52,"7","TMSB4X"
3.04043930990631e-54,2.06854123813341,0.647,0.143,6.78017966109107e-50,"7","PCGF5"
5.28070668249521e-54,1.32568982605255,1,0.846,1.17759759019643e-49,"7","OAZ1"
6.90691273669647e-54,2.25890521111721,0.449,0.071,1.54024154028331e-49,"7","FTH1P7"
1.37134714351432e-53,1.95985878416745,0.735,0.19,3.05810413003693e-49,"7","TNFRSF1B"
1.38365161997119e-53,1.77464566729867,0.669,0.148,3.08554311253576e-49,"7","PLEK"
1.5157947305395e-53,1.66296605894508,1,0.647,3.38022224910309e-49,"7","NEAT1"
1.52648396126076e-53,1.56559680733678,0.971,0.39,3.40405923361149e-49,"7","HLA-DPB1"
1.62597454646265e-53,2.40992155439063,0.309,0.036,3.6259232386117e-49,"7","CD300LF"
2.4702721673466e-53,0.808265508024978,1,0.996,5.50870693318291e-49,"7","RPS19"
8.89614941860711e-53,2.08514503364386,0.596,0.125,1.98384132034939e-48,"7","CMTM6"
5.74064412865077e-52,2.12936674531256,0.588,0.127,1.28016364068912e-47,"7","PTPN6"
9.63918420550548e-52,1.82379701404824,0.897,0.359,2.14953807782772e-47,"7","RNASET2"
1.14100063749917e-51,2.26844610096782,0.485,0.088,2.54443142162314e-47,"7","LGALS9"
1.3255605660728e-51,2.09851049742638,0.493,0.088,2.95600006234235e-47,"7","RIPK2"
2.32849049175503e-51,1.91847567308327,0.794,0.242,5.19253379661371e-47,"7","ZFAND5"
4.63345805293817e-51,2.37060321367471,0.382,0.056,1.03326114580521e-46,"7","CPPED1"
5.61924261468505e-51,2.51437027640195,0.331,0.042,1.25309110307477e-46,"7","NAP1L1P1"
1.12718413350663e-50,2.51487484560189,0.412,0.066,2.51362061771978e-46,"7","POU2F2"
2.78029224928811e-50,1.95828041693229,0.574,0.121,6.20005171591248e-46,"7","GRK2"
5.56504227722469e-50,2.59601454514279,0.338,0.046,1.24100442782111e-45,"7","LINC00877"
1.67267502639473e-49,2.57645553669506,0.279,0.031,3.73006530886025e-45,"7","PPM1F"
2.589999750233e-49,1.45832905348046,0.985,0.67,5.77569944301959e-45,"7","YBX1"
4.17972228277654e-49,2.01623578415229,0.647,0.156,9.32078069059168e-45,"7","CTSC"
4.60527511477848e-49,2.78340503391353,0.265,0.029,1.0269763505956e-44,"7","PPM1N"
6.59845983084364e-49,2.17370319273907,0.368,0.054,1.47145654227813e-44,"7","ZNF576"
1.22099714727835e-48,1.3679359551989,0.985,0.45,2.72282363843072e-44,"7","HLA-DRA"
1.77142045888455e-48,1.69448516195729,0.912,0.36,3.95026762331256e-44,"7","FKBP1A"
2.11829997693768e-48,1.48240198477141,0.985,0.622,4.72380894857104e-44,"7","ARPC3"
3.95166284710578e-48,2.0446595341038,0.478,0.088,8.8122081490459e-44,"7","SNX10"
4.84794499001432e-48,1.93185071518418,0.669,0.172,1.08109173277319e-43,"7","RASGEF1B"
7.29219402896886e-48,1.27603479365783,1,0.864,1.62615926846006e-43,"7","S100A4"
1.48057514738298e-47,1.82403327170083,0.574,0.122,3.30168257866404e-43,"7","MGAT1"
3.40128649496152e-47,2.1378075158457,0.382,0.059,7.58486888376418e-43,"7","RXRA"
9.19354218197349e-47,1.06114627163156,1,0.985,2.05015990658009e-42,"7","ACTB"
1.12038119179143e-46,1.13169220860235,0.993,0.61,2.49845005769488e-42,"7","CD74"
1.6200929156843e-46,1.58630276204153,0.61,0.137,3.61280720197599e-42,"7","FGL2"
1.97258116279742e-46,1.56713917257727,0.86,0.296,4.39885599303824e-42,"7","HLA-DRB1"
4.14563891594881e-46,2.18831035686005,0.463,0.088,9.24477478256585e-42,"7","AC084824.1"
4.35344759194892e-46,1.68829914601416,0.574,0.125,9.70818813004609e-42,"7","STX11"
1.01541015483042e-45,2.46971669412444,0.309,0.041,2.26436464527183e-41,"7","PDLIM5"
1.01717562340078e-45,2.84157609236448,0.257,0.029,2.26830164018375e-41,"7","SFMBT2"
1.53844954220377e-45,1.97445664213407,0.471,0.089,3.43074247911441e-41,"7","BRI3"
1.0751849075316e-44,1.53599115184228,0.765,0.222,2.39766234379547e-40,"7","PYCARD"
3.37991206900112e-44,1.65979799808906,0.846,0.307,7.5372039138725e-40,"7","SOD2"
6.61593875054575e-44,1.5281799981156,0.588,0.135,1.4753543413717e-39,"7","TYMP"
1.11021913135351e-43,1.95509888902778,0.529,0.114,2.47578866291832e-39,"7","RGS19"
1.72128621648216e-43,2.43681629005916,0.287,0.038,3.83846826275522e-39,"7","KYNU"
2.09048306099494e-43,1.6938354110728,0.713,0.2,4.66177722601872e-39,"7","ARRB2"
5.2010006016887e-43,1.65559305089347,0.853,0.32,1.15982313417658e-38,"7","VSIR"
1.13884533546533e-42,2.02854580418791,0.441,0.085,2.5396250980877e-38,"7","SEC14L1"
1.36701926053351e-42,1.74762421715589,0.618,0.152,3.04845295098972e-38,"7","NINJ1"
1.53023675634432e-42,1.57954750494994,0.816,0.259,3.41242796664783e-38,"7","PTP4A2"
1.92530253215065e-42,1.96056845924252,0.507,0.109,4.29342464669594e-38,"7","INSIG1"
3.89494787300822e-42,1.58939542115223,0.64,0.161,8.68573375680834e-38,"7","RNF130"
4.62461683970903e-42,1.72267968902223,0.676,0.185,1.03128955525511e-37,"7","LYST"
9.62487466428236e-42,2.00900441211091,0.382,0.065,2.14634705013497e-37,"7","MARCKS"
3.95243509095183e-41,2.01683592400623,0.515,0.117,8.81393025282257e-37,"7","SYNGR2"
4.61315688310757e-41,1.76681010371047,0.831,0.318,1.02873398493299e-36,"7","CSTB"
7.86345775039249e-41,1.53450190213707,0.721,0.214,1.75355107833753e-36,"7","GLUL"
1.0359160860794e-40,2.21289500327343,0.36,0.061,2.31009287195706e-36,"7","MYD88"
1.15108222500159e-40,2.35795466195138,0.324,0.05,2.56691336175354e-36,"7","DPEP2"
1.35877534377748e-40,1.63569947720262,0.765,0.236,3.03006901662379e-36,"7","ANXA2"
1.36273690416964e-40,1.98536836359377,0.412,0.077,3.03890329629829e-36,"7","CACUL1"
2.38174563799434e-40,1.58459917064905,0.478,0.098,5.31129277272737e-36,"7","SLC11A1"
2.98136760997454e-40,1.85837311809488,0.397,0.072,6.64844977024322e-36,"7","IFNGR2"
6.01186283896196e-40,1.63033173716784,0.824,0.292,1.34064541308852e-35,"7","RHOG"
1.37946261322117e-39,1.36557999258487,0.912,0.359,3.07620162748321e-35,"7","SAMSN1"
5.52754269142714e-39,1.79868270165522,0.559,0.14,1.23264202018825e-34,"7","SPN"
1.40370409610966e-38,1.79993754688405,0.544,0.133,3.13026013432455e-34,"7","THEMIS2"
1.66231738351669e-38,2.54299010773559,0.257,0.034,3.70696776524223e-34,"7","LILRA2"
1.93270609451636e-38,2.02035626607904,0.331,0.054,4.30993459077148e-34,"7","NOTCH2"
2.12906099300252e-38,1.92131899576134,0.375,0.067,4.74780601439562e-34,"7","CD300A"
4.13082779552904e-38,1.42705689315182,0.507,0.113,9.21174598402976e-34,"7","MPEG1"
5.73633650917583e-38,1.09375965184329,1,0.855,1.27920304154621e-33,"7","S100A6"
8.39647386468148e-38,1.48887439681836,0.86,0.338,1.87241367182397e-33,"7","SH3BGRL"
1.23815087251722e-37,1.41582499763468,0.809,0.282,2.7610764457134e-33,"7","GNG5"
1.48746746443533e-37,1.02358401234881,1,0.838,3.31705244569079e-33,"7","MYL6"
1.90022360963096e-37,1.57556664257258,0.566,0.142,4.23749864947703e-33,"7","CTSB"
2.96526497887965e-37,2.22925246666542,0.324,0.054,6.61254090290162e-33,"7","ITGAX"
4.23981358751011e-37,1.72767166358853,0.507,0.118,9.45478430014754e-33,"7","FTH1"
1.90524752705688e-36,1.14084278095957,0.853,0.298,4.24870198533684e-32,"7","FCN1"
2.1392773015527e-36,2.22954615282252,0.309,0.05,4.77058838246251e-32,"7","PHTF2"
4.27240870725922e-36,1.72317211602393,0.493,0.114,9.52747141718806e-32,"7","RAB24"
8.61891399693075e-36,1.7085624072578,0.434,0.093,1.92201782131556e-31,"7","NCF2"
1.32774261811072e-35,1.80146924175982,0.412,0.086,2.96086603838691e-31,"7","CPVL"
1.6189774407933e-35,1.63240498950903,0.566,0.151,3.61031969296905e-31,"7","LGALS3"
1.63205446887906e-35,1.64610066171589,0.441,0.094,3.6394814656003e-31,"7","LY96"
5.46027135533919e-35,1.49705989153687,0.684,0.214,1.21764051224064e-30,"7","FCGRT"
6.55739375032354e-35,1.68659892874174,0.625,0.182,1.46229880632215e-30,"7","CCDC88C"
8.652244154268e-35,1.32056844281615,0.537,0.133,1.92945044640176e-30,"7","CYBB"
1.56724640553332e-34,1.94511973824033,0.287,0.045,3.4949594843393e-30,"7","SLC16A3"
2.4459106332191e-34,1.53344841550091,0.779,0.287,5.45438071207859e-30,"7","AP002784.2"
6.89776195651878e-34,1.7907638557444,0.412,0.088,1.53820091630369e-29,"7","FOXO3"
1.329409365124e-33,2.02354721578552,0.265,0.04,2.96458288422652e-29,"7","HOTAIRM1"
1.82706676357008e-33,0.963271837586711,1,0.873,4.07435888276128e-29,"7","SRGN"
2.35832810219086e-33,2.11703993476392,0.265,0.041,5.25907166788563e-29,"7","MCTP1"
2.55489922810189e-33,1.46437416731325,0.471,0.11,5.69742527866722e-29,"7","MXD1"
3.21517478545401e-33,1.43627674432428,0.765,0.268,7.16983977156244e-29,"7","SEC11A"
3.3106785589531e-33,1.14003369991209,0.985,0.592,7.38281318646542e-29,"7","EMP3"
3.52821794956669e-33,1.71404147066222,0.493,0.124,7.86792602753371e-29,"7","ATG3"
5.20589532294209e-33,1.56268261071913,0.574,0.16,1.16091465701609e-28,"7","LTA4H"
6.0306739744687e-33,1.46611468476801,0.676,0.216,1.34484029630652e-28,"7","PGLS"
6.29727997946214e-33,1.95139133045035,0.279,0.045,1.40429343542006e-28,"7","ETS2"
7.90629272784872e-33,1.87063681756219,0.375,0.078,1.76310327831027e-28,"7","GRINA"
7.97539304512707e-33,0.826981781502937,1,0.888,1.77851264906334e-28,"7","PFN1"
8.20173279916866e-33,1.42627381770055,0.654,0.196,1.82898641421461e-28,"7","CHCHD10"
3.2388322982681e-32,1.14205111488177,0.882,0.399,7.22259602513786e-28,"7","RGS2"
6.1757774573983e-32,1.60093130880793,0.632,0.202,1.37719837299982e-27,"7","ATP1B3"
9.58934683961325e-32,1.62383979747219,0.434,0.1,2.13842434523375e-27,"7","TFRC"
1.16600268099438e-31,1.43603555261885,0.404,0.088,2.60018597861748e-27,"7","RAB31"
1.73509854103235e-31,0.897014106995621,1,0.506,3.86926974650215e-27,"7","LGALS1"
2.71869741509469e-31,1.57696872684461,0.478,0.12,6.06269523566116e-27,"7","MYO9B"
3.95664056645866e-31,0.702484481667271,1,0.938,8.82330846320281e-27,"7","NACA"
5.05901041282817e-31,1.78397830187851,0.603,0.194,1.12815932206068e-26,"7","VAMP5"
6.95533244806638e-31,1.62236284768344,0.456,0.111,1.5510391359188e-26,"7","RNF13"
8.75331286809254e-31,1.51752243318924,0.39,0.084,1.95198876958464e-26,"7","CD300E"
9.29439644134796e-31,1.93486142178635,0.257,0.042,2.07265040642059e-26,"7","CKS1B"
1.17870015388406e-30,1.77838256134023,0.382,0.084,2.62850134316144e-26,"7","OAZ2"
1.24862308836117e-30,1.83845741271993,0.301,0.054,2.7844294870454e-26,"7","ABI3"
1.59779559228147e-30,1.40595896365494,0.801,0.321,3.56308417078768e-26,"7","DRAP1"
1.79258524247165e-30,1.30181193053485,0.632,0.191,3.99746509071178e-26,"7","RILPL2"
2.96880494538049e-30,1.85658756898077,0.287,0.051,6.6204350281985e-26,"7","HLA-DQA2"
3.14678766421685e-30,1.26397801299734,0.654,0.204,7.01733649120358e-26,"7","ZEB2"
3.58201978339599e-30,1.39036838302137,0.603,0.176,7.98790411697305e-26,"7","RASSF5"
4.67796626877135e-30,1.47845908384485,0.64,0.209,1.04318647793601e-25,"7","VASP"
5.15462296730308e-30,2.10405305965313,0.287,0.052,1.14948092170859e-25,"7","GAB2"
5.27099902726394e-30,2.09218601426917,0.257,0.042,1.17543278307986e-25,"7","RALB"
7.28256331387323e-30,1.08162839908078,0.603,0.176,1.62401161899373e-25,"7","KLF4"
7.96706924865639e-30,1.68589859018311,0.346,0.072,1.77665644245038e-25,"7","IGSF6"
8.31407846755594e-30,1.47223985302476,0.412,0.094,1.85403949826497e-25,"7","RIN3"
1.47435623498288e-29,1.69016383974098,0.478,0.126,3.28781440401183e-25,"7","PABPC4"
3.4084745220241e-29,0.56610865203085,1,0.991,7.60089818411375e-25,"7","TMSB10"
3.52094043423159e-29,1.27294089788338,0.787,0.302,7.85169716833644e-25,"7","ARPC5"
6.96350803824278e-29,1.45270616292804,0.485,0.129,1.55286229252814e-24,"7","CASP1"
7.53772507360559e-29,1.91436659185026,0.353,0.078,1.68091269141405e-24,"7","CNIH4"
7.93638476702136e-29,1.36726868702558,0.801,0.333,1.76981380304576e-24,"7","EVI2B"
1.08989580489262e-28,1.61421676791569,0.412,0.098,2.43046764491055e-24,"7","ITGAL"
1.17738679516527e-28,1.7541332094795,0.36,0.078,2.62557255321856e-24,"7","GBP2"
1.22516949407107e-28,1.73156612650446,0.375,0.086,2.7321279717785e-24,"7","FAM45A"
2.24928994967155e-28,1.81821403245434,0.301,0.058,5.01591658776757e-24,"7","SNORD56B"
3.92941021030329e-28,1.56007149126225,0.353,0.076,8.76258476897633e-24,"7","SH3BP2"
4.21631373530223e-28,1.05714854523193,0.816,0.313,9.40237962972396e-24,"7","ATP6V0B"
5.77255842183796e-28,0.961505917934304,0.985,0.732,1.28728052806987e-23,"7","ARPC2"
6.74559890779547e-28,1.46429683545821,0.713,0.29,1.50426855643839e-23,"7","MT2A"
1.00329821131169e-27,1.22249621219407,0.721,0.252,2.23735501122506e-23,"7","LAPTM4A"
1.20421949296544e-27,0.565960929996694,1,0.988,2.68540946931294e-23,"7","MT-RNR2"
1.55009311323861e-27,2.33842977074565,0.25,0.044,3.45670764252211e-23,"7","APOBEC3A"
1.66337054374423e-27,1.7746431014503,0.294,0.057,3.70931631254963e-23,"7","PRAM1"
1.96069860177363e-27,1.59062343778402,0.456,0.123,4.3723578819552e-23,"7","RNF149"
2.20606548821637e-27,0.526425657783101,0.794,0.257,4.9195260387225e-23,"7","CSTA"
2.51259116082094e-27,1.79483104909883,0.257,0.045,5.6030782886307e-23,"7","ACOT9"
4.20838368894479e-27,1.55509881619821,0.426,0.11,9.38469562634689e-23,"7","C20orf27"
4.901058033381e-27,1.48253866662325,0.559,0.18,1.09293594144396e-22,"7","MTPN"
1.04006092223324e-26,1.36192032160255,0.618,0.202,2.31933585658012e-22,"7","RNH1"
1.71296189400119e-26,1.5745600212742,0.324,0.069,3.81990502362265e-22,"7","CDA"
2.41239404177931e-26,1.47030437139386,0.441,0.118,5.37963871316786e-22,"7","AC009226.1"
2.46437996923278e-26,1.10439193571193,0.846,0.382,5.4955673313891e-22,"7","H2AFZ"
2.75856891729173e-26,1.1363433845329,0.919,0.604,6.15160868556055e-22,"7","ALDOA"
3.8186864221178e-26,1.50604974555047,0.375,0.088,8.5156707213227e-22,"7","CD4"
8.77506762450542e-26,1.56392038148133,0.353,0.082,1.95684008026471e-21,"7","TCIRG1"
9.29437341789295e-26,1.24574074427548,0.721,0.28,2.07264527219013e-21,"7","C1orf162"
1.09007835468665e-25,1.32567544848121,0.618,0.211,2.43087473095122e-21,"7","GNAI2"
1.36916848590644e-25,1.39475671053754,0.618,0.217,3.05324572357136e-21,"7","GDI2"
2.2042541332662e-25,0.985634205999864,0.647,0.224,4.91548671718363e-21,"7","ATP2B1-AS1"
2.29806583400526e-25,1.01048301225577,0.61,0.19,5.12468680983172e-21,"7","MYO1F"
5.82088003294057e-25,1.03846236289707,0.89,0.459,1.29805624734575e-20,"7","RHOA"
6.45294639671155e-25,1.11339228221304,0.89,0.424,1.43900704646668e-20,"7","TPM3"
6.51990384769817e-25,1.51075951562379,0.39,0.1,1.45393855803669e-20,"7","TMEM176A"
8.44900839477021e-25,1.21928138514303,0.647,0.224,1.88412887203376e-20,"7","RAP1B"
8.55262492361332e-25,1.23916125555909,0.507,0.154,1.90723535796577e-20,"7","HLA-DQB1"
1.50677492258215e-24,0.79074983682654,0.985,0.852,3.3601080773582e-20,"7","DUSP1"
2.19383169251563e-24,1.04637851488717,0.934,0.539,4.89224467430985e-20,"7","H3F3A"
2.31281782583367e-24,1.30447615607849,0.529,0.161,5.15758375160908e-20,"7","AKIRIN2"
2.9841474179534e-24,1.10377691253845,0.64,0.221,6.65464874203609e-20,"7","PTPRE"
3.95036783524497e-24,1.7455489764743,0.301,0.067,8.80932027259628e-20,"7","AMPD2"
4.65415147048904e-24,0.986601010700405,0.493,0.144,1.03787577791906e-19,"7","TNFSF13B"
5.09716729690608e-24,1.16921418651149,0.647,0.232,1.13666830721005e-19,"7","CARD16"
1.38192154868682e-23,0.479168806539858,1,0.997,3.08168505357162e-19,"7","MT-CO1"
1.6790572280952e-23,1.19625979868715,0.721,0.295,3.74429761865229e-19,"7","CYTIP"
1.97367810031905e-23,1.07381844513366,0.816,0.371,4.40130216371148e-19,"7","TPI1"
2.15060052272096e-23,1.05153694462853,0.926,0.609,4.79583916566775e-19,"7","CALM2"
2.89925333626199e-23,1.38060611660462,0.537,0.184,6.46533493986423e-19,"7","CAPZA2"
3.11212072679123e-23,1.44473999933051,0.338,0.081,6.94002922074445e-19,"7","ARPC3P5"
3.24024144761359e-23,1.53269598054707,0.346,0.085,7.2257384281783e-19,"7","BLVRA"
3.26647472586191e-23,1.57554388097695,0.36,0.091,7.28423863867207e-19,"7","LCP2"
3.28792683280019e-23,1.11665890757031,0.831,0.427,7.33207683714443e-19,"7","SLC25A5"
3.97613104387948e-23,1.78719563942534,0.353,0.093,8.86677222785123e-19,"7","BABAM2"
6.01264554053263e-23,1.03336026619222,0.809,0.342,1.34081995553878e-18,"7","NOP10"
6.04989971032147e-23,1.51759181075961,0.412,0.118,1.34912763540169e-18,"7","GNB2"
8.4611351792633e-23,1.46441465476655,0.368,0.097,1.88683314497572e-18,"7","ODF3B"
8.65290199900205e-23,1.13757403051085,0.478,0.145,1.92959714577746e-18,"7","PHACTR1"
1.00013426314909e-22,1.19381964575948,0.485,0.146,2.23029940682247e-18,"7","CDKN2D"
1.14096368033879e-22,1.7609996174957,0.25,0.05,2.54434900715551e-18,"7","ERGIC1"
1.61133392213343e-22,1.38722796159712,0.463,0.142,3.59327464635754e-18,"7","ISG15"
1.75806419060237e-22,1.2084445929286,0.816,0.394,3.92048314504328e-18,"7","PGK1"
1.77617394677165e-22,1.67863158727561,0.25,0.05,3.96086790130079e-18,"7","NUDT16"
2.44737325714424e-22,1.64656980458152,0.36,0.095,5.45764236343165e-18,"7","VPS35"
3.64735972902374e-22,1.51268371091758,0.382,0.104,8.13361219572294e-18,"7","SELPLG"
5.90805923444205e-22,1.96349799851977,0.272,0.061,1.31749720928058e-17,"7","TMPO"
6.32755752468287e-22,1.3151163001128,0.544,0.188,1.41104532800428e-17,"7","WASF2"
6.74061402125013e-22,1.12747901764199,0.816,0.405,1.50315692673878e-17,"7","LY6E"
7.86952312149872e-22,1.39083171205582,0.338,0.085,1.75490365609422e-17,"7","TGFBI"
1.22990957242531e-21,1.28066920977134,0.515,0.168,2.74269834650843e-17,"7","TNFRSF14"
1.55680083341417e-21,1.08687219250696,0.772,0.348,3.47166585851359e-17,"7","PSME2"
1.74071883951259e-21,1.7987071933743,0.265,0.059,3.88180301211307e-17,"7","MIR22HG"
2.14061420465234e-21,1.74636903523725,0.257,0.056,4.77356967637471e-17,"7","FTH1P2"
2.60356341379309e-21,1.60147280394155,0.287,0.067,5.8059464127586e-17,"7","NBPF14"
2.84594203773781e-21,1.38737323914447,0.294,0.068,6.34645074415532e-17,"7","RARA"
3.05386023482053e-21,1.58703318313207,0.287,0.066,6.81010832364979e-17,"7","EPN1"
4.90736430996996e-21,1.28077253967395,0.419,0.125,1.0943422411233e-16,"7","LIMS1"
5.1380465594452e-21,1.14924290521033,0.529,0.184,1.14578438275628e-16,"7","GSTO1"
5.92798666006191e-21,1.41465458633075,0.353,0.094,1.32194102519381e-16,"7","SSH2"
7.18861552790671e-21,1.80625114839472,0.294,0.073,1.6030612627232e-16,"7","RAB10"
7.59046407707276e-21,1.60089797198944,0.309,0.077,1.69267348918723e-16,"7","PSEN1"
8.46356671127744e-21,1.1723696848007,0.618,0.231,1.88737537661487e-16,"7","KLF3"
1.0712826903932e-20,1.71049570392732,0.309,0.079,2.38896039957683e-16,"7","MIS18BP1"
1.32195809048233e-20,0.791524405126486,0.934,0.54,2.9479665417756e-16,"7","LAMTOR4"
1.34428722411354e-20,1.34910887307483,0.382,0.108,2.9977605097732e-16,"7","LYPLA1"
2.25228153315414e-20,1.5774657054966,0.25,0.054,5.02258781893374e-16,"7","GNS"
2.53753797452015e-20,1.20830436226361,0.493,0.162,5.65870968317993e-16,"7","MYO1G"
2.94213571603317e-20,0.963791149896795,0.816,0.431,6.56096264675396e-16,"7","TMSB4XP4"
3.51933305897448e-20,0.944108697811035,0.691,0.281,7.8481127215131e-16,"7","FLNA"
3.89515669277293e-20,1.23525113653415,0.434,0.133,8.68619942488364e-16,"7","CAPNS1"
5.00474782988609e-20,0.732378325662814,0.904,0.505,1.1160587660646e-15,"7","TSPO"
5.84779994991e-20,1.40831813112108,0.434,0.14,1.30405938882993e-15,"7","MAP2K3"
6.55208314885893e-20,1.2952170611814,0.566,0.214,1.46111454219554e-15,"7","SUPT4H1"
6.93435522973293e-20,0.410339621084165,1,0.994,1.54636121623044e-15,"7","MT-CO2"
8.7551313256942e-20,0.764700740871954,0.64,0.24,1.95239428562981e-15,"7","AP1S2"
1.08450680039937e-19,0.871156887878713,0.875,0.453,2.41845016489059e-15,"7","ITGB2"
1.55187265234837e-19,1.46187510768204,0.368,0.106,3.46067601473687e-15,"7","ARPC1B"
1.71686760926981e-19,1.5025678114791,0.36,0.103,3.82861476867167e-15,"7","RABGAP1L"
2.30328839048554e-19,1.35096641593733,0.419,0.131,5.13633311078275e-15,"7","ADA2"
3.49443084461086e-19,1.30902657343942,0.316,0.083,7.79258078348221e-15,"7","SIPA1L1"
4.04575863625292e-19,0.948804201285165,0.831,0.402,9.02204175884401e-15,"7","LRRFIP1"
4.18522530890697e-19,1.22362627672068,0.404,0.123,9.33305243886255e-15,"7","ERICH1"
4.23720948967322e-19,0.944697688333845,0.537,0.188,9.44897716197127e-15,"7","HLA-DMA"
4.91435176010626e-19,1.15182635334952,0.544,0.197,1.0959004425037e-14,"7","VPS29"
6.56988025665218e-19,1.30155865155822,0.456,0.153,1.46508329723344e-14,"7","ZNF706"
7.41773755784737e-19,1.25284535843923,0.463,0.161,1.65415547539996e-14,"7","SNX27"
8.09308072628713e-19,1.26711246780511,0.559,0.214,1.80475700196203e-14,"7","PPP1CA"
9.2260182380357e-19,0.627917537921478,0.993,0.841,2.05740206708196e-14,"7","CFL1"
1.36530839355397e-18,1.50976291600448,0.272,0.067,3.04463771762535e-14,"7","VPS53"
1.5073201159279e-18,1.16141219250638,0.596,0.238,3.36132385851923e-14,"7","ARL4A"
1.57059515718899e-18,1.56148296942915,0.353,0.104,3.50242720053144e-14,"7","CSK"
1.70409036370324e-18,1.39937671221388,0.301,0.079,3.80012151105823e-14,"7","RYBP"
2.13713094200788e-18,0.919610447202209,0.522,0.182,4.76580200067758e-14,"7","AC004687.1"
2.69601768437144e-18,0.829290219072849,0.904,0.529,6.01211943614832e-14,"7","RNASEK"
2.96853334260471e-18,0.814131421468074,0.971,0.636,6.6198293540085e-14,"7","GMFG"
4.60002218807896e-18,1.41885880126613,0.301,0.08,1.02580494794161e-13,"7","MAP2K1"
4.86208827392333e-18,1.20730888421736,0.346,0.099,1.0842456850849e-13,"7","CHMP4B"
5.20469036577435e-18,1.03945129968364,0.603,0.242,1.16064595156768e-13,"7","WSB1"
5.32422608227083e-18,1.39857107672108,0.324,0.092,1.1873024163464e-13,"7","CTSZ"
5.7990153297569e-18,0.737081506635141,0.588,0.218,1.29318041853579e-13,"7","GRN"
6.33394589360514e-18,0.615966663426162,1,0.869,1.41246993427395e-13,"7","MT-RNR1"
6.52764497125228e-18,1.10277986261946,0.419,0.133,1.45566482858926e-13,"7","MIEN1"
7.20635272294568e-18,1.06819046074187,0.478,0.164,1.60701665721689e-13,"7","LAMTOR2"
7.75254998816837e-18,1.31252060726319,0.574,0.228,1.72881864736155e-13,"7","CTNNB1"
8.51920939510898e-18,0.991340140984069,0.515,0.181,1.8997836951093e-13,"7","DBNL"
8.87467556138097e-18,1.00341018962766,0.574,0.22,1.97905265018796e-13,"7","ENY2"
9.16671444293169e-18,1.18424725844709,0.404,0.128,2.04417732077377e-13,"7","CDV3"
9.64971599133318e-18,0.981848759552439,0.662,0.282,2.1518866660673e-13,"7","MSN"
1.06654713462575e-17,0.511684070402383,1,0.915,2.37840011021542e-13,"7","ATP5E"
1.11770659324081e-17,0.859326285355791,0.25,0.058,2.49248570292701e-13,"7","AQP9"
1.19191146508907e-17,1.17125425630383,0.353,0.103,2.65796256714863e-13,"7","PKN1"
1.2891976923016e-17,1.14819037384555,0.287,0.074,2.87491085383257e-13,"7","DMXL2"
1.83916249290197e-17,1.18328448066008,0.382,0.12,4.10133235917139e-13,"7","SCPEP1"
2.19198363544638e-17,1.17868705984011,0.331,0.095,4.88812350704543e-13,"7","SKIL"
2.29747734205696e-17,1.38237702083269,0.324,0.093,5.12337447278702e-13,"7","CTSH"
2.34020972091582e-17,1.00689124330933,0.801,0.439,5.21866767764228e-13,"7","HIGD2A"
2.51365999592131e-17,1.02983099214453,0.382,0.117,5.60546179090452e-13,"7","ATP6V0D1"
2.65695442282066e-17,0.854569281318472,0.846,0.463,5.92500836289007e-13,"7","PFN1P1"
2.72220018417169e-17,0.92582043527223,0.75,0.357,6.07050641070288e-13,"7","HERPUD1"
2.80773156046907e-17,0.831883654749882,0.838,0.433,6.26124137984603e-13,"7","CLIC1"
2.8583282628369e-17,1.17967621813373,0.419,0.138,6.37407202612629e-13,"7","MPC1"
3.00100508030003e-17,1.13120572486065,0.338,0.098,6.69224132906907e-13,"7","CEBPD"
3.3066708515975e-17,1.32121594180799,0.346,0.104,7.37387599906243e-13,"7","Metazoa-SRP.18"
3.44090748283484e-17,0.943741029986626,0.529,0.193,7.67322368672168e-13,"7","OSTF1"
3.47767676452301e-17,1.07359567343742,0.603,0.249,7.75521918488631e-13,"7","SNX3"
3.66838742050825e-17,0.725382030748333,0.941,0.538,8.1805039477334e-13,"7","S100A10"
3.89521101727132e-17,0.693770710945885,0.963,0.725,8.68632056851504e-13,"7","ITM2B"
5.23521038020558e-17,1.43232103185521,0.294,0.08,1.16745191478584e-12,"7","MRPS35"
6.08406271184547e-17,0.92398597427039,0.765,0.371,1.35674598474154e-12,"7","CAPZB"
6.17542650270906e-17,1.52212864320398,0.279,0.076,1.37712011010412e-12,"7","NEU1"
8.91742127851787e-17,1.69337054806253,0.257,0.068,1.98858494510949e-12,"7","MBD2"
9.03103064300782e-17,1.05244040315592,0.529,0.208,2.01391983339074e-12,"7","CHP1"
9.58945621329721e-17,0.623489270455437,0.978,0.744,2.13844873556528e-12,"7","SH3BGRL3"
1.11410514629974e-16,0.834460955523033,0.897,0.548,2.48445447624841e-12,"7","NACA3P"
1.35928268550025e-16,1.66053760373941,0.25,0.064,3.03120038866555e-12,"7","RAPGEF1"
1.61950627024517e-16,1.0003067428008,0.581,0.241,3.61149898264673e-12,"7","ATP6AP2"
1.78634773467588e-16,1.48776651776293,0.257,0.067,3.98355544832721e-12,"7","PMVK"
1.83215096746692e-16,1.41566506104357,0.25,0.063,4.08569665745123e-12,"7","TRIM8"
1.84863684663483e-16,1.11355875763958,0.397,0.131,4.12246016799566e-12,"7","TPP1"
1.99745228447935e-16,1.16859391458857,0.301,0.083,4.45431859438895e-12,"7","GRK6"
2.03796975683559e-16,0.905848475716082,0.574,0.22,4.54467255774337e-12,"7","BAX"
2.49373400096442e-16,1.19696703234603,0.309,0.089,5.56102682215066e-12,"7","SH2B3"
3.27672510513394e-16,1.21717154515333,0.412,0.143,7.30709698444868e-12,"7","SMAP2"
5.98781443176767e-16,1.35184682391204,0.257,0.066,1.33528261828419e-11,"7","FAM117B"
6.1368174444969e-16,0.918263975072258,0.787,0.436,1.36851029012281e-11,"7","LSP1"
6.51738229742902e-16,1.23156186844334,0.324,0.097,1.45337625232667e-11,"7","IER5"
6.5425961822905e-16,0.819556430088725,0.684,0.305,1.45899894865078e-11,"7","AP2S1"
7.04948213274237e-16,0.601436348517969,0.993,0.703,1.57203451560155e-11,"7","CYBA"
7.56022973307749e-16,1.49071858350925,0.309,0.092,1.68593123047628e-11,"7","AC016734.1"
1.10399463047122e-15,1.36617087397914,0.257,0.068,2.46190802595082e-11,"7","MED29"
1.3298523760465e-15,0.945165494236559,0.566,0.235,2.9655707985837e-11,"7","VMP1"
1.70255697736471e-15,1.10126466829255,0.324,0.099,3.79670205952331e-11,"7","EIF4EBP1"
1.76217035883089e-15,1.31953287816508,0.316,0.097,3.92963990019289e-11,"7","PARVG"
2.27869375687733e-15,0.775180171235433,0.919,0.565,5.08148707783645e-11,"7","CORO1A"
2.29112587162445e-15,1.03893482417213,0.265,0.072,5.10921069372252e-11,"7","IRF8"
3.17992664065391e-15,0.919192484793667,0.419,0.145,7.09123640865822e-11,"7","ATOX1"
3.57931290478141e-15,0.948782166508464,0.404,0.136,7.98186777766255e-11,"7","GNB1"
3.61090216923483e-15,0.967304115502677,0.618,0.278,8.05231183739366e-11,"7","COX5A"
4.2112775951295e-15,0.773462412697131,0.934,0.618,9.39114903713879e-11,"7","CDC42"
4.61920501166999e-15,0.909080419380156,0.382,0.124,1.03008271760241e-10,"7","SHKBP1"
4.8012897783577e-15,1.10572410317549,0.324,0.099,1.07068762057377e-10,"7","SPPL2A"
5.35234415133384e-15,1.42781136626373,0.265,0.075,1.19357274574745e-10,"7","MCRIP2"
5.57095835270235e-15,0.982625115621243,0.434,0.154,1.24232371265262e-10,"7","ARHGAP30"
5.70667673563558e-15,0.783985398754538,0.691,0.31,1.27258891204673e-10,"7","ARPC4"
5.9140998371564e-15,1.09360776784681,0.382,0.131,1.31884426368588e-10,"7","EIF6"
6.19298903225516e-15,0.350754833693058,1,0.98,1.3810365541929e-10,"7","RPL8"
6.56621424556012e-15,1.02051895289326,0.574,0.254,1.46426577675991e-10,"7","AC020916.1"
8.35724331852604e-15,1.06959459484477,0.493,0.195,1.86366526003131e-10,"7","PTGER4"
8.59988342826056e-15,0.75783501404625,0.691,0.306,1.91777400450211e-10,"7","RAC1"
9.65138421919954e-15,1.01370436073202,0.382,0.128,2.1522586808815e-10,"7","CMTM7"
1.20487775429344e-14,1.23544162853242,0.324,0.103,2.68687739207437e-10,"7","ZNF106"
1.44157676366826e-14,0.955641851410995,0.412,0.147,3.21471618298022e-10,"7","CDKN1A"
1.46459347631778e-14,0.929526766906797,0.632,0.291,3.26604345218865e-10,"7","RBX1"
1.52257289321188e-14,1.12319190095557,0.301,0.091,3.39533755186248e-10,"7","BCL2L11"
1.5883956359184e-14,1.00555150170953,0.397,0.138,3.54212226809802e-10,"7","TMSB4XP8"
1.82914050316952e-14,1.12712594446984,0.39,0.14,4.07898332206802e-10,"7","NDUFB3"
2.49955526039822e-14,0.952017113415029,0.559,0.245,5.57400823068803e-10,"7","DDX21"
2.6167033991442e-14,0.996909567713618,0.353,0.116,5.83524858009156e-10,"7","HACD4"
3.10100063709859e-14,1.17066552755569,0.272,0.079,6.91523142072986e-10,"7","FAM46A"
3.3531419117249e-14,0.949973167686937,0.434,0.157,7.47750646314652e-10,"7","WAS"
3.43631057621011e-14,0.736030554653236,0.551,0.226,7.66297258494855e-10,"7","C4orf48"
4.01921598811028e-14,0.804088551425586,0.566,0.23,8.96285165348592e-10,"7","ANAPC11"
4.23435408251218e-14,1.08400165538572,0.375,0.133,9.44260960400215e-10,"7","ETV6"
4.26053185081351e-14,0.840756505370143,0.493,0.193,9.50098602731413e-10,"7","CNPY3"
4.38753246510744e-14,1.1654101941042,0.331,0.108,9.78419739718958e-10,"7","DEDD2"
4.65539542407738e-14,1.37875998739475,0.279,0.084,1.03815317956926e-09,"7","SLC35F6"
4.76100717652864e-14,0.732057693851403,0.669,0.303,1.06170460036589e-09,"7","PSMB3"
5.02918163035188e-14,0.704872758017443,0.919,0.621,1.12150750356847e-09,"7","COX6B1"
5.51104721378066e-14,0.610717435951034,0.963,0.677,1.22896352867309e-09,"7","ZFP36"
5.84202524442489e-14,0.811618513225149,0.559,0.231,1.30277162950675e-09,"7","CLEC2B"
6.668137314295e-14,1.25707812942814,0.353,0.125,1.48699462108779e-09,"7","CAT"
6.96227444050472e-14,1.11912289984824,0.272,0.081,1.55258720023255e-09,"7","DUSP6"
9.13974940808254e-14,1.29229961080586,0.36,0.129,2.03816411800241e-09,"7","STX10"
1.00999233511271e-13,0.930987432505403,0.522,0.218,2.25228290730135e-09,"7","MIDN"
1.2413920881585e-13,0.905932905701646,0.426,0.158,2.76830435659346e-09,"7","SFT2D1"
1.2486611082589e-13,1.33161848837187,0.272,0.082,2.78451427141735e-09,"7","AL158801.4"
1.32708219918881e-13,1.00276184624853,0.301,0.093,2.95939330419104e-09,"7","DOCK2"
1.55315297249984e-13,0.697918979959459,0.566,0.233,3.46353112867465e-09,"7","RAP2B"
1.58839861822289e-13,0.985028419091139,0.493,0.205,3.54212891863705e-09,"7","ADGRE5"
1.70245857871258e-13,0.681473937034224,0.882,0.513,3.79648263052905e-09,"7","COX5B"
1.76539829002172e-13,1.03753239732388,0.301,0.094,3.93683818674843e-09,"7","GNA13"
1.91520835222854e-13,0.672490238250116,0.816,0.461,4.27091462546965e-09,"7","GSTP1"
2.02694728029466e-13,0.979896394403224,0.493,0.205,4.52009243505709e-09,"7","H3F3AP4"
2.15037607512243e-13,0.669302613094802,0.912,0.548,4.79533864752303e-09,"7","MTCO1P12"
2.30840556730912e-13,0.824694918962455,0.522,0.211,5.14774441509935e-09,"7","PSMB6"
2.37651304716406e-13,1.06132530363071,0.382,0.138,5.29962409517586e-09,"7","TAOK3"
2.46352785876659e-13,0.901922231001802,0.625,0.287,5.4936671250495e-09,"7","ATP5B"
2.47098551231161e-13,1.2351538792202,0.265,0.079,5.51029769245489e-09,"7","MT2P1"
4.41739191771772e-13,1.02242478558366,0.5,0.211,9.85078397651052e-09,"7","GNAI3"
4.66254588679967e-13,0.79887152396141,0.463,0.181,1.03974773275633e-08,"7","PRKCB"
5.22990550486307e-13,0.981992792593816,0.456,0.181,1.16626892758447e-08,"7","GRB2"
5.54523403808936e-13,0.961560597183753,0.338,0.115,1.23658719049393e-08,"7","RIOK3"
6.0095072317156e-13,0.770464459783622,0.75,0.387,1.34012011267258e-08,"7","BRK1"
6.87562712992252e-13,0.979567838116868,0.331,0.112,1.53326484997272e-08,"7","SP3"
8.28564510460089e-13,0.704712366828726,0.831,0.497,1.847698858326e-08,"7","COX7B"
8.52767796032792e-13,1.009093635629,0.39,0.142,1.90167218515313e-08,"7","ERP44"
8.84152694739159e-13,1.08081122817755,0.309,0.102,1.97166050926832e-08,"7","NCKAP1L"
9.48059510403184e-13,0.991775171896311,0.353,0.125,2.1141727081991e-08,"7","IDH3G"
9.60328729003119e-13,0.872522220145941,0.449,0.175,2.14153306567696e-08,"7","CLTA"
1.0346276902905e-12,0.473072035027486,0.971,0.702,2.30721974934782e-08,"7","VIM"
1.03627683410136e-12,0.608386954074919,0.522,0.206,2.31089734004603e-08,"7","H2AFY"
1.07561582620162e-12,1.13672563553536,0.324,0.112,2.39862329242961e-08,"7","PAG1"
1.13936147456039e-12,0.800759540134493,0.632,0.295,2.54077608826966e-08,"7","RPS19P3"
1.21353022384696e-12,0.596737137953791,0.669,0.309,2.70617239917873e-08,"7","CTSD"
1.26796489946006e-12,0.697274641840862,0.904,0.589,2.82756172579593e-08,"7","SERP1"
1.32213173042796e-12,0.975842477142155,0.294,0.096,2.94835375885436e-08,"7","MEF2C"
1.42865473268698e-12,0.529017295617953,0.993,0.846,3.18590005389198e-08,"7","PABPC1"
1.67380617090285e-12,0.95273886726649,0.478,0.208,3.73258776111336e-08,"7","MOB1A"
2.23071503109194e-12,0.864126344995754,0.397,0.147,4.97449451933502e-08,"7","NR1H2"
2.27343708224446e-12,0.805919430218978,0.412,0.156,5.06976469340515e-08,"7","SAMHD1"
2.41689351589351e-12,0.932981676703924,0.463,0.191,5.38967254044253e-08,"7","CASP4"
2.51952767699297e-12,0.348464495632348,1,0.983,5.61854671969433e-08,"7","RPS9"
2.56161746008517e-12,0.876062097242144,0.603,0.281,5.71240693598993e-08,"7","CELF2"
2.80852906661087e-12,0.393091557581911,1,0.935,6.26301981854224e-08,"7","PFDN5"
3.07491351144127e-12,0.689614270955934,0.544,0.235,6.85705713051404e-08,"7","IQGAP1"
3.37343189339994e-12,0.50206449648624,0.537,0.225,7.52275312228187e-08,"7","ATP2B1"
3.51903293444129e-12,0.794655665450615,0.588,0.269,7.84744344380407e-08,"7","CD47"
3.54063590646169e-12,0.53548770185138,0.971,0.727,7.89561807140956e-08,"7","LAPTM5"
3.64922177359266e-12,1.05520060807178,0.257,0.079,8.13776455511164e-08,"7","TSPAN14"
3.82082256133269e-12,0.734543042237624,0.632,0.294,8.5204343117719e-08,"7","BLOC1S1"
3.97981872774222e-12,0.702278764302119,0.779,0.408,8.87499576286514e-08,"7","SLC25A3"
4.20677594427681e-12,0.878722399342149,0.699,0.381,9.38111035573729e-08,"7","SLC25A6.1"
4.9746477492094e-12,0.708975462172052,0.463,0.186,1.1093464480737e-07,"7","TLE4"
6.04845313712376e-12,0.631937154358621,0.544,0.237,1.3488050495786e-07,"7","TALDO1"
7.53156200016868e-12,0.937821947553859,0.368,0.139,1.67953832603761e-07,"7","PGAM1"
9.18278639313646e-12,1.16504977821679,0.324,0.118,2.04776136566943e-07,"7","CARD19"
1.23110619996458e-11,0.771360435976403,0.551,0.247,2.74536682592102e-07,"7","HCLS1"
1.25094172025205e-11,0.848324027178339,0.426,0.174,2.78960003616206e-07,"7","REEP5"
1.3982343255981e-11,0.930509133166779,0.287,0.095,3.11806254608377e-07,"7","BORCS7"
2.0831812730272e-11,0.656096706193881,0.625,0.296,4.64549423885065e-07,"7","ACTR2"
2.17316103003094e-11,0.842073221819857,0.272,0.088,4.84614909696899e-07,"7","PTGER2"
2.18390724544876e-11,0.632712514488457,0.765,0.422,4.87011315735074e-07,"7","POMP"
2.20752513023068e-11,0.725862034986037,0.765,0.404,4.92278104041442e-07,"7","LIMD2"
2.41852404190132e-11,1.15461585545798,0.331,0.127,5.39330861343994e-07,"7","NANS"
2.75569860920901e-11,0.839812403258152,0.346,0.128,6.14520789853609e-07,"7","PFKFB3"
3.57797994340527e-11,0.967753270058381,0.25,0.08,7.97889527379375e-07,"7","GYG1"
3.83921281732452e-11,0.664719206894478,0.632,0.316,8.56144458263368e-07,"7","MYADM"
3.84551276159702e-11,0.622274717291328,0.838,0.481,8.57549345836134e-07,"7","GPX4"
3.95517804613728e-11,0.943182086179386,0.301,0.106,8.82004704288614e-07,"7","AKR1A1"
4.04708999771131e-11,0.648361923287918,0.794,0.454,9.02501069489621e-07,"7","ARL6IP4"
4.15985450815588e-11,0.590567475451321,0.875,0.557,9.27647555318761e-07,"7","MYL12B"
5.13662855663454e-11,0.843048423863444,0.75,0.456,1.1454681681295e-06,"7","SOD1"
6.09774166343326e-11,0.66467538539283,0.515,0.224,1.35979639094562e-06,"7","FOSL2"
6.30174981381334e-11,0.740954185858106,0.647,0.311,1.40529020848037e-06,"7","PSMB9"
6.69846808249753e-11,0.846138449800086,0.39,0.153,1.49375838239695e-06,"7","SNHG15"
6.88260687437625e-11,1.01440061206098,0.36,0.143,1.5348213329859e-06,"7","CORO1B"
1.07124914247027e-10,0.991291123448361,0.265,0.09,2.38888558770871e-06,"7","ASNA1"
1.07665025268854e-10,0.832843045565383,0.368,0.14,2.40093006349544e-06,"7","TMC6"
1.12876725050188e-10,0.733332722185618,0.368,0.144,2.5171509686192e-06,"7","IFNGR1"
1.28814372540536e-10,0.988862852592245,0.353,0.14,2.87256050765396e-06,"7","SDHB"
1.4265913028159e-10,0.677120246405984,0.551,0.251,3.18129860527945e-06,"7","PSMB8"
1.43266000348437e-10,0.969419614374125,0.309,0.114,3.19483180777015e-06,"7","SMS"
1.569513313662e-10,0.794253881917339,0.426,0.179,3.50001468946626e-06,"7","IGBP1"
1.65072291450771e-10,0.557212219655888,0.963,0.718,3.6811120993522e-06,"7","SRSF5"
1.85798867332038e-10,0.78622988375633,0.324,0.12,4.14331474150445e-06,"7","VMA21"
1.89062315663864e-10,0.843428816458977,0.346,0.137,4.21608963930416e-06,"7","SGK1"
1.94978283315067e-10,1.03536800144211,0.331,0.13,4.348015717926e-06,"7","DOCK8"
2.04209134640657e-10,0.728740364160402,0.375,0.147,4.55386370248664e-06,"7","CYC1"
2.23306025376223e-10,0.80489390051209,0.449,0.198,4.97972436588976e-06,"7","CALM3"
2.31939278920162e-10,0.82312092337874,0.36,0.141,5.17224591991961e-06,"7","PSMB2"
2.40840357375655e-10,0.890581121223167,0.449,0.196,5.3707399694771e-06,"7","RAB5C"
2.52957765243815e-10,0.65068383140552,0.743,0.414,5.64095816493707e-06,"7","TUBA1A"
2.84948906787561e-10,0.765669726082386,0.36,0.141,6.35436062136261e-06,"7","HMGN2"
2.98271309133037e-10,0.694911963999996,0.316,0.116,6.65145019366674e-06,"7","AOAH"
3.08514404688494e-10,0.738414971208291,0.434,0.183,6.87987122455342e-06,"7","SSR3"
3.08684724637049e-10,0.814927227721327,0.301,0.11,6.8836693594062e-06,"7","SRA1"
3.15422640705739e-10,0.68446014501297,0.507,0.23,7.03392488773799e-06,"7","ZFP36L1"
3.18493406801722e-10,0.887461632585215,0.324,0.122,7.1024029716784e-06,"7","STK10"
3.20795450780354e-10,0.68695123259922,0.574,0.272,7.1537385524019e-06,"7","RTN4"
3.44491848157602e-10,0.55385194224972,0.824,0.505,7.68216821391451e-06,"7","COX8A"
3.65410249117217e-10,0.987991350209213,0.257,0.089,8.14864855531393e-06,"7","EIF4E2"
3.7058387466682e-10,0.787424127971904,0.397,0.164,8.26402040507009e-06,"7","PPT1"
3.75302320238828e-10,0.935198903012293,0.279,0.1,8.36924174132587e-06,"7","TACC1"
3.78133368146651e-10,0.760621360608197,0.316,0.118,8.43237410967032e-06,"7","TLN1"
4.00343195111471e-10,0.818974978929054,0.25,0.085,8.9276532509858e-06,"7","TM9SF2"
4.07652844622067e-10,0.878166120761298,0.346,0.139,9.09065843507209e-06,"7","CBX6"
4.11926440535181e-10,0.964286422003108,0.375,0.157,9.18595962393453e-06,"7","NDUFB5"
4.52653577455541e-10,0.763379482885428,0.507,0.243,1.00941747772586e-05,"7","BST2"
4.53918281015022e-10,0.638402059648464,0.426,0.176,1.0122377666635e-05,"7","WDR1"
4.57211160227422e-10,0.847717660599573,0.412,0.176,1.01958088730715e-05,"7","LSM6"
4.67671984152911e-10,0.719637920884109,0.279,0.099,1.04290852466099e-05,"7","NABP1"
4.69881438729656e-10,0.886707333160244,0.294,0.107,1.04783560836713e-05,"7","TWF2"
6.32360151671801e-10,0.820077223753637,0.397,0.169,1.41016313822812e-05,"7","RASGRP2"
6.45119188112452e-10,0.753739398209265,0.485,0.222,1.43861578949077e-05,"7","ACTR3"
6.92952916729646e-10,0.731290427189688,0.368,0.147,1.54528500430711e-05,"7","GNG2"
7.43765280983727e-10,0.883668040207168,0.309,0.118,1.65859657659371e-05,"7","TXNDC17"
8.14639918545936e-10,0.509848119854946,0.882,0.586,1.81664701835744e-05,"7","CD37"
8.64344246489884e-10,0.963478849240603,0.279,0.104,1.92748766967244e-05,"7","FAM96A"
9.24523011328862e-10,0.680637537696,0.713,0.388,2.06168631526336e-05,"7","CAPZA1"
9.50997859094799e-10,0.338101102151575,1,0.899,2.1207252257814e-05,"7","FOS"
9.55420744898781e-10,0.850362267375708,0.375,0.161,2.13058826112428e-05,"7","PAFAH1B2"
9.8589440041107e-10,0.678278166596369,0.316,0.121,2.19854451291669e-05,"7","JAML"
9.9792566190153e-10,0.615966939411475,0.779,0.464,2.22537422604041e-05,"7","COX6A1"
1.01429862655739e-09,0.670701866305251,0.544,0.264,2.26188593722297e-05,"7","CD55"
1.08215549620251e-09,1.02199031279054,0.301,0.116,2.41320675653159e-05,"7","LSM10"
1.12154611590853e-09,0.762260303812391,0.39,0.163,2.50104783847603e-05,"7","MINOS1"
1.13322775300533e-09,0.823592933646286,0.287,0.105,2.52709788920188e-05,"7","PLEKHA2"
1.28935994324316e-09,0.756022347389617,0.36,0.146,2.87527267343226e-05,"7","RNF181"
1.31922913570888e-09,0.709659345594198,0.529,0.259,2.9418809726308e-05,"7","PSMA4"
1.35662949487455e-09,0.784178546351458,0.36,0.148,3.02528377357024e-05,"7","IDH2"
1.42568906973673e-09,0.740986961450905,0.353,0.142,3.17928662551291e-05,"7","NR4A3"
1.52450232293601e-09,0.847226422244669,0.301,0.116,3.39964018014731e-05,"7","PCMT1"
1.5783357711566e-09,0.64134805782754,0.691,0.35,3.51968876967921e-05,"7","TBCA"
1.73379295714428e-09,0.552343105767734,0.529,0.239,3.86635829443175e-05,"7","GNAS"
1.97248341459282e-09,0.464958481877728,0.706,0.35,4.39863801454199e-05,"7","ATP5J2"
2.04298698910093e-09,0.82959164009737,0.346,0.138,4.55586098569508e-05,"7","FAM32A"
2.16745359675602e-09,0.606109206266629,0.654,0.355,4.83342152076592e-05,"7","PRR13"
2.42650903078538e-09,0.45618800764428,0.926,0.597,5.41111513865139e-05,"7","ELOB"
2.6956955796374e-09,0.575434306316519,0.603,0.305,6.0114011425914e-05,"7","ARL6IP5"
3.03373575560893e-09,0.748970795983062,0.412,0.18,6.76523073500792e-05,"7","MGST3"
3.20227744331785e-09,0.867831316512326,0.279,0.105,7.14107869859879e-05,"7","CMC2"
3.32689063818352e-09,0.702353848907991,0.397,0.17,7.41896612314926e-05,"7","CCDC12"
3.73515398569967e-09,0.788485116470522,0.419,0.188,8.32939338811027e-05,"7","VDAC1"
3.84380431227015e-09,0.550540572432613,0.338,0.134,8.57168361636243e-05,"7","AGTRAP"
4.00849849153772e-09,0.715459385969373,0.353,0.145,8.93895163612912e-05,"7","MRPS36"
4.32264277298585e-09,0.749024640326917,0.309,0.119,9.63949338375844e-05,"7","AIP"
4.96490116378075e-09,0.515514105079397,0.669,0.336,0.000110717295952311,"7","CD53"
5.75689633562951e-09,0.979597434817628,0.257,0.096,0.000128378788284538,"7","AC116347.1"
5.92159907409598e-09,0.728245673919424,0.331,0.133,0.00013205165935234,"7","SYTL1"
6.43506910296289e-09,0.60307388347654,0.434,0.193,0.000143502040996072,"7","NDUFA6"
6.53105243372205e-09,0.763494276808165,0.257,0.095,0.000145642469272002,"7","RAB11FIP1"
6.7458068636323e-09,0.677041659385973,0.647,0.356,0.000150431493059,"7","PPP1CB"
8.47369132767335e-09,0.535832150490034,0.919,0.628,0.000188963316607116,"7","ZFAS1"
8.53258228236667e-09,0.345250364663704,0.993,0.909,0.000190276584896777,"7","SERF2"
9.39631028496679e-09,0.91080792230926,0.25,0.092,0.000209537719354759,"7","CEBPB"
9.70427203259565e-09,0.423045717129763,0.706,0.378,0.000216405266326883,"7","LCP1"
1.11253694966501e-08,0.529932358230109,0.39,0.167,0.000248095739775298,"7","SELENOS"
1.20212689195265e-08,0.587985292216743,0.441,0.199,0.00026807429690544,"7","PSMD8"
1.21193784609638e-08,0.768487914806246,0.272,0.105,0.000270262139679493,"7","HLA-DMB"
1.22964151411087e-08,0.818272456192835,0.324,0.134,0.000274210057646724,"7","ATP1A1"
1.27561123868984e-08,0.64508687314757,0.485,0.231,0.000284461306227833,"7","VPS28"
1.32768529428081e-08,0.63645116246711,0.316,0.125,0.000296073820624622,"7","HM13"
1.33956353957368e-08,0.653214008536076,0.441,0.206,0.00029872266932493,"7","BNIP2"
1.44115159945194e-08,0.620134494197828,0.324,0.131,0.000321376806677783,"7","PARP14"
1.55107712308439e-08,0.79495805993842,0.265,0.1,0.000345890198447819,"7","PLEKHB2"
1.64015735525104e-08,0.523008033882571,0.456,0.209,0.000365755090220983,"7","GABARAPL1"
1.74440980878126e-08,0.346654529970176,0.978,0.803,0.000389003387358221,"7","CD52"
1.77139658799982e-08,0.717359283681289,0.265,0.1,0.00039502143912396,"7","ARF5"
1.89790718572758e-08,0.657222452027367,0.279,0.109,0.000423233302417249,"7","APOBEC3C"
1.95546902803607e-08,0.682153534488266,0.338,0.142,0.000436069593252043,"7","MCRIP1"
2.01668334488767e-08,0.257382044703783,0.772,0.418,0.000449720385909951,"7","MCL1"
2.04990956004196e-08,0.781372168543115,0.368,0.163,0.000457129831889357,"7","DRAM2"
2.11312152638808e-08,0.52488801341658,0.632,0.306,0.000471226100384541,"7","CCT8"
2.15077607190156e-08,0.747188521329349,0.294,0.118,0.000479623064034048,"7","NDUFAF3"
2.35267395769404e-08,0.747664648713318,0.441,0.208,0.00052464629256577,"7","RAB7A"
2.56034294421067e-08,0.782714217637441,0.449,0.219,0.000570956476558979,"7","COX17"
2.86854340363951e-08,0.717148537270227,0.301,0.122,0.00063968517901161,"7","SPAG7"
2.90502383973915e-08,0.611783364282589,0.382,0.17,0.000647820316261831,"7","CHMP2A"
3.08143138069011e-08,0.481871237828293,0.324,0.136,0.000687159197893893,"7","PMAIP1"
3.15134844162334e-08,0.716877558001753,0.441,0.21,0.000702750702482004,"7","CSNK2B"
3.22606591341406e-08,0.852566348046193,0.257,0.099,0.000719412698691335,"7","GNAQ"
3.37371565805064e-08,0.66960634677053,0.353,0.153,0.000752338591745294,"7","ANP32A"
3.7179348630896e-08,0.480598691799288,0.456,0.217,0.000829099474468982,"7","APLP2"
3.88071093016677e-08,0.516408832335918,0.904,0.623,0.000865398537427189,"7","NDUFA4"
3.95008413365634e-08,0.657746907219641,0.353,0.155,0.000880868761805365,"7","SPG21"
4.22485498668206e-08,0.734539552230189,0.346,0.152,0.000942142662030098,"7","RNF145"
4.2370635777489e-08,0.522665610035397,0.471,0.224,0.000944865177838006,"7","SCP2"
4.66705866679891e-08,0.514711345210285,0.316,0.129,0.00104075408269616,"7","SH3GLB1"
4.91154434075321e-08,0.511070540377358,0.434,0.209,0.00109527438798797,"7","TUBB"
5.01253027066552e-08,0.829273536752421,0.324,0.14,0.00111779425035841,"7","RBCK1"
5.54591004513515e-08,0.595390891384745,0.426,0.201,0.00123673794006514,"7","CBX3"
6.11295678087004e-08,0.837815243490653,0.331,0.148,0.00136318936213402,"7","BANF1"
6.23111183495774e-08,0.688333746149505,0.382,0.173,0.00138953793919558,"7","BCAP31"
6.29518313503099e-08,0.89641480467107,0.316,0.138,0.00140382583911191,"7","ARHGAP4"
6.69865035838604e-08,0.878526696163656,0.346,0.158,0.00149379902992009,"7","C1orf43"
6.98919284443232e-08,0.607155659837736,0.316,0.133,0.00155859000430841,"7","PSENEN"
7.47222478205686e-08,0.356002197267257,0.787,0.439,0.00166630612639868,"7","DAZAP2"
7.69018550877784e-08,0.493525602287714,0.588,0.307,0.00171491136845746,"7","COPE"
7.71395217354391e-08,0.281499935773198,0.544,0.257,0.00172021133470029,"7","SERPINB1"
8.29658362362526e-08,0.729113902688925,0.39,0.183,0.00185013814806843,"7","TBCB"
8.63052708133324e-08,0.595209850315128,0.816,0.542,0.00192460753913731,"7","CD48"
8.91248200432761e-08,0.676504772235489,0.419,0.202,0.00198748348696506,"7","HADHA"
8.95006515963239e-08,0.698155481240179,0.36,0.163,0.00199586453059802,"7","REL"
9.24435075233408e-08,0.818521552503516,0.331,0.148,0.0020614902177705,"7","FAM204A"
1.14806555949168e-07,0.693673895594349,0.324,0.142,0.00256018619766644,"7","PPP4C"
1.30075524267657e-07,0.553841169803163,0.338,0.15,0.00290068419116875,"7","TMEM167A"
1.35260190587261e-07,0.611871477841607,0.507,0.263,0.00301630225009592,"7","C7orf73"
1.36804863902954e-07,0.760315248556123,0.368,0.174,0.00305074846503587,"7","NME2P1"
1.51477108613074e-07,0.534255317642246,0.441,0.214,0.00337793952207155,"7","ELOC"
1.54004231309548e-07,0.46525237997077,0.868,0.635,0.00343429435820291,"7","STK17B"
1.74861938420662e-07,0.446371695515914,0.574,0.295,0.00389942122678076,"7","LAMTOR5"
1.80450609324853e-07,0.702730199508529,0.324,0.143,0.00402404858794423,"7","NUCB1"
1.90646779765658e-07,0.500361068680231,0.368,0.167,0.00425142318877418,"7","ELMSAN1"
2.22620372457561e-07,0.680912292641392,0.331,0.146,0.00496443430580361,"7","EMC7"
2.35934486872291e-07,0.543009031621988,0.463,0.227,0.0052613390572521,"7","RNF7"
2.6381524712641e-07,0.413742786694478,0.574,0.294,0.00588308001091895,"7","WDR83OS"
2.6600932948181e-07,0.620785104095202,0.382,0.178,0.00593200804744437,"7","SNRPD3"
2.91483882394997e-07,0.560148038849561,0.544,0.284,0.00650009057740843,"7","SEPT9"
2.93947643415516e-07,0.459558819108166,0.699,0.391,0.00655503244816601,"7","GSTK1"
3.07276749926229e-07,0.827943452623615,0.257,0.107,0.0068522715233549,"7","CD46"
3.43160141689339e-07,0.479494420324553,0.662,0.369,0.00765247115967226,"7","PSMB1"
3.51514942240687e-07,0.654086152749932,0.324,0.146,0.00783878321196731,"7","SSNA1"
3.70587306649621e-07,0.627797577449162,0.338,0.154,0.00826409693828655,"7","KDM6B"
3.75924337970534e-07,0.363144440182482,0.963,0.781,0.00838311273674291,"7","ARHGDIB"
4.13479557386975e-07,0.379559694107645,0.743,0.448,0.00922059412972955,"7","ATP6V0E1"
4.30052614638724e-07,0.622197726690378,0.301,0.129,0.00959017330644355,"7","POLR2A"
4.33631644240938e-07,0.588492986624795,0.324,0.143,0.00966998566657291,"7","QARS"
4.40804398114991e-07,0.562028273500526,0.294,0.126,0.0098299380779643,"7","GPR65"
4.54153455738143e-07,0.60295516111995,0.397,0.194,0.0101276220629606,"7","FAM96B"
4.59233070438871e-07,0.694848026619926,0.279,0.12,0.0102408974707868,"7","ADRM1"
4.63035279913543e-07,0.6216636416596,0.449,0.228,0.010325686742072,"7","VDAC2"
5.33241227944805e-07,0.641302973408485,0.471,0.241,0.0118912793831692,"7","FAM133B"
5.38550873331544e-07,0.53531820494053,0.426,0.203,0.0120096844752934,"7","IKZF1"
5.38689360089498e-07,0.543139766350515,0.654,0.391,0.0120127727299958,"7","EIF4G2"
5.46467074299062e-07,0.442157972834575,0.603,0.321,0.0121862157568691,"7","POLR1D"
5.48770699539193e-07,0.352439952395285,0.632,0.344,0.012237586599724,"7","NDUFB7"
5.49954271520394e-07,0.689192573972874,0.331,0.152,0.0122639802549048,"7","BLOC1S2"
5.63448518362923e-07,0.453764895431016,0.485,0.245,0.0125649019594932,"7","TMEM50A"
5.86117817815666e-07,0.600038661551331,0.294,0.129,0.0130704273372893,"7","TIMM8B"
5.91042776244216e-07,0.654180460142224,0.353,0.166,0.013180253910246,"7","CWC15"
6.01279274566863e-07,0.79202122193848,0.279,0.123,0.0134085278228411,"7","IFI6"
6.09574775359645e-07,0.561289697743903,0.478,0.243,0.0135935174905201,"7","HSD17B11"
6.14400201271887e-07,0.364265058238429,0.89,0.573,0.0137011244883631,"7","CD44"
6.32122100543429e-07,0.605111873501908,0.331,0.151,0.0140963228421185,"7","MKRN1"
6.93215486440148e-07,0.480427477291648,0.588,0.316,0.0154587053476153,"7","FAM49B"
6.98618543163611e-07,0.608002810708668,0.272,0.116,0.0155791935125485,"7","TCP1"
7.7131111439981e-07,0.660182922435573,0.272,0.117,0.0172002378511158,"7","PRKAR1A"
7.7748817732331e-07,0.823458510235991,0.265,0.115,0.0173379863543098,"7","PIM3"
7.79511422536375e-07,0.607167790659579,0.309,0.137,0.0173831047225612,"7","CHMP1B"
8.01082058480161e-07,0.609030022751148,0.36,0.171,0.0178641299041076,"7","TMEM9B"
8.30793958151009e-07,0.70670470401785,0.25,0.103,0.0185267052667675,"7","CDKN1B"
8.4007791216543e-07,0.501608916192865,0.346,0.16,0.0187337374412891,"7","YWHAE"
1.02690613669502e-06,0.398768617468604,0.75,0.441,0.0229000068482988,"7","NDUFB2"
1.07305034463159e-06,0.386176697996172,0.434,0.208,0.0239290226852844,"7","COX14"
1.1510862866139e-06,0.564755731970371,0.456,0.24,0.02566922419149,"7","TAX1BP1"
1.17674732699841e-06,0.61647046232869,0.324,0.149,0.0262414653920646,"7","TGOLN2"
1.30273542829158e-06,0.317882675499206,0.978,0.809,0.0290510000509023,"7","HLA-E"
1.32811731029665e-06,0.7417378990271,0.265,0.116,0.0296170160196154,"7","RBPJ"
1.39084869092685e-06,0.816374304031798,0.25,0.108,0.0310159258076688,"7","PFDN1"
1.44802125979689e-06,0.483342420269365,0.279,0.123,0.0322908740934706,"7","QKI"
1.67117924196906e-06,0.463059116588381,0.397,0.192,0.03726729709591,"7","RAB2A"
1.84452292866981e-06,0.491740915126208,0.265,0.114,0.0411328613093367,"7","FERMT3"
1.84638243368405e-06,0.606851112129634,0.279,0.127,0.0411743282711544,"7","NCOA4"
1.92919167223101e-06,0.667351799593724,0.257,0.112,0.0430209742907514,"7","CENPX"
2.01163807054311e-06,0.473447708813308,0.434,0.224,0.0448595289731114,"7","NDUFS6"
2.02976241431723e-06,0.483502820963492,0.301,0.135,0.0452637018392742,"7","EWSR1"
2.15104459421116e-06,0.388041843948503,0.875,0.65,0.0479682944509089,"7","NFKBIA"
2.43539766746183e-06,0.515496499718009,0.485,0.266,0.0543093679843987,"7","NDUFA2"
2.69481041679758e-06,0.592315462723353,0.265,0.117,0.0600942722945861,"7","TMEM165"
2.89459624253222e-06,0.501596603588865,0.331,0.157,0.0645494962084686,"7","PHIP"
2.90134377886392e-06,0.648231538330862,0.338,0.162,0.0646999662686653,"7","FAM118A"
2.94661492126426e-06,0.39348990391139,0.382,0.184,0.0657095127441929,"7","AKAP13"
2.98143464747852e-06,0.478951320624529,0.5,0.276,0.066485992638771,"7","DYNLL1"
3.15001840608859e-06,0.52331617160714,0.287,0.129,0.0702454104557756,"7","COMT"
3.22190776788161e-06,0.647405439407018,0.331,0.16,0.0718485432237598,"7","POLR2G"
3.43682077952723e-06,0.610588467717746,0.257,0.114,0.0766411033834573,"7","COMMD7"
3.50988125865474e-06,0.58637817150924,0.331,0.159,0.0782703520680007,"7","AC011495.1"
3.75285677552494e-06,0.439145959462435,0.86,0.599,0.0836887060942061,"7","SUMO2"
3.83708737608062e-06,0.493299764314151,0.316,0.149,0.0855670484865978,"7","ZMAT2"
4.1025528714478e-06,0.57039453906394,0.515,0.293,0.0914869290332859,"7","AC112191.2"
4.1114473581828e-06,0.476632285838732,0.39,0.193,0.0916852760874764,"7","IL10RA"
4.1183148795021e-06,0.577803366611471,0.257,0.114,0.0918384218128969,"7","PET100"
4.14931673566192e-06,0.357804594529082,0.294,0.134,0.0925297632052608,"7","TLE3"
4.39603404933349e-06,0.544205379122269,0.301,0.139,0.0980315593001367,"7","NKTR"
4.40711814412813e-06,0.424157349151527,0.338,0.16,0.0982787346140572,"7","PAK2"
4.81606882278773e-06,0.575171381012837,0.316,0.151,0.107398334748166,"7","WAC"
5.25390956081595e-06,0.596236589320314,0.279,0.129,0.117162183206196,"7","DECR1"
5.82799956664726e-06,0.35260158904378,0.36,0.176,0.129964390336234,"7","BNIP3L"
5.83627937973788e-06,0.258470311052141,0.728,0.448,0.130149030168155,"7","FOSB"
6.01765498914404e-06,0.640910587102797,0.265,0.12,0.134193706257912,"7","PDCD5"
6.84210178046345e-06,0.398177346364492,0.426,0.219,0.152578869704335,"7","NAA38"
7.80300282121657e-06,0.29569562739538,0.39,0.19,0.174006962913129,"7","MTND1P23"
8.00626846978864e-06,0.479824940713869,0.375,0.187,0.178539786876287,"7","NFE2L2"
8.18201323231862e-06,0.45457780933671,0.25,0.11,0.182458895080705,"7","OTUB1"
1.00780529973923e-05,0.735336504264006,0.272,0.129,0.224740581841848,"7","NDUFS4"
1.00884748991236e-05,0.473920290405213,0.272,0.124,0.224972990250456,"7","HSD17B10"
1.01230901117318e-05,0.452542839445794,0.25,0.111,0.22574490949162,"7","TIMM17B"
1.03825349014643e-05,0.487237098823864,0.64,0.404,0.231530528302653,"7","ENO1"
1.09229349165617e-05,0.698575606397321,0.25,0.113,0.243581448639325,"7","SP110"
1.13030962071743e-05,0.581503208317513,0.331,0.162,0.252059045419987,"7","AP3S1"
1.1389902007736e-05,0.541478459395488,0.25,0.113,0.253994814772513,"7","EIF4EBP2"
1.16219492042686e-05,0.574830922497823,0.265,0.122,0.25916946725519,"7","SHISA5"
1.18070492688904e-05,0.367913039360748,0.419,0.223,0.263297198696256,"7","AHNAK"
1.18568154147605e-05,0.550313301853541,0.272,0.127,0.264406983749158,"7","GAPDHP1"
1.21764892746747e-05,0.588199564637461,0.272,0.128,0.271535710825246,"7","TANK"
1.26567400306741e-05,0.4395578014415,0.684,0.454,0.282245302684033,"7","TXNIP"
1.29907620426978e-05,0.571839347066647,0.265,0.124,0.289693993552162,"7","TAGAP"
1.30352696431694e-05,0.39050367596971,0.846,0.587,0.290686513042678,"7","RBM3"
1.42306217812693e-05,0.283550465372179,0.5,0.269,0.317342865722306,"7","ARF6"
1.45460597336663e-05,0.64489975295608,0.265,0.126,0.324377132060759,"7","RNF168"
1.49463026483029e-05,0.517895106097528,0.463,0.254,0.333302549057154,"7","ABRACL"
1.56737494028413e-05,0.421316609852111,0.559,0.32,0.349524611683361,"7","RPS27L"
1.66682353984273e-05,0.523296518758482,0.309,0.15,0.371701649384929,"7","LRPAP1"
1.71655439801922e-05,0.463579663292946,0.331,0.166,0.382791630758286,"7","MTCO1P40"
1.75158838611285e-05,0.415785503642686,0.316,0.154,0.390604210103165,"7","KMT2C"
1.75566679579799e-05,0.285590998845512,0.265,0.121,0.391513695462952,"7","LY86"
1.81412040985279e-05,0.559284955905601,0.301,0.144,0.404548851397172,"7","PLK3"
1.83772191441593e-05,0.531967790722012,0.272,0.128,0.409811986914753,"7","TPRKB"
1.956934289939e-05,0.476871763061278,0.257,0.12,0.436396346656398,"7","BIRC6"
2.04445241378532e-05,0.385000634241526,0.426,0.228,0.455912888274126,"7","TMEM160"
2.18424393998238e-05,0.44626405833703,0.294,0.142,0.487086398616071,"7","ITSN2"
2.30312139215976e-05,0.392303729401863,0.478,0.261,0.513596070451626,"7","NDUFA11"
2.38494348002084e-05,0.415191782989293,0.287,0.137,0.531842396044648,"7","PUF60"
2.41196060222672e-05,0.603663888552872,0.294,0.147,0.537867214296559,"7","NDUFC1"
2.45156736032724e-05,0.41957078414349,0.309,0.15,0.546699521352974,"7","PPCS"
2.61030268009933e-05,0.465635366415115,0.338,0.175,0.582097497662151,"7","MRPL23"
2.64665145716053e-05,0.445429762016169,0.5,0.29,0.590203274946798,"7","NDUFB4"
2.81545515693854e-05,0.530607991056747,0.36,0.19,0.627846499997295,"7","ANKRD10"
2.85207233204881e-05,0.488873781499492,0.412,0.224,0.636012130046885,"7","SLIRP"
2.91663131387669e-05,0.290529061394233,0.331,0.162,0.650408782994503,"7","DOK2"
2.97141917865428e-05,0.398334298018581,0.39,0.203,0.662626476839905,"7","MYH9"
2.99345092379085e-05,0.396680156202562,0.493,0.276,0.667539556005359,"7","RAP1A"
3.60781674996724e-05,0.368965761420956,0.257,0.123,0.804543135242694,"7","RTN3"
3.66326091681133e-05,0.378604393314327,0.25,0.116,0.816907184448927,"7","KHDRBS1"
3.69966043571932e-05,0.445002197603033,0.324,0.162,0.825024277165408,"7","CNIH1"
3.81750992031907e-05,0.51808587167974,0.412,0.225,0.851304712231152,"7","ERGIC3"
3.98396054849979e-05,0.38695620335748,0.456,0.253,0.888423202315452,"7","ATP5F1"
4.20734671620212e-05,0.49255842208579,0.257,0.123,0.938238317713074,"7","KIAA1143"
4.30311841920057e-05,0.458619125152784,0.331,0.171,0.959595407481727,"7","AUP1"
4.54586370540748e-05,0.374194579849527,0.544,0.318,1,"7","ATP6V1F"
4.68084913365793e-05,0.250743087441085,0.993,0.938,1,"7","MTATP6P1"
5.05618624927988e-05,0.448069758121058,0.331,0.17,1,"7","DCTN3"
5.05845728045987e-05,0.388902382453214,0.515,0.303,1,"7","HMGN3"
5.74897395156697e-05,0.414224459073168,0.294,0.148,1,"7","SAT2"
5.90470666433965e-05,0.345419164643737,0.875,0.652,1,"7","COX7A2"
5.96204506107345e-05,0.421687381979054,0.485,0.277,1,"7","SEM1"
6.10351282081766e-05,0.28809637561085,0.706,0.433,1,"7","TMEM258"
6.88799100489089e-05,0.413092957274158,0.287,0.143,1,"7","PDE4B"
6.96530625672894e-05,0.528671715415128,0.272,0.137,1,"7","C7orf50"
7.15553468328404e-05,0.360294069317121,0.515,0.296,1,"7","C6orf62"
8.55110867769585e-05,0.333938270737581,0.485,0.279,1,"7","C9orf78"
8.67053474369892e-05,0.330236590379685,0.294,0.146,1,"7","SP100"
8.93412548372676e-05,0.549827827512927,0.265,0.135,1,"7","CFLAR"
9.26262309354244e-05,0.334171642926539,0.404,0.221,1,"7","GHITM"
9.77510263262189e-05,0.306974135550564,0.801,0.597,1,"7","PSME1"
9.93327161329266e-05,0.282621725234178,0.456,0.259,1,"7","DDX3X"
0.0001008792654527,0.434229193976024,0.257,0.127,1,"7","DIAPH1"
0.000101320517433842,0.386691293084646,0.257,0.126,1,"7","SNX17"
0.000110618545153086,0.291572787191075,0.353,0.186,1,"7","SPCS3"
0.000112865514062312,0.405079346690273,0.287,0.147,1,"7","PRPF40A"
0.00011322622048828,0.443146595412428,0.441,0.256,1,"7","ATP5C1"
0.000113614713138465,0.421431668690328,0.316,0.165,1,"7","GTF3C6"
0.000116431063760112,0.29502253583587,0.603,0.366,1,"7","SYF2"
0.000117347757392263,0.357019738536857,0.721,0.446,1,"7","YWHAB"
0.000119141000642769,0.262835727983409,0.838,0.539,1,"7","PTPRC"
0.000139863401534086,0.275219785967715,0.559,0.322,1,"7","ATP5J"
0.000148238328821129,0.363716112799269,0.272,0.136,1,"7","SDHD"
0.000154151561803203,0.405609386859471,0.287,0.15,1,"7","FKBP2"
0.000156493207124104,0.549661979496829,0.257,0.133,1,"7","TMEM14C"
0.000166639191785416,0.376426335839886,0.287,0.148,1,"7","NDUFB6"
0.000166781634489065,0.318205971202758,0.338,0.181,1,"7","NUP214"
0.000178287537092538,0.291133401119545,0.684,0.411,1,"7","ATP5G3"
0.000188308518327149,0.350418279878386,0.912,0.675,1,"7","CCNI"
0.000191577095061282,0.335043540006643,0.735,0.489,1,"7","NDUFA1"
0.000209963113528925,0.391411530789119,0.301,0.159,1,"7","PSMD4"
0.000211335679016659,0.380564441172056,0.287,0.149,1,"7","TMEM147"
0.000219202740267319,0.321225585142785,0.412,0.233,1,"7","TGFB1"
0.000220642967143819,0.401399204725971,0.287,0.152,1,"7","PNRC2"
0.000222174486017346,0.338950089277106,0.772,0.525,1,"7","SAP18"
0.000222647641731262,0.559313170247521,0.493,0.314,1,"7","PTGES3"
0.000251815519202947,0.280028890232646,0.426,0.239,1,"7","MTND2P28"
0.00025209472210691,0.498984464572931,0.265,0.139,1,"7","TXN2"
0.000260298080465443,0.371717126821881,0.25,0.127,1,"7","SEPT2"
0.000269343381967135,0.334058492883084,0.456,0.265,1,"7","POLR2J"
0.000278731324575654,0.323796629820063,0.324,0.173,1,"7","KDELR2"
0.000285785086894028,0.339250772279504,0.265,0.137,1,"7","XRN2"
0.000296775476824382,0.40607214585956,0.324,0.179,1,"7","MYDGF"
0.000300712265292711,0.452099750919201,0.279,0.15,1,"7","BIRC3"
0.000300867819265663,0.307725966029093,0.728,0.501,1,"7","GPSM3"
0.000305343915001534,0.511450150288715,0.25,0.13,1,"7","DNAJC15"
0.000328854930287454,0.276969702976433,0.353,0.197,1,"7","ZNHIT1"
0.000371439664638277,0.3503971070135,0.257,0.133,1,"7","BCL7B"
0.000376134019238881,0.388635193305568,0.324,0.177,1,"7","APH1A"
0.000385345085380127,0.351230683139049,0.426,0.252,1,"7","TMEM219"
0.000401724289464213,0.292121404419085,0.507,0.315,1,"7","RPL22L1"
0.000424745537061685,0.434150746549674,0.287,0.158,1,"7","DDX3Y"
0.000455880673581523,0.27514811871152,0.426,0.251,1,"7","DDX6"
0.000481805356491285,0.417717717177361,0.309,0.171,1,"7","RRP7A"
0.00048258581617931,0.301568405105103,0.272,0.144,1,"7","OSBPL8"
0.000530878618900686,0.367405249758896,0.338,0.194,1,"7","NDUFAB1"
0.000543638862134855,0.38691281004646,0.412,0.246,1,"7","MRPS21"
0.000555148486959255,0.262340804815933,0.397,0.227,1,"7","FKBP8"
0.000575877099226212,0.307693076904276,0.515,0.32,1,"7","MTDH"
0.000625569818628181,0.271160205052372,0.272,0.143,1,"7","GTF2B"
0.000633386783014279,0.282107479452101,0.478,0.287,1,"7","NDUFA12"
0.000705966697878119,0.356464977187536,0.86,0.631,1,"7","PPDPF"
0.000707135308142348,0.502441941935742,0.331,0.194,1,"7","SOCS3"
0.000765019730299184,0.389928672441174,0.279,0.153,1,"7","AC122718.1"
0.000768047710439647,0.349765072873979,0.353,0.202,1,"7","RANBP1"
0.000780801296533891,0.26877070022834,0.301,0.17,1,"7","DNAJC3"
0.000804104173851526,0.526519897729677,0.353,0.214,1,"7","OSER1"
0.000824942639655297,0.421684552483708,0.25,0.135,1,"7","PPM1G"
0.000899716019676884,0.293008076302221,0.419,0.248,1,"7","SIVA1"
0.000960608609570373,0.295518550110806,0.265,0.141,1,"7","ALKBH5"
0.000961271907541812,0.306989525540602,0.39,0.229,1,"7","MDH2"
0.00100387193743474,0.42426864164554,0.257,0.141,1,"7","MMADHC"
0.00104072021659397,0.270041130204665,0.846,0.592,1,"7","PPIA"
0.00112833418442625,0.292930824566957,0.529,0.344,1,"7","CCDC85B"
0.00115068062358937,0.349347231215324,0.404,0.247,1,"7","C16orf54"
0.00118226123528943,0.29863984014351,0.5,0.316,1,"7","CSDE1"
0.00121479577220221,0.355882001979067,0.257,0.144,1,"7","ANKRD11"
0.00138435659291007,0.348502245810619,0.368,0.225,1,"7","CSNK1A1"
0.00155678398073805,0.314780761352954,0.397,0.246,1,"7","TRAPPC1"
0.00161101598687202,0.3334856546905,0.301,0.175,1,"7","SF3B2"
0.00164336631291615,0.252076848749524,0.618,0.415,1,"7","C4orf3"
0.00169022918878108,0.389508452194305,0.316,0.186,1,"7","NDUFA5"
0.00192560988659239,0.455665282996138,0.25,0.142,1,"7","ARF4"
0.00212908131056545,0.303393445539062,0.551,0.376,1,"7","ELF1"
0.00229690827328612,0.341427169828249,0.25,0.141,1,"7","PSMD9"
0.00266484579726225,0.269396618564597,0.301,0.178,1,"7","PDCD6"
0.00273541493671553,0.273665585981356,0.287,0.166,1,"7","MRPL55"
0.00274264828099472,0.306636527427943,0.309,0.183,1,"7","ARHGEF1"
0.00297901092232335,0.331093905667711,0.272,0.158,1,"7","C1D"
0.00322131043541813,0.317495723919063,0.294,0.173,1,"7","ESD"
0.00349105475866494,0.265532683771849,0.618,0.423,1,"7","EIF2S3"
0.00521691345374683,0.326112603841599,0.287,0.176,1,"7","PPP1R2"
0.00597936752845065,0.289302453148093,0.257,0.155,1,"7","SELENOH"
0.00612986750810326,0.256730781503801,0.375,0.237,1,"7","AURKAIP1"
0.00701253536470452,0.335219072134725,0.257,0.157,1,"7","PHB2"
0.00854043802542333,0.275952091724285,0.346,0.22,1,"7","ALKBH7"
0,7.98899506801366,0.89,0.011,0,"8","ALAS2"
0,6.60388203157142,0.89,0.028,0,"8","SNCA"
0,5.99243114258328,0.881,0.021,0,"8","FECH"
0,8.00342359096115,0.89,0.039,0,"8","HBM"
0,7.26461895295917,0.797,0.011,0,"8","SLC4A1"
0,7.8480590678996,0.771,0.007,0,"8","GYPB"
0,7.47486460993733,0.763,0.004,0,"8","SELENBP1"
0,6.71077576041773,0.763,0.01,0,"8","HEMGN"
0,5.1353286865253,0.754,0.023,0,"8","STRADB"
0,5.94799553333096,0.661,0.007,0,"8","EPB42"
0,5.94309931884157,0.636,0.009,0,"8","DMTN"
0,5.50828350609916,0.559,0.007,0,"8","HBQ1"
0,6.64020247364802,0.551,0.003,0,"8","PDZK1IP1"
0,7.8900199310366,0.542,0.008,0,"8","GYPA"
0,5.80259172041789,0.534,0.006,0,"8","GMPR"
0,6.50430514290218,0.466,0.005,0,"8","KLF1"
0,8.79694655062094,0.441,0.001,0,"8","IFIT1B"
0,6.66158930187128,0.441,0.004,0,"8","MYL4"
0,7.15174349144422,0.39,0.003,0,"8","TMCC2"
0,8.77862371922536,0.339,0.001,0,"8","LINC00570"
0,7.88446175132331,0.339,0.001,0,"8","RHCE"
4.99994433591342e-321,9.0165804187687,0.28,0,1.11498758690869e-316,"8","TSPO2"
6.23510845051653e-321,5.59270508741485,0.576,0.014,1.39042918446519e-316,"8","DCAF12"
9.65654198869794e-280,6.9554015756205,0.992,0.078,2.15340886347964e-275,"8","AHSP"
2.01224929566078e-272,6.7733727709459,0.254,0.001,4.48731592932353e-268,"8","OSBP2"
9.17646525865819e-270,5.20262764948119,0.636,0.024,2.04635175268078e-265,"8","HMBS"
1.83581358571701e-269,7.35496379859423,0.271,0.001,4.09386429614893e-265,"8","GYPE"
1.04516787570061e-263,7.36013471788557,0.314,0.003,2.33072436281237e-259,"8","RHAG"
2.61134787824817e-248,5.48472137670326,0.305,0.003,5.82330576849342e-244,"8","GATA1"
3.94885586717808e-248,5.72994758313039,0.305,0.003,8.80594858380712e-244,"8","SLC14A1"
2.15614917170094e-225,5.54149335173905,0.297,0.004,4.80821265289309e-221,"8","NFIX"
1.63532287116482e-219,4.09883221987937,0.542,0.021,3.64677000269754e-215,"8","FAM210B"
1.0745615784493e-208,5.56692225347489,0.288,0.004,2.39627231994194e-204,"8","TRIM58"
1.74404806968079e-202,6.76538415022697,0.89,0.086,3.88922719538817e-198,"8","CA1"
1.77559885897233e-200,4.9113264607393,0.873,0.083,3.9595854555083e-196,"8","SLC25A37"
1.01064413768921e-186,4.13104376496326,0.746,0.057,2.25373642704694e-182,"8","BPGM"
1.66073591022586e-186,5.91165210834859,0.475,0.02,3.70344107980367e-182,"8","CA2"
4.61283867389117e-175,4.1417679005933,0.441,0.017,1.02866302427773e-170,"8","BCL2L1"
6.91192780086441e-168,3.23945055442981,0.381,0.013,1.54135989959276e-163,"8","NFE2"
7.32079112120862e-160,7.70696089533382,0.924,0.136,1.63253642002952e-155,"8","HBD"
2.10350027747473e-159,4.08001871074627,0.415,0.017,4.69080561876865e-155,"8","TSPAN5"
1.84276216306806e-146,3.36313910744461,0.636,0.05,4.10935962364178e-142,"8","MPP1"
1.75567705749813e-143,3.80375706737071,0.864,0.114,3.91515983822084e-139,"8","SLC25A39"
9.57448573063067e-136,4.84226066228832,0.322,0.012,2.13511031793064e-131,"8","MINPP1"
1.36319232160454e-135,4.47045338525475,0.339,0.013,3.03991887717812e-131,"8","RHD"
1.88073747849384e-133,4.06680849424462,0.966,0.18,4.19404457704126e-129,"8","BLVRB"
9.05584425295216e-120,4.56527146882649,0.322,0.014,2.01945326840833e-115,"8","H1F0"
4.39684417754998e-109,3.77844719256118,0.331,0.017,9.80496251593646e-105,"8","KRT1"
1.63056512116496e-104,3.54730156482492,0.797,0.13,3.63616022019787e-100,"8","EIF1AY"
4.64387566870168e-104,2.94272627168032,0.839,0.138,1.03558427412048e-99,"8","FBXO7"
3.13030249088484e-95,9.26947078836413,0.966,0.345,6.98057455467319e-91,"8","HBA1"
1.76341244226586e-93,4.54797598193763,0.263,0.012,3.93240974625287e-89,"8","SMIM1"
1.6238121418497e-88,2.89653526845636,0.322,0.02,3.62110107632482e-84,"8","MARCH8"
3.18663468972756e-88,2.8335597645889,0.534,0.058,7.10619535809245e-84,"8","HAGH"
4.24845609636821e-88,2.73265996791647,0.754,0.118,9.4740570949011e-84,"8","CAT"
1.33263142497006e-78,3.26753325296441,0.314,0.022,2.97176807768323e-74,"8","TRAK2"
9.99222460733135e-78,2.53322099146337,0.322,0.023,2.22826608743489e-73,"8","NPL"
6.17195033621958e-77,3.55387530939651,0.331,0.025,1.37634492497697e-72,"8","SLC2A1"
3.92772127988617e-76,2.49130883644798,0.703,0.119,8.75881845414615e-72,"8","NCOA4"
1.70555837883549e-75,8.2153022928961,1,0.932,3.80339518480313e-71,"8","HBB"
2.71501352455267e-72,2.74926504430105,0.881,0.239,6.05448015975245e-68,"8","BSG"
1.19295248873849e-71,2.42225866140545,0.525,0.067,2.66028404988683e-67,"8","EIF2AK1"
1.39777133410424e-71,2.79864843701718,0.771,0.168,3.11703007505247e-67,"8","BNIP3L"
2.11446685699048e-71,8.49135170267463,0.975,0.74,4.71526109108878e-67,"8","HBA2"
1.11073768850477e-67,2.32299660151497,0.72,0.135,2.47694504536565e-63,"8","MAP2K3"
3.57100327689833e-67,2.85105970948738,0.703,0.144,7.96333730748327e-63,"8","MKRN1"
1.66587704397042e-61,2.5068703493549,0.415,0.049,3.71490580805404e-57,"8","DPM2"
1.04311864621877e-60,2.97718119249634,0.271,0.021,2.32615458106786e-56,"8","SLC1A5"
5.34144825624224e-58,2.56567856790478,0.381,0.044,1.19114296114202e-53,"8","CMAS"
1.28139211194895e-57,2.35767771116783,0.669,0.132,2.85750440964615e-53,"8","PITHD1"
4.10832142707469e-55,2.05588446433406,0.568,0.098,9.16155678237655e-51,"8","ADIPOR1"
1.60922995557416e-54,3.97523522114757,0.72,0.189,3.58858280093038e-50,"8","PRDX2"
3.65055875760462e-51,2.0794712481942,0.534,0.093,8.1407460294583e-47,"8","RNF10"
6.34600361481975e-51,1.88651640115043,0.627,0.122,1.4151588061048e-46,"8","BAG1"
3.35084273097099e-48,1.94126198709889,0.915,0.365,7.4723792900653e-44,"8","GYPC"
5.87730727184802e-48,2.10688906320518,0.525,0.094,1.31063952162211e-43,"8","PIM1"
8.14036245305581e-48,2.39967959575972,0.475,0.079,1.81530082703145e-43,"8","STOM"
1.79387494603589e-47,1.77905432111876,0.593,0.115,4.00034112966004e-43,"8","PSMF1"
1.73701025000501e-45,1.91085655412808,0.653,0.15,3.87353285751118e-41,"8","LGALS3"
1.85269096853033e-45,1.89217855175055,0.644,0.14,4.13150085982263e-41,"8","CCNDBP1"
3.14046695915715e-45,1.91791432581057,0.568,0.111,7.00324131892043e-41,"8","RPIA"
8.3558857745353e-44,2.43953273061365,0.254,0.026,1.86336252772137e-39,"8","ST6GALNAC4"
5.6339061675205e-42,1.97118029835327,0.508,0.099,1.25636107535707e-37,"8","YBX3"
7.84137291242084e-40,2.36932172621983,0.288,0.037,1.74862615946985e-35,"8","GLRX5"
1.54071976520442e-39,1.81036522858133,0.314,0.042,3.43580507640585e-35,"8","ASCC2"
4.90392736885559e-39,2.61197972152246,0.263,0.031,1.0935758032548e-34,"8","CDC27"
1.90752199743196e-38,1.72361709761646,0.322,0.045,4.25377405427328e-34,"8","EPB41"
2.73313656499982e-37,1.81179708866866,0.551,0.118,6.09489453994961e-33,"8","EMC3"
1.24924073838441e-36,2.57636194794048,0.398,0.072,2.78580684659723e-32,"8","REXO2"
1.88700205950495e-36,1.61087319731207,0.492,0.1,4.20801459269604e-32,"8","TOP1"
2.48590239067082e-36,1.70240312697025,0.28,0.037,5.54356233119594e-32,"8","YIPF6"
6.40523995958671e-36,1.88520656594315,0.466,0.093,1.42836851098784e-31,"8","CISD2"
1.33073264310154e-35,1.79797797087552,0.449,0.088,2.96753379411644e-31,"8","RAD23A"
2.67447633121132e-33,1.44128766815217,0.737,0.22,5.96408221860124e-29,"8","FKBP8"
6.02947684406327e-33,1.98095754778032,0.297,0.046,1.34457333622611e-28,"8","PNP"
6.07797568038689e-33,1.58879596726362,0.415,0.081,1.35538857672628e-28,"8","TESC"
1.00704623282658e-30,1.42217623840409,0.771,0.257,2.24571309920327e-26,"8","GABARAPL2"
1.15397975542048e-28,1.3596693522225,0.373,0.074,2.57337485458767e-24,"8","PIGC"
5.03152887391592e-28,1.28725740301062,0.381,0.077,1.12203093888325e-23,"8","CCS"
5.21770248724864e-27,1.49449925710882,0.254,0.04,1.16354765465645e-22,"8","GUCD1"
5.82191780185592e-27,1.19883731453716,0.39,0.082,1.29828766981387e-22,"8","DCUN1D1"
5.00294254208189e-25,1.07859766454464,0.72,0.234,1.11565618688426e-20,"8","TALDO1"
1.11924304751541e-24,1.13801084441799,0.331,0.067,2.49591199595937e-20,"8","FBXO9"
1.85522714868966e-24,1.56302343758511,0.28,0.052,4.13715654157794e-20,"8","CD59"
2.85191951659749e-24,1.18468487252499,0.619,0.191,6.3597805220124e-20,"8","ISCA1"
3.00047974201158e-23,1.13600987223085,0.331,0.07,6.69106982468583e-19,"8","RNF11"
3.10887443067365e-22,1.24746840868149,0.432,0.114,6.93278998040223e-18,"8","RIOK3"
1.34433681008755e-21,1.33802714238968,0.381,0.093,2.99787108649524e-17,"8","TFDP2"
7.41410373191805e-21,1.22238783462752,0.737,0.29,1.65334513221772e-16,"8","RBX1"
1.58308113895918e-19,0.910008685987694,0.415,0.111,3.53027093987896e-15,"8","FAM46C"
1.89457322315764e-19,1.70556571579967,0.28,0.063,4.22489828764153e-15,"8","HEBP1"
3.91782056477478e-19,1.27458377346781,0.28,0.061,8.73673985944775e-15,"8","MXI1"
4.21490243336659e-19,1.79382143406136,0.331,0.083,9.3992324264075e-15,"8","NARF"
1.22143604215183e-18,1.06050876116832,0.297,0.068,2.72380237399857e-14,"8","DCAF11"
1.23331392242805e-18,1.26957221493101,0.356,0.092,2.75029004701455e-14,"8","DCK"
3.70677121438556e-18,1.76172273894266,0.415,0.121,8.2660998080798e-14,"8","FGFR1OP2"
6.2419712418085e-18,1.39706945780449,0.254,0.055,1.3919595869233e-13,"8","TUBB2A"
1.07248590502581e-17,0.406349505081377,0.644,0.218,2.39164356820755e-13,"8","GLUL"
1.20202535287203e-17,1.04844534469478,0.254,0.055,2.68051653690462e-13,"8","RNF5"
1.24068548446282e-14,0.779274671027236,0.627,0.25,2.76672863035209e-10,"8","SNX3"
3.06372550194109e-14,0.747025352016896,0.61,0.231,6.83210786932864e-10,"8","FIS1"
3.9901842432864e-14,0.375426669690665,0.432,0.137,8.89811086252866e-10,"8","RBM38"
5.65517820181665e-14,1.13179933329416,0.263,0.069,1.26110473900511e-09,"8","BSDC1"
1.10887605008829e-13,0.91937864072577,0.847,0.421,2.47279359169689e-09,"8","SEC62"
1.25765197817956e-13,0.824240059658937,0.314,0.092,2.80456391134042e-09,"8","FOXO3"
6.24260781730595e-13,1.10157653634794,0.339,0.106,1.39210154325923e-08,"8","WNK1"
1.24952148806968e-12,1.22937784193971,0.263,0.076,2.78643291839538e-08,"8","TFDP1"
2.54739083327373e-12,0.395507648093895,0.432,0.147,5.68068155820043e-08,"8","ZMAT2"
8.7616386913473e-12,2.08959008099345,0.407,0.181,1.95384542817045e-07,"8","MGST3"
2.24787642560259e-11,0.706701718869911,0.61,0.262,5.01276442909377e-07,"8","C7orf73"
2.63412540189715e-10,0.9312897391653,0.271,0.086,5.87409964623064e-06,"8","PDCD10"
5.71313929949936e-10,0.713028461172243,0.28,0.092,1.27403006378836e-05,"8","NAP1L4"
1.17340446401744e-09,0.676182437870774,0.839,0.517,2.6166919547589e-05,"8","GUK1"
1.25913487749286e-09,0.716239172007293,0.483,0.202,2.80787077680909e-05,"8","ACP1"
3.58197032416234e-09,1.67256895533752,0.28,0.104,7.98779382288202e-05,"8","TFRC"
3.60047697444911e-09,0.582480700224573,0.28,0.096,8.02906365302151e-05,"8","GSPT1"
4.02493124981848e-09,1.7997838482606,0.254,0.089,8.97559668709521e-05,"8","CKS2"
5.04293251812177e-09,0.738185355583426,0.254,0.086,0.000112457395154115,"8","BOLA3"
6.50391219016707e-09,0.415403371706173,0.525,0.225,0.000145037241840726,"8","TERF2IP"
8.73329174690721e-09,0.42609827514172,0.373,0.147,0.000194752405956031,"8","CTSB"
2.65138085453398e-08,1.25876969747941,0.288,0.112,0.000591257930561078,"8","CD36"
3.96608872675862e-08,1.45334512232514,0.28,0.109,0.000884437786067173,"8","STMN1"
4.93497583988647e-08,0.932080441712809,0.339,0.143,0.00110049961229468,"8","CCT2"
5.15900839689392e-08,0.562414094686322,0.542,0.252,0.00115045887250735,"8","EIF1B"
1.9931281392989e-07,2.21560185785593,0.373,0.211,0.00444467575063654,"8","TUBB"
2.51934500042623e-07,0.699327572210643,0.636,0.34,0.00561813935095048,"8","PRDX6"
3.3553404508922e-07,1.34955159783045,0.373,0.179,0.0074824092054896,"8","MPC2"
1.16721205058822e-06,1.2321080995921,0.271,0.118,0.0260288287281172,"8","RPA3"
1.3115885752005e-06,0.797683152699205,0.322,0.141,0.0292484252269711,"8","ARF4"
4.59066979720074e-06,0.26530715173305,0.254,0.103,0.102371936477577,"8","WBP2"
4.80494825471765e-06,0.764362782784905,0.305,0.14,0.107150346080204,"8","PSMD9"
6.60907123929425e-06,0.610991243753689,0.305,0.141,0.147382288636262,"8","H2AFJ"
2.38565747484201e-05,1.71146819920989,0.263,0.134,0.532001616889768,"8","TMEM14C"
2.84620990480344e-05,0.528177721862488,0.263,0.118,0.634704808771166,"8","TXNL1"
9.1811443430953e-05,0.799683002218398,0.593,0.377,1,"8","ANP32B"
0.000196714207545246,0.385052531469065,0.356,0.185,1,"8","TCEA1"
0.000325853548829265,0.584533950553335,0.263,0.133,1,"8","PA2G4"
0.000772453936285875,1.20000323551535,0.398,0.263,1,"8","TMEM14B"
0.00191202186614342,0.35424421526044,0.534,0.314,1,"8","PTGES3"
0.00208327500581684,0.463832098534157,0.475,0.278,1,"8","DYNLL1"
0.00276729500408003,0.525171684791678,0.542,0.71,1,"8","HMGB2"
0.00367757464794839,0.418888647697247,0.449,0.64,1,"8","HMGB1"
0.00439169567317736,0.445360159096757,0.669,0.459,1,"8","SOD1"
0.00648915085936637,0.735369515103358,0.263,0.155,1,"8","ARL6IP1"
0,6.92164296088463,0.893,0.018,0,"9","FCER1A"
0,6.66152582342068,0.76,0.012,0,"9","CLEC10A"
0,6.33068731492871,0.6,0.009,0,"9","CD1C"
0,8.487249973711,0.347,0.001,0,"9","ENHO"
1.08692907452022e-191,4.09528225794168,0.84,0.046,2.42385183618008e-187,"9","HLA-DQA2"
1.62619080714311e-183,4.9525429714948,0.307,0.004,3.62640549992913e-179,"9","HLA-DPB2"
1.53417222953452e-148,3.80482905039064,0.96,0.084,3.42120407186197e-144,"9","NAPSB"
2.63013804608659e-148,4.6240988196394,0.973,0.096,5.86520784277309e-144,"9","HLA-DQA1"
5.42690821446061e-148,3.39286847655604,0.533,0.022,1.21020053182472e-143,"9","PLD4"
2.36572130832628e-138,4.15516475285615,0.387,0.012,5.2755585175676e-134,"9","NDRG2"
1.05638837153853e-120,3.22996757155825,0.493,0.024,2.35574606853093e-116,"9","GSN"
5.23107268223153e-111,4.09052034580891,0.293,0.008,1.16652920813763e-106,"9","ZNF503"
1.34577443997385e-110,2.70192114943739,0.947,0.097,3.00107700114168e-106,"9","HLA-DMB"
4.35279173164055e-95,3.43003962632696,0.973,0.152,9.70672556155842e-91,"9","HLA-DQB1"
3.08998371738486e-90,2.80611174667433,0.44,0.025,6.89066368976823e-86,"9","IL13RA1"
5.86626671243916e-90,2.64195537782573,0.707,0.066,1.30817747687393e-85,"9","ALDH2"
2.5680677954038e-86,3.3173457733411,1,0.187,5.72679118375046e-82,"9","HLA-DRB5"
6.1003824066976e-82,2.55735504605551,0.693,0.07,1.36038527669357e-77,"9","IGSF6"
5.32238677895995e-80,2.79141771660712,0.747,0.085,1.18689225170807e-75,"9","CPVL"
6.7714187184045e-78,2.659171283473,0.507,0.039,1.5100263742042e-73,"9","HDAC9"
1.01718275502332e-76,3.51279734779599,0.4,0.025,2.268317543702e-72,"9","PHLDA2"
2.39458737699888e-76,2.32048690700656,0.867,0.114,5.3399298507075e-72,"9","LY86"
1.12933541229269e-75,3.91082530302875,0.267,0.011,2.5184179694127e-71,"9","AC004817.3"
3.13978653831043e-75,2.11983908753176,0.8,0.096,7.00172398043226e-71,"9","SPI1"
1.38957389178953e-74,2.97398147918024,0.44,0.031,3.09874977869065e-70,"9","HLA-DRB6"
4.27767213274463e-73,2.71817974005187,0.973,0.186,9.53920885602053e-69,"9","HLA-DMA"
8.68867878370167e-73,2.53174941743002,0.56,0.051,1.93757536876547e-68,"9","CCDC88A"
4.31337946184818e-72,2.76110062306109,0.4,0.027,9.61883619992143e-68,"9","SEMA4A"
1.4564540047135e-69,3.31465895415504,0.267,0.012,3.2478924305111e-65,"9","HLA-DOA"
1.69428595951248e-68,2.43493219886152,0.6,0.062,3.77825768971284e-64,"9","FABP5"
5.84415003778121e-67,1.95059170796356,0.56,0.055,1.30324545842521e-62,"9","IGFBP7"
5.95445427437801e-67,2.38286768614065,0.72,0.09,1.3278433031863e-62,"9","CTSH"
1.34510832745585e-66,2.85716318877499,0.373,0.025,2.99959157022653e-62,"9","KCNK6"
6.6172674187313e-65,3.24022871044476,1,0.301,1.47565063437708e-60,"9","HLA-DRB1"
1.64709704560925e-64,2.04159421987876,0.72,0.09,3.67302641170862e-60,"9","LGALS9"
5.04896360529921e-64,2.88731546902948,0.347,0.023,1.12591888398172e-59,"9","CIITA"
6.85984041006533e-64,2.27302292952094,0.867,0.138,1.52974441144457e-59,"9","CAPG"
1.77572296241576e-63,2.87019895741558,0.373,0.027,3.95986220618715e-59,"9","FABP5P7"
6.39000529707272e-62,2.41103784352992,0.467,0.042,1.42497118124722e-57,"9","PAK1"
1.33826511255824e-61,3.41919233544968,1,0.333,2.98433120100488e-57,"9","HLA-DPA1"
2.22975815886433e-59,3.51590705422248,1,0.396,4.97236069426746e-55,"9","HLA-DPB1"
1.39933917318223e-57,2.52110146220345,0.413,0.036,3.12052635619637e-53,"9","CD33"
4.80459365630267e-57,2.91159113930887,1,0.385,1.07142438535549e-52,"9","CST3"
4.98577290060063e-57,2.74214692453495,0.36,0.028,1.11182735683394e-52,"9","LILRB4"
1.01755925908282e-56,2.12764225034708,0.827,0.136,2.2691571477547e-52,"9","BID"
1.4949401426348e-55,2.46873842018696,0.333,0.024,3.3337165180756e-51,"9","CD1D"
5.25473723469693e-54,2.66609087769402,0.36,0.029,1.17180640333742e-49,"9","GPAT3"
1.00612738819029e-53,3.2042430002765,1,0.456,2.24366407566435e-49,"9","HLA-DRA"
1.48230752816805e-52,2.36500067027174,0.947,0.212,3.30554578781476e-48,"9","GPR183"
2.6985808037091e-52,2.06157333312421,0.813,0.144,6.01783519227129e-48,"9","PHACTR1"
3.60175862884181e-52,2.27290104635235,0.493,0.055,8.03192174231723e-48,"9","ITGAX"
4.83373359799321e-52,2.11231318466273,0.733,0.118,1.07792259235249e-47,"9","JAML"
6.94555918385744e-52,1.8816466219104,0.64,0.087,1.54885969800021e-47,"9","RNASE6"
2.10694352542305e-51,2.21985240514638,0.533,0.064,4.69848406169341e-47,"9","CD86"
7.33206355964319e-51,2.24739050084855,0.453,0.048,1.63505017380043e-46,"9","MGST2"
3.92894220183111e-50,2.22533181935149,0.96,0.239,8.76154111008338e-46,"9","ANXA2"
4.18462780460254e-50,2.18398537421027,0.533,0.065,9.33172000426365e-46,"9","PRCP"
1.33176993471184e-49,2.31930387050928,0.427,0.044,2.96984695440741e-45,"9","ZMIZ1"
2.60789326501035e-49,2.13023100675685,0.373,0.034,5.81560198097308e-45,"9","PDLIM1"
2.87774704696249e-49,1.65293134548563,0.907,0.177,6.41737591472636e-45,"9","KLF4"
2.13375056503717e-48,1.83038744114152,0.813,0.145,4.75826376003288e-44,"9","CDKN1A"
1.38518804772821e-47,3.05554040703968,1,0.614,3.0889693464339e-43,"9","CD74"
4.0442774725815e-47,2.20329583595727,0.747,0.139,9.01873876385674e-43,"9","LGALS2"
7.33909721825036e-47,2.15741404713778,0.507,0.063,1.63661867966983e-42,"9","PPIF"
9.21776307479524e-47,2.52347178256532,0.667,0.111,2.05556116567934e-42,"9","INSIG1"
2.82755946309646e-46,2.00475691747086,0.8,0.155,6.3054576027051e-42,"9","CFP"
3.11636590970964e-46,1.95433511395147,0.613,0.09,6.94949597865249e-42,"9","CTSZ"
5.08149016330784e-46,2.12309944620555,0.48,0.058,1.13317230641765e-41,"9","GNA15"
1.34329079117386e-44,1.56188667263421,0.56,0.076,2.9955384643177e-40,"9","PLXDC2"
2.13201314941697e-44,1.88400765202117,0.453,0.053,4.75438932319984e-40,"9","MPST"
2.35131371052725e-44,1.87562075173937,0.92,0.217,5.24342957447576e-40,"9","GRN"
7.37412831463935e-43,2.54483989092982,0.307,0.027,1.64443061416457e-38,"9","RAB34"
1.18350005307546e-42,1.48500414516965,0.613,0.092,2.63920511835828e-38,"9","RAB11FIP1"
1.27018656983417e-42,1.91573143142439,0.373,0.039,2.8325160507302e-38,"9","ADAM28"
1.83730870178741e-42,2.56937423451715,0.267,0.021,4.09719840498592e-38,"9","IL18"
2.86805776972238e-42,2.18981973284579,0.387,0.042,6.39576882648091e-38,"9","YIF1B"
4.30448990217292e-42,2.06300906788946,0.333,0.031,9.59901248184561e-38,"9","AC005332.1"
4.72805736843342e-41,2.09975253919064,0.347,0.035,1.05435679316065e-36,"9","ADAM15"
4.96672782967233e-41,1.61385889844612,0.693,0.119,1.10758030601693e-36,"9","SYNGR2"
1.64698882261357e-40,1.93801114918034,0.64,0.11,3.67278507442827e-36,"9","C20orf27"
2.80732725005973e-40,2.33741695535103,0.293,0.026,6.2603397676332e-36,"9","CD300C"
3.35965582904403e-40,1.80999282870969,0.773,0.154,7.4920324987682e-36,"9","SAMHD1"
3.7692103888911e-40,2.17452109640151,0.293,0.026,8.40533916722715e-36,"9","LEKR1"
3.97966211772883e-40,2.50538357829821,0.347,0.036,8.87464652253528e-36,"9","NIPSNAP3A"
8.76675772506357e-40,2.32411291809598,0.653,0.124,1.95498697268918e-35,"9","LMNA"
8.91046658133339e-40,1.76508197090498,0.813,0.17,1.98703404763735e-35,"9","NME2P1"
9.86407402878003e-40,1.44507131011522,0.893,0.196,2.19968850841795e-35,"9","LYZ"
1.14863672133862e-39,1.66135275090316,0.587,0.092,2.56145988858513e-35,"9","PRDX3"
2.7518925841955e-39,2.29811609944909,0.667,0.13,6.13672046275597e-35,"9","PRMT9"
6.24641160732383e-39,1.65333333182881,0.707,0.131,1.39294978843321e-34,"9","ETV6"
2.55749011938737e-38,1.72187045910263,0.88,0.217,5.70320296623383e-34,"9","FCGRT"
4.21457213055793e-38,1.65484772048477,0.907,0.231,9.39849585114418e-34,"9","PLAUR"
5.110155379452e-38,1.48063566933936,0.587,0.093,1.1395646496178e-33,"9","MOB3A"
5.11837559245087e-38,1.89139155469742,0.307,0.03,1.14139775711654e-33,"9","HAVCR2"
5.91814785062075e-38,1.57849647321497,0.68,0.124,1.31974697068843e-33,"9","CAT"
6.76985946194246e-38,1.67461042491711,0.92,0.24,1.50967866001317e-33,"9","AP1S2"
8.23737834365327e-38,2.10819603405266,0.4,0.049,1.83693537063468e-33,"9","NQO2"
1.08326120085735e-37,1.41905682549313,0.547,0.084,2.41567247791189e-33,"9","PLBD1"
1.44909425139807e-37,1.68802396446169,0.933,0.245,3.23148018061769e-33,"9","ANXA5"
2.69936341339238e-37,2.02570068482671,0.347,0.038,6.01958041186502e-33,"9","TRMT6"
1.18675450221363e-36,1.84973756325638,0.533,0.085,2.6464625399364e-32,"9","TGFBI"
1.240004134112e-36,1.91583600598499,0.387,0.047,2.76520921906977e-32,"9","YBX1P1"
1.31889404821728e-36,1.67717024928362,0.533,0.083,2.94113372752454e-32,"9","HEXB"
2.34335307386156e-36,1.85669943635325,0.413,0.054,5.22567735471127e-32,"9","GGCT"
2.92099098594517e-36,2.21439131941446,0.307,0.031,6.51380989865772e-32,"9","RNASE2"
2.96108599779247e-36,1.99174954860755,0.48,0.072,6.60322177507721e-32,"9","RNF24"
3.60142724040335e-36,1.57876939049782,0.773,0.164,8.03118274609946e-32,"9","RNF130"
1.03876638905296e-35,1.82053775680771,1,0.542,2.3164490475881e-31,"9","S100A10"
1.40122704270388e-35,1.75431330178894,1,0.493,3.12473630522966e-31,"9","COTL1"
1.52956767395251e-35,1.65894937537135,0.573,0.098,3.41093591291409e-31,"9","CEBPD"
2.03090566867259e-35,1.70348449867647,1,0.704,4.52891964113988e-31,"9","VIM"
2.66873733547678e-35,1.66483701944023,0.88,0.218,5.95128425811323e-31,"9","GDI2"
2.69879186619603e-35,1.81159135867439,0.613,0.112,6.01830586161715e-31,"9","SPINT2"
5.06119237952181e-35,1.25361188210842,0.68,0.133,1.12864590063336e-30,"9","IL1B"
1.41633028102901e-34,1.72925916069,0.387,0.05,3.1584165266947e-30,"9","DOCK5"
3.06038466957214e-34,1.51404888796937,0.853,0.205,6.82465781314588e-30,"9","H2AFY"
6.61477310910395e-34,1.66051215497015,0.4,0.053,1.47509440333018e-29,"9","SULF2"
7.14263711106727e-34,1.49726963863722,0.653,0.128,1.592808075768e-29,"9","STX11"
7.85807336447595e-34,0.896522346220464,1,0.991,1.75235036027814e-29,"9","TMSB10"
8.09271132257925e-34,1.65414223534719,0.44,0.063,1.80467462493517e-29,"9","MYD88"
9.19893435648757e-34,1.51525564867879,0.96,0.281,2.05136236149673e-29,"9","C1orf162"
9.90437477169435e-34,1.21187234728224,0.573,0.098,2.20867557408784e-29,"9","EIF4EBP1"
1.03869815534164e-33,2.17068732538442,0.267,0.026,2.31629688641187e-29,"9","PEA15"
1.44845163603255e-33,1.51070114500804,0.667,0.131,3.23004714835258e-29,"9","CASP1"
1.53159037062652e-33,1.55920801354083,0.56,0.097,3.41544652649713e-29,"9","GNAQ"
3.12694813065038e-33,1.18085489740399,0.707,0.141,6.97309433135034e-29,"9","FGL2"
3.44233113443509e-33,2.45964339465349,0.28,0.029,7.67639842979026e-29,"9","GGTA1P"
3.64519129835026e-33,2.01989505391616,0.307,0.034,8.12877659532108e-29,"9","FES"
6.06846726587701e-33,2.01603182089569,0.307,0.034,1.35326820029057e-28,"9","RCC2"
7.62470123736255e-33,1.59691988086831,0.68,0.139,1.70030837593185e-28,"9","TIPARP"
9.51394992023648e-33,1.22041518874538,0.707,0.145,2.12161083221274e-28,"9","TNFSF13B"
1.08796406874847e-32,1.69424492778707,0.36,0.045,2.4261598733091e-28,"9","SLC25A33"
1.38097689563171e-32,2.33513593383365,0.293,0.032,3.07957847725872e-28,"9","MAFG"
1.61386559908882e-32,2.133661320701,0.267,0.026,3.59892028596807e-28,"9","SLC8A1"
2.84022086363094e-32,1.78099695621582,0.413,0.06,6.33369252589699e-28,"9","DPYSL2"
2.90490854508579e-32,1.83995247077704,0.493,0.081,6.47794605554132e-28,"9","DUSP23"
3.71530071748346e-32,1.83915317400449,0.267,0.027,8.28512059998813e-28,"9","SHTN1"
4.35508534014426e-32,1.28054491461446,0.667,0.131,9.7118403085217e-28,"9","TPP1"
5.76489619185776e-32,1.41852262037584,0.88,0.227,1.28557185078428e-27,"9","PYCARD"
7.10276236388447e-32,1.26414588277555,0.68,0.136,1.58391600714624e-27,"9","THEMIS2"
1.11731030808539e-31,1.45608703247493,0.84,0.203,2.49160198703041e-27,"9","RNH1"
1.79955285218641e-31,1.50159743553727,0.707,0.153,4.01300286037568e-27,"9","LGALS3"
1.99324320302223e-31,2.03453496683718,0.32,0.038,4.44493234273956e-27,"9","PID1"
3.25732430914381e-31,1.52683006289734,0.6,0.115,7.2638332093907e-27,"9","HACD4"
4.02694856529763e-31,1.51632779825978,0.347,0.045,8.98009530061371e-27,"9","RAB32"
5.65830262673123e-31,1.61467345175663,0.933,0.323,1.26180148576107e-26,"9","CSTB"
5.95271988257608e-31,1.35006429805848,0.52,0.09,1.32745653381447e-26,"9","RAB31"
7.07586670444918e-31,1.42417672358614,0.893,0.249,1.57791827509217e-26,"9","TIMP1"
7.95284987352841e-31,1.6148168544616,1,0.463,1.77348552179684e-26,"9","GSTP1"
8.03225877171829e-31,1.68536025076025,0.453,0.072,1.79119370609318e-26,"9","NDUFS7"
1.27712564893921e-30,1.63930846517606,0.907,0.278,2.84799019713444e-26,"9","MAP3K8"
1.53676885694251e-30,1.96108244240556,0.307,0.036,3.42699455098179e-26,"9","BCKDK"
4.46419196099953e-30,1.94956029362338,0.347,0.046,9.95514807302896e-26,"9","PON2"
5.79285903560174e-30,1.3515436510371,0.56,0.103,1.29180756493919e-25,"9","ETHE1"
6.6493972781239e-30,2.06752640375481,0.267,0.029,1.48281559302163e-25,"9","CD302"
2.87525881345715e-29,1.71791411653976,0.413,0.064,6.41182715400944e-25,"9","MTMR14"
2.91736849954278e-29,0.824842745163447,0.733,0.16,6.5057317539804e-25,"9","MNDA"
4.06364983164331e-29,1.62115421452364,0.493,0.087,9.06193912456459e-25,"9","PPA2"
4.81961722927938e-29,1.09228924999716,1,0.985,1.0747746421293e-24,"9","ACTB"
5.32172925919563e-29,1.3616679423961,0.56,0.106,1.18674562480062e-24,"9","ARPC1B"
5.56060962627775e-29,1.4687671356642,0.48,0.082,1.24001594665994e-24,"9","DNAJC4"
6.61670823478174e-29,1.11354623923905,0.787,0.182,1.47552593635633e-24,"9","AC004687.1"
7.80912588423801e-29,1.66721426060333,0.293,0.035,1.74143507218508e-24,"9","DAPP1"
1.1553915247201e-28,1.04842897106857,0.533,0.097,2.57652310012583e-24,"9","ODF3B"
1.17478893187374e-28,1.5166994593963,0.413,0.065,2.61977931807844e-24,"9","ATF3"
2.36229647288016e-28,1.76626812588569,0.36,0.052,5.26792113452275e-24,"9","CYSTM1"
2.68843332986418e-28,1.44079998113664,0.707,0.162,5.99520632559711e-24,"9","PPT1"
2.88843383708476e-28,2.0202162772937,0.293,0.036,6.44120745669902e-24,"9","MTMR11"
4.65415172784799e-28,1.66246754878005,0.32,0.042,1.0378758353101e-23,"9","CTNNBIP1"
6.65244412271792e-28,1.71916032992653,0.44,0.075,1.4834950393661e-23,"9","TCOF1"
1.8503870629165e-27,1.16764118173018,0.627,0.13,4.1263631503038e-23,"9","EIF6"
2.11872641529323e-27,1.90880462094199,0.267,0.031,4.7247599061039e-23,"9","FGD2"
2.22346153238232e-27,1.31138779663515,0.76,0.183,4.95831921721257e-23,"9","ATP5G1"
2.53217336273927e-27,1.36345960549931,0.52,0.099,5.64674659890856e-23,"9","ARF5"
3.08099088257663e-27,1.56745767236653,0.44,0.076,6.87060966814589e-23,"9","DDAH2"
3.29619393593173e-27,1.13382666421904,0.907,0.262,7.35051247712775e-23,"9","CSTA"
3.70279003873217e-27,1.78277956794758,0.333,0.047,8.25722178637273e-23,"9","PNP"
4.45066008948363e-27,1.36674894562208,0.427,0.071,9.9249719995485e-23,"9","ARF3"
5.6687667063497e-27,1.26236345447595,1,0.42,1.26413497551598e-22,"9","GPX1"
6.20735547691946e-27,1.38203136781426,0.693,0.165,1.38424027135304e-22,"9","LAMTOR2"
7.08078654470879e-27,1.73667807493912,0.32,0.044,1.57901539947006e-22,"9","RASSF4"
7.59245872778672e-27,1.25811944435419,0.413,0.067,1.69311829629644e-22,"9","ADAM8"
1.00672560694694e-26,1.35556419949754,0.547,0.11,2.24499810349168e-22,"9","PLSCR1"
1.11115392775887e-26,1.62445798369016,0.347,0.051,2.47787325890228e-22,"9","SNRNP25"
1.28304167614482e-26,1.46437006570058,0.947,0.356,2.86118293780295e-22,"9","TAGLN2"
1.3279240230724e-26,1.19719842972011,0.853,0.236,2.96127057145145e-22,"9","TALDO1"
1.33420010318469e-26,1.4889366274678,1,0.511,2.97526623010187e-22,"9","LGALS1"
2.1295750070075e-26,2.50597040852825,0.267,0.033,4.74895226562674e-22,"9","TCTN3"
2.69923920521825e-26,1.65299522235632,0.36,0.055,6.01930342763669e-22,"9","EIF4A1P7"
5.45152342614847e-26,1.14476172428331,0.493,0.092,1.21568972403111e-21,"9","SNX10"
5.73504251260679e-26,1.19185325694583,0.6,0.127,1.27891448031131e-21,"9","ATG3"
5.85784173137188e-26,1.32455512359454,0.587,0.124,1.30629870609593e-21,"9","GAPDHP1"
6.79713380153734e-26,1.58224437762434,0.347,0.052,1.51576083774283e-21,"9","SYK"
7.39677315743452e-26,1.07136120643468,0.453,0.083,1.6494804141079e-21,"9","BCL11A"
8.74510866787831e-26,1.80785810260877,0.28,0.036,1.95015923293686e-21,"9","DERA"
1.10095392800915e-25,1.83239492268157,0.4,0.069,2.4551272594604e-21,"9","CXCL16"
1.12030579297539e-25,1.39214491296048,0.4,0.067,2.49828191833512e-21,"9","C19orf38"
1.69171151165288e-25,1.53911888966247,0.32,0.045,3.77251667098592e-21,"9","FAM129A"
2.00484549804564e-25,1.51318651397093,0.96,0.361,4.47080546064177e-21,"9","ARL4C"
2.32300624836552e-25,1.56282169133533,0.373,0.06,5.18030393385511e-21,"9","CPPED1"
2.55296376343558e-25,1.57332323423146,0.8,0.25,5.69310919246134e-21,"9","PPA1"
3.4986603449692e-25,1.08062547336615,0.653,0.146,7.80201256928131e-21,"9","CYC1"
3.83606257732741e-25,1.35819759194287,0.92,0.286,8.55441954744011e-21,"9","ATP5B"
5.047366191369e-25,1.48473035150362,0.32,0.046,1.12556266067529e-20,"9","RPS6KA4"
5.46699533010542e-25,1.634041373861,0.347,0.053,1.21913995861351e-20,"9","HDAC3"
7.22883421623246e-25,1.22485247483358,0.56,0.118,1.61203003021984e-20,"9","BHLHE40"
1.05558330634947e-24,0.991965658068431,0.987,0.366,2.35395077315932e-20,"9","LST1"
1.23668233019405e-24,1.41360489006553,0.587,0.13,2.75780159633274e-20,"9","TMEM14C"
1.25190119766471e-24,1.18754995410652,0.573,0.125,2.79173967079231e-20,"9","TPM4"
1.95122718446212e-24,1.45873504214128,0.44,0.082,4.35123662135052e-20,"9","ETV3"
2.81756856301074e-24,1.47995582958653,0.36,0.058,6.28317789551394e-20,"9","PLEKHO1"
3.53098546981218e-24,1.69357136041466,0.293,0.041,7.87409759768115e-20,"9","TOR2A"
3.84877627897436e-24,1.15256434128518,0.493,0.097,8.58277110211283e-20,"9","PARVG"
4.25630828620503e-24,1.62338703825673,0.373,0.063,9.49156747823721e-20,"9","HBEGF"
4.84508293233856e-24,1.42261343642263,0.373,0.062,1.0804534939115e-19,"9","EEF1E1"
5.20148426634783e-24,1.38994822315132,0.533,0.114,1.15993099139557e-19,"9","RBPJ"
5.85681271768832e-24,1.52680832194515,0.307,0.044,1.3060692360445e-19,"9","FBP1"
6.45365710450503e-24,1.13280193257853,0.36,0.059,1.43916553430462e-19,"9","PTGS2"
6.54989462137447e-24,1.1796549309197,0.787,0.206,1.46062650056651e-19,"9","RAB7A"
8.134619352102e-24,2.02709036943277,0.253,0.032,1.81402011551875e-19,"9","BTK"
9.26978013088697e-24,1.22083659735188,0.52,0.108,2.06716096918779e-19,"9","PTEN"
9.67892946640453e-24,1.58238758893275,0.32,0.048,2.15840127100821e-19,"9","TOR3A"
1.06024667202055e-23,1.19168177684764,0.72,0.181,2.36435007860582e-19,"9","GRB2"
1.28650006914188e-23,1.22929170369835,0.987,0.674,2.8688951541864e-19,"9","YBX1"
1.56992466544054e-23,1.28394586355007,0.96,0.43,3.5009320039324e-19,"9","SLC25A5"
1.57174948189921e-23,1.70488923336937,0.307,0.045,3.50500134463524e-19,"9","RALA"
1.80675164514116e-23,1.67682679384613,0.293,0.042,4.02905616866479e-19,"9","ISOC2"
1.8301853138958e-23,1.31742003337742,0.427,0.08,4.08131324998763e-19,"9","OGFRL1"
1.86724576557293e-23,1.39386825397697,0.4,0.072,4.16395805722764e-19,"9","IRF8"
1.94224354175136e-23,1.47014066828785,0.253,0.032,4.33120309810553e-19,"9","GNG7"
1.97675559619981e-23,1.18053842598651,0.8,0.219,4.40816497952558e-19,"9","PGLS"
2.26417295928794e-23,1.29975379465824,0.693,0.182,5.04910569921211e-19,"9","SSR1"
2.41783243782419e-23,1.3712564322246,0.373,0.064,5.39176633634794e-19,"9","LILRB3"
2.46370492589854e-23,1.41631994533363,0.427,0.08,5.49406198475375e-19,"9","LAP3"
2.52013617395165e-23,1.12595569590276,0.907,0.272,5.61990366791217e-19,"9","SEC11A"
2.92212011506264e-23,1.44908343995719,0.32,0.049,6.51632785658968e-19,"9","PARVB"
3.00447885674122e-23,1.17714097399146,0.76,0.208,6.69998785053291e-19,"9","CHP1"
3.24201731361114e-23,0.970460907505983,0.707,0.172,7.22969860935285e-19,"9","MRPL23"
3.57765425801594e-23,1.05541311230266,0.547,0.118,7.97816899537554e-19,"9","CARD19"
4.57352299507017e-23,1.1617526525525,0.933,0.306,1.01989562790065e-18,"9","AP2S1"
5.29499913350154e-23,1.09838449655065,0.52,0.11,1.18078480677084e-18,"9","LYPLA1"
5.73905941625264e-23,1.22181153873937,0.627,0.151,1.27981024982434e-18,"9","PTRHD1"
6.13097423245189e-23,1.3953578479859,0.84,0.25,1.36720725383677e-18,"9","SNX3"
6.21200078218072e-23,1.28623374169935,0.893,0.308,1.3852761744263e-18,"9","RAC1"
7.30519873709107e-23,1.69075779130713,0.293,0.043,1.62905931837131e-18,"9","EIF4A1P2"
7.38114872283897e-23,1.0662316788009,0.44,0.084,1.64599616519309e-18,"9","GAS7"
7.60258814658725e-23,1.16403656295761,0.453,0.089,1.69537715668896e-18,"9","EIF4E2"
8.86697856763906e-23,1.30439592951673,0.507,0.107,1.97733622058351e-18,"9","GLIPR1"
1.07733267763725e-22,0.971922873042032,0.627,0.147,2.40245187113107e-18,"9","FGR"
1.11761977119864e-22,1.43729357328414,0.387,0.069,2.49229208977298e-18,"9","CHCHD3"
1.14146382766739e-22,1.89112222790539,0.293,0.044,2.54546433569829e-18,"9","PCBD1"
1.16174051825587e-22,1.27386382216727,0.373,0.064,2.59068135571059e-18,"9","RAPGEF1"
1.25069084893529e-22,1.58479237197579,0.333,0.054,2.7890405931257e-18,"9","TPMT"
1.46548359288225e-22,1.26626155805092,0.88,0.278,3.26802841212742e-18,"9","COX5A"
1.62806981420569e-22,1.3924658336993,0.293,0.043,3.6305956856787e-18,"9","OXSR1"
1.76797402860675e-22,1.2243637635376,0.56,0.127,3.94258208379306e-18,"9","DECR1"
1.77895543888295e-22,1.07618046995284,0.453,0.089,3.96707062870897e-18,"9","SH2B3"
2.06726863087195e-22,1.47805929496524,0.453,0.092,4.61000904684446e-18,"9","LPXN"
2.1703359141625e-22,1.6903808718372,0.28,0.04,4.83984908858238e-18,"9","KYNU"
2.41845564002855e-22,1.19098452613245,0.64,0.155,5.39315607726367e-18,"9","NDUFB5"
2.61779568971259e-22,0.994795342224194,1,0.376,5.83768438805908e-18,"9","FCER1G"
3.06865248001399e-22,1.60470860287197,0.307,0.048,6.84309503043121e-18,"9","AHCY"
3.08517420242446e-22,1.11276046365942,0.507,0.107,6.87993847140654e-18,"9","TWF2"
3.21904402176821e-22,1.35743853704094,0.427,0.082,7.1784681685431e-18,"9","AL158801.4"
3.48321921738829e-22,1.16821789449603,0.467,0.096,7.76757885477588e-18,"9","MEF2C"
4.5282830956905e-22,1.22426394490598,0.627,0.158,1.00980713033898e-17,"9","YWHAE"
4.71994581945594e-22,1.76592074991792,0.293,0.045,1.05254791773867e-17,"9","ZNF385A"
4.73531635527466e-22,1.16983209835693,0.387,0.07,1.05597554722625e-17,"9","PLD3"
4.79653462366676e-22,1.32582464519602,0.693,0.195,1.06962722107769e-17,"9","RILPL2"
6.56720196714807e-22,0.93664980064635,0.6,0.14,1.46448603867402e-17,"9","PPP4C"
7.56649069696343e-22,1.00454533357114,0.427,0.082,1.68732742542285e-17,"9","CRTAP"
9.28274095608856e-22,1.76625307232629,0.253,0.035,2.07005123320775e-17,"9","EMC8"
1.10124409465621e-21,1.38998617030664,0.293,0.045,2.45577433108334e-17,"9","MRPL45"
1.90966728720686e-21,1.12079050883784,0.333,0.056,4.25855805047129e-17,"9","HNMT"
2.03832135458165e-21,1.24689810182708,0.933,0.41,4.54545662071707e-17,"9","SLC25A3"
3.01274980011487e-21,0.815613462793128,0.987,0.368,6.71843205425617e-17,"9","AIF1"
3.2005716829316e-21,0.583126209790717,1,0.992,7.13727485293746e-17,"9","RPS24"
3.34238655751231e-21,1.17850039563297,0.973,0.374,7.45352202325245e-17,"9","TPI1"
4.55031799282598e-21,1.25253021121611,0.387,0.073,1.01472091240019e-16,"9","KCTD12"
5.15718925546154e-21,1.24161570305803,0.347,0.061,1.15005320396792e-16,"9","AK2"
5.15934630425768e-21,1.04818807579889,0.547,0.126,1.15053422584946e-16,"9","FIBP"
6.06173470087873e-21,1.40128558320291,0.387,0.074,1.35176683829596e-16,"9","MTHFD2"
6.47271947631386e-21,1.30647082611649,0.573,0.141,1.44341644321799e-16,"9","NR4A3"
6.88425787898509e-21,1.34430167703142,0.267,0.039,1.53518950701368e-16,"9","GLRX5"
7.89985876005688e-21,1.47644800554288,0.347,0.063,1.76166850349268e-16,"9","SOX4"
8.13078995022523e-21,1.07632446833901,0.64,0.165,1.81316615890023e-16,"9","ELMSAN1"
1.07175649509452e-20,1.30776681845109,0.427,0.088,2.39001698406078e-16,"9","CKS2"
1.09363320148965e-20,1.06131530636517,0.92,0.305,2.43880203932192e-16,"9","ARPC5"
1.39991309777298e-20,1.33755861266269,0.56,0.138,3.12180620803375e-16,"9","HMGA1"
1.58932239254482e-20,1.21904845430772,0.427,0.087,3.54418893537495e-16,"9","OAZ2"
2.96386133147677e-20,1.48316126027402,0.413,0.086,6.6094107691932e-16,"9","TXNP6"
3.15746488341715e-20,0.978240401695554,0.587,0.146,7.04114669002026e-16,"9","ATOX1"
3.34929213054982e-20,0.989692162497497,0.52,0.119,7.46892145112609e-16,"9","GNB2"
3.52992755096705e-20,1.56428947279957,0.253,0.037,7.87173843865652e-16,"9","CSF1R"
3.97025760444453e-20,1.08258908567292,0.613,0.153,8.85367445791131e-16,"9","APEX1"
4.12645160958145e-20,0.917450417503478,0.907,0.295,9.20198708936664e-16,"9","TKT"
4.2814722522995e-20,1.18099945781386,0.533,0.128,9.54768312262788e-16,"9","COMT"
4.28407823628637e-20,0.822280942972474,0.4,0.078,9.55349446691862e-16,"9","MFSD1"
4.5532467936286e-20,1.06913908680986,0.373,0.071,1.01537403497918e-15,"9","TXNL4A"
4.7197245175861e-20,0.798242936658574,0.56,0.131,1.0524985674217e-15,"9","CMTM6"
4.95977024174429e-20,1.44241316181362,0.347,0.064,1.10602876390898e-15,"9","MTCH2"
5.16732355094632e-20,1.18791723732938,0.92,0.351,1.15231315186103e-15,"9","ATP5J2"
5.51238810363093e-20,1.33731593851508,0.307,0.052,1.2292625471097e-15,"9","TSEN34"
5.83131332318181e-20,1.56564245026922,0.36,0.069,1.30038287106954e-15,"9","SEC13"
9.36407667471257e-20,1.20885810841035,0.933,0.438,2.0881890984609e-15,"9","LSP1"
9.68626878162076e-20,0.979654456751035,0.667,0.176,2.16003793830143e-15,"9","MYDGF"
1.04024811971629e-19,1.17504489555968,0.947,0.388,2.31975330696734e-15,"9","BRK1"
1.15867284958851e-19,0.841810305702525,0.627,0.158,2.58384045458237e-15,"9","SFT2D1"
1.19505880998109e-19,1.1230635125758,0.387,0.076,2.66498114625782e-15,"9","SFT2D2"
1.20338905614323e-19,1.3527523689771,0.28,0.045,2.6835575951994e-15,"9","AP1B1"
1.21956446001482e-19,1.03758749095755,1,0.794,2.71962874583305e-15,"9","ACTG1"
1.46412500761957e-19,1.37042244418948,0.253,0.038,3.26499876699163e-15,"9","PGP"
2.17192812742428e-19,1.11344063980126,0.893,0.317,4.84339972415615e-15,"9","MTDH"
2.70706808080524e-19,1.22177291922673,0.307,0.053,6.03676182019569e-15,"9","FUOM"
2.90445722091285e-19,1.40280109008387,0.267,0.042,6.47693960263565e-15,"9","RAC1P2"
3.23788553173748e-19,1.60643610749766,0.253,0.038,7.22048473577457e-15,"9","GLB1"
3.35271024595834e-19,1.15957237526717,0.373,0.074,7.47654384848709e-15,"9","LAT2"
3.89331984503918e-19,1.57776581696152,0.293,0.05,8.68210325443737e-15,"9","YBX1P2"
4.31118925825182e-19,0.657291380264542,0.587,0.144,9.61395204590156e-15,"9","IFNGR1"
4.87274894914293e-19,1.68253141890483,0.253,0.039,1.08662301565887e-14,"9","MBOAT7"
5.0029612845206e-19,0.903981095471992,0.693,0.187,1.1156603664481e-14,"9","VDAC1"
5.38883056999844e-19,1.12437990312069,0.387,0.078,1.20170921710965e-14,"9","MALT1"
5.60066992635959e-19,0.836437937108192,1,0.842,1.24894939357819e-14,"9","CFL1"
5.90591210844295e-19,1.26716269512815,0.427,0.093,1.31701840018278e-14,"9","RIPK2"
6.01490880791747e-19,1.30903475870351,0.28,0.046,1.3413246641656e-14,"9","THOC6"
6.47736335555884e-19,1.05563943490077,0.533,0.129,1.44445202828962e-14,"9","PABPC4"
7.25043898846952e-19,0.984861930287726,0.573,0.148,1.6168478944287e-14,"9","FAM26F"
1.05742167314851e-18,1.18711747464454,0.573,0.151,2.35805033112118e-14,"9","CD83"
1.08689265858431e-18,0.854253482483011,0.76,0.224,2.423770628643e-14,"9","PTPRE"
1.2511985076295e-18,0.871618753994117,0.747,0.215,2.79017267201379e-14,"9","SUPT4H1"
1.30193805286008e-18,1.20094418580204,0.707,0.213,2.90332185787797e-14,"9","VASP"
1.43993800564156e-18,0.952786212125766,0.56,0.139,3.21106175258068e-14,"9","OXA1L"
1.53905303422379e-18,1.05854592161442,0.44,0.097,3.43208826631906e-14,"9","TIMM17A"
1.71121033166728e-18,1.2024169340867,0.253,0.039,3.81599903961803e-14,"9","CD300LF"
1.72473743021061e-18,1.38589709255039,0.293,0.051,3.84616446936966e-14,"9","MIF4GD"
1.73614099199178e-18,1.51600714815932,0.333,0.064,3.87159441214168e-14,"9","MAFF"
1.8659965855595e-18,1.07413590267116,0.413,0.089,4.16117238579768e-14,"9","TMEM109"
1.8804623331219e-18,0.81234965376769,0.493,0.115,4.19343100286184e-14,"9","SNX2"
1.95586821455717e-18,1.3011499202677,0.36,0.072,4.36158611846248e-14,"9","NDEL1"
1.97851181155986e-18,0.86790630168577,0.88,0.287,4.4120813397785e-14,"9","GNG5"
2.2034576294395e-18,1.08351771281203,0.667,0.194,4.9137105136501e-14,"9","CNPY3"
3.03849681423305e-18,1.12350226615611,0.267,0.043,6.77584789573971e-14,"9","MCTP1"
3.29539013131801e-18,0.924340518083082,0.387,0.08,7.34871999283917e-14,"9","PICALM"
3.37198229529183e-18,1.10325093405008,0.373,0.076,7.51952051850077e-14,"9","DHRS4L2"
7.57013580716181e-18,1.14616788705321,0.347,0.069,1.68814028499708e-13,"9","AMPD2"
7.66050244130782e-18,1.0979020527832,0.667,0.197,1.70829204441164e-13,"9","IRF2BP2"
9.2835729206269e-18,1.53138303172584,0.493,0.126,2.0702367612998e-13,"9","MARCKSL1"
1.00531483151858e-17,1.4795588442024,0.253,0.041,2.24185207428643e-13,"9","MRPL37"
1.00717225023975e-17,0.747280656214564,0.933,0.368,2.24599411803463e-13,"9","S100A11"
1.15906626952513e-17,1.60590675293239,0.253,0.041,2.58471778104104e-13,"9","NCBP3"
1.18725779782452e-17,0.732768194861658,0.573,0.148,2.64758488914868e-13,"9","EFHD2"
1.22630133374743e-17,0.909354842375477,0.72,0.212,2.73465197425676e-13,"9","OSTC"
1.50712389122703e-17,1.59911432962883,0.28,0.049,3.36088627743628e-13,"9","PHLDA1"
1.6225176478766e-17,1.1572130025284,0.947,0.423,3.61821435476481e-13,"9","DBI"
1.64357931768986e-17,0.848070707463128,0.64,0.174,3.66518187844838e-13,"9","PDCD6"
1.65104517616288e-17,1.02628741264,0.453,0.106,3.68183074284323e-13,"9","MLF2"
1.65145578091483e-17,1.01371669654125,0.427,0.097,3.68274639144006e-13,"9","RAB4A"
1.71136606507524e-17,1.05018990906105,0.32,0.061,3.81634632511778e-13,"9","FLOT2"
1.7930772267543e-17,1.08348579274692,0.387,0.082,3.99856221566209e-13,"9","TCEAL8"
1.79987342628326e-17,0.829174555959592,0.573,0.147,4.01371774061168e-13,"9","CLNS1A"
1.8600013624339e-17,0.942556199771843,0.8,0.25,4.14780303822759e-13,"9","PSMA1"
2.02738832238227e-17,1.26953261182045,0.4,0.089,4.52107595891246e-13,"9","MKNK2"
2.4150314624791e-17,1.08566866557024,0.36,0.074,5.3855201613284e-13,"9","HPS1"
2.49771836510203e-17,0.522141151784838,1,0.975,5.56991195417754e-13,"9","RPS11"
2.53010836917992e-17,1.45422425628243,0.253,0.042,5.64214166327121e-13,"9","GAA"
2.58890262058544e-17,0.992362792917619,0.933,0.366,5.77325284390553e-13,"9","FKBP1A"
2.70517941569097e-17,0.923087904768814,0.96,0.448,6.03255009699086e-13,"9","FOSB"
3.26084563044529e-17,0.741801225557616,0.6,0.162,7.27168575589299e-13,"9","PHPT1"
3.6199436512893e-17,1.06415421758025,0.813,0.285,8.07247434237514e-13,"9","NDUFA12"
4.00398811553744e-17,0.734772554912093,0.427,0.097,8.9288934976485e-13,"9","NCF2"
4.06128640056534e-17,0.924666694020555,0.72,0.221,9.05666867326072e-13,"9","AHNAK"
4.15804699021787e-17,1.02932846211569,0.613,0.17,9.27244478818584e-13,"9","ESD"
4.19487488628613e-17,1.42809539157822,0.267,0.046,9.35457099641808e-13,"9","PRKAG2-AS1"
4.45601074952656e-17,1.09696487710771,0.413,0.094,9.93690397144422e-13,"9","RUNX1"
4.61996514221542e-17,1.12297458005664,0.307,0.058,1.03025222671404e-12,"9","C3orf58"
4.84308838487102e-17,0.976856635022596,0.48,0.119,1.08000870982624e-12,"9","ATP6V0D1"
5.05964856099659e-17,1.22571993252343,0.32,0.062,1.12830162910224e-12,"9","MAP3K13"
5.18523893319167e-17,0.851820665616469,0.64,0.178,1.15630828210174e-12,"9","KIF5B"
5.30288509216012e-17,0.734627912135863,0.493,0.122,1.18254337555171e-12,"9","QKI"
5.33541839125513e-17,1.00391569745928,0.36,0.075,1.18979830124989e-12,"9","LYSMD2"
5.58641102170534e-17,1.08602883399074,0.467,0.114,1.24576965784029e-12,"9","PIM3"
5.60362029304098e-17,1.02050086662259,0.533,0.14,1.24960732534814e-12,"9","MPC1"
5.76028505943171e-17,0.989171585134393,0.533,0.14,1.28454356825327e-12,"9","POLR2E"
6.23737979952426e-17,1.0594566483972,0.373,0.08,1.39093569529391e-12,"9","ATXN10"
6.42548741046491e-17,0.927827032133232,0.493,0.122,1.43288369253368e-12,"9","HSD17B10"
6.84852676980681e-17,0.932029869276851,0.52,0.133,1.52722146966692e-12,"9","PPM1G"
8.06986131772057e-17,0.899652703080236,0.32,0.063,1.79957907385169e-12,"9","TMEM52B"
8.1578676431745e-17,1.05049947813101,0.453,0.11,1.81920448442791e-12,"9","SYNCRIP"
8.68391697790693e-17,1.08242063533397,0.533,0.143,1.93651348607324e-12,"9","QARS"
8.86733435869846e-17,1.2739551039895,0.293,0.055,1.97741556198976e-12,"9","ATP6V1D"
9.48865316495421e-17,0.931817374788765,0.787,0.256,2.11596965578479e-12,"9","LAPTM4A"
9.7852169327188e-17,0.961891862219121,0.76,0.246,2.18210337599629e-12,"9","DDX21"
1.05453138332463e-16,1.05869513208589,0.373,0.081,2.35160498481394e-12,"9","NCOA3"
1.0937912731731e-16,1.41988313788977,0.267,0.047,2.43915453917601e-12,"9","MLEC"
1.16398741582524e-16,1.17072614206223,0.32,0.063,2.59569193729028e-12,"9","APPL1"
1.20200445330915e-16,1.40343088804707,0.307,0.06,2.68046993087941e-12,"9","NPM3"
1.29514059842839e-16,0.769883321358939,0.507,0.127,2.8881635344953e-12,"9","MRPL11"
1.32640958693081e-16,0.891059090127666,0.507,0.128,2.9578933788557e-12,"9","RTFDC1"
1.32853903895239e-16,1.01798034871631,0.373,0.082,2.96264205686382e-12,"9","MGST1"
1.38135973480212e-16,0.925391651245318,0.533,0.14,3.08043220860873e-12,"9","SDHB"
1.51679082073598e-16,0.841561591595473,0.533,0.14,3.38244353024123e-12,"9","NDUFB3"
1.56486548253456e-16,1.33645701367466,0.293,0.055,3.48965002605207e-12,"9","ACYP2"
1.67071677822761e-16,1.18517660708016,0.307,0.06,3.72569841544757e-12,"9","IRF7"
2.05929372765628e-16,0.512951355627829,1,0.982,4.59222501267351e-12,"9","RPS2"
2.10334019416445e-16,0.912862275661125,0.52,0.135,4.69044863298673e-12,"9","DDOST"
2.20016101169967e-16,1.22008656460988,0.347,0.073,4.90635905609026e-12,"9","SUSD6"
2.85429746728624e-16,0.966598409343694,0.493,0.128,6.36508335204831e-12,"9","BAG1"
2.89964686605395e-16,0.760475885933658,0.707,0.209,6.4662125113003e-12,"9","DEK"
2.96619664247674e-16,0.990042114994859,0.933,0.403,6.61461851272312e-12,"9","ENO1"
3.07853300607419e-16,0.865864182377305,0.52,0.136,6.86512860354543e-12,"9","C7orf50"
3.24514430608346e-16,0.885483731349935,0.333,0.068,7.2366718025661e-12,"9","NBPF14"
3.27015604148605e-16,0.972112132435362,0.44,0.107,7.2924479725139e-12,"9","NDUFS3"
3.28675704775282e-16,0.878459018743125,0.867,0.318,7.32946821648878e-12,"9","ATP6V0B"
3.47293130946334e-16,0.970852671977512,0.52,0.137,7.74463682010325e-12,"9","TXN2"
3.57377019360877e-16,0.907065179694519,0.813,0.276,7.96950753174756e-12,"9","LAMTOR1"
3.6020691423872e-16,1.15120176561278,0.293,0.056,8.03261418752345e-12,"9","WASHC4"
3.7230398955838e-16,1.28098977963762,0.267,0.048,8.30237896715189e-12,"9","BTAF1"
3.86094207972705e-16,1.15091113000724,0.387,0.089,8.60990083779131e-12,"9","COPS3"
4.21034721635879e-16,1.27762039084344,0.32,0.066,9.3890742924801e-12,"9","ITM2C"
4.30669173769141e-16,0.853913060945882,0.773,0.251,9.60392257505184e-12,"9","ATP5F1"
4.33405640712124e-16,0.943151200005283,0.493,0.128,9.66494578788037e-12,"9","DNAJC15"
4.3893325294312e-16,0.935114623527966,0.56,0.154,9.78821154063157e-12,"9","PHB2"
4.86733436772733e-16,1.17986071039659,0.267,0.048,1.0854155640032e-11,"9","LRRC25"
5.68816878597346e-16,0.864459975258746,0.693,0.214,1.26846163927208e-11,"9","GNAI2"
5.82612784844315e-16,0.537424254832284,0.6,0.166,1.29922651020282e-11,"9","LYN"
5.88981421977015e-16,1.16540214188456,0.253,0.044,1.31342857100874e-11,"9","STX7"
7.06289632100491e-16,1.05367278645362,0.48,0.125,1.5750258795841e-11,"9","PSMA5"
7.33079809562597e-16,0.981348378554479,0.373,0.085,1.63476797532459e-11,"9","SNORD3B-1"
9.32730595099726e-16,0.652592296935278,0.507,0.13,2.07998922707239e-11,"9","MED28"
9.67884348522169e-16,1.30984732145161,0.267,0.049,2.15838209720444e-11,"9","ELMO1"
9.85857898113807e-16,0.718800607157249,0.52,0.139,2.19846311279379e-11,"9","CBX6"
1.02201951849478e-15,1.22718615194375,0.293,0.058,2.27910352624337e-11,"9","BZW2"
1.07889250284062e-15,0.88337736184472,0.52,0.139,2.40593028133457e-11,"9","MRPS15"
1.11100373946694e-15,1.21744044640649,0.333,0.071,2.47753833901128e-11,"9","AC025171.1"
1.14198124456668e-15,0.801172426559747,0.733,0.235,2.5466181753837e-11,"9","CARD16"
1.26906943047341e-15,0.839765282913521,0.373,0.084,2.8300248299557e-11,"9","ARPC3P5"
1.35560332829864e-15,1.00554829596823,0.667,0.206,3.02299542210596e-11,"9","ARRB2"
1.40437347549364e-15,0.839189862695579,0.667,0.201,3.13175285035082e-11,"9","HADHA"
1.77579313116532e-15,0.840288059924547,0.867,0.297,3.96001868249867e-11,"9","RHOG"
1.79394318956426e-15,0.984649294924564,0.307,0.063,4.00049331272829e-11,"9","SNORD3B-2"
2.06449340822354e-15,0.959501393490193,0.747,0.254,4.6038203003385e-11,"9","ATP5C1"
2.06671260260486e-15,0.360869559112434,0.653,0.19,4.60876910380884e-11,"9","BLVRB"
2.17449362201327e-15,0.942319586276092,0.653,0.205,4.8491207770896e-11,"9","SH3KBP1"
2.43343818166102e-15,0.926824102030125,0.68,0.218,5.42656714510407e-11,"9","NAA38"
2.51677644016967e-15,0.887029856790232,0.573,0.164,5.61241146157836e-11,"9","GTF3C6"
2.58948734334528e-15,0.951420871989311,0.347,0.077,5.77455677565999e-11,"9","GAPDH"
2.64969548622148e-15,0.828421946163543,1,0.87,5.90882093427391e-11,"9","MT-RNR1"
2.65451321695314e-15,0.730750119934657,0.387,0.089,5.91956447380551e-11,"9","MRPL21"
2.94447755974488e-15,1.02343958857363,0.773,0.261,6.56618495823109e-11,"9","GABARAPL2"
3.10263717116339e-15,0.539197991584294,0.733,0.226,6.91888089169435e-11,"9","ATP2B1"
3.52308115702703e-15,1.80924658362635,0.52,0.163,7.85647098017027e-11,"9","AREG"
3.52725618896609e-15,0.92710611921525,0.853,0.316,7.86578130139438e-11,"9","FAM49B"
3.54972965589872e-15,1.0670676016228,0.387,0.091,7.91589713265415e-11,"9","CD4"
3.59368892626816e-15,0.837746801107936,0.44,0.11,8.013926305578e-11,"9","SRA1"
3.62661987821107e-15,1.03505605076061,0.28,0.054,8.08736232841068e-11,"9","DCAF7"
3.8026672760185e-15,0.699816017361076,0.613,0.177,8.47994802552126e-11,"9","CAPN2"
4.0796927033907e-15,0.731756075622112,0.48,0.125,9.09771472856126e-11,"9","SNX17"
4.18185738641361e-15,0.981195826743122,0.853,0.31,9.32554197170235e-11,"9","TXN"
4.19030595206992e-15,0.812445384123262,0.52,0.142,9.34438227311593e-11,"9","MAP2K3"
4.35868395655473e-15,0.919300731558567,0.813,0.294,9.71986522311704e-11,"9","RGS10"
4.50495567889781e-15,0.572358714334285,1,0.988,1.00460511639421e-10,"9","MT-RNR2"
4.61301202577622e-15,0.936081568099626,0.947,0.41,1.0287016817481e-10,"9","ATP5G3"
5.9955811849996e-15,0.838501933180698,0.64,0.192,1.33701460425491e-10,"9","NDUFAB1"
6.10648273850977e-15,0.860735869264374,0.867,0.311,1.36174565068768e-10,"9","COX7A2L"
6.11363229649427e-15,0.809356617375893,0.573,0.168,1.36334000211822e-10,"9","GLRX"
6.82858723814081e-15,0.892367991193001,0.44,0.114,1.5227749541054e-10,"9","FERMT3"
7.02324839791428e-15,0.806309668266634,0.533,0.148,1.56618439273488e-10,"9","IDH2"
7.0544976941429e-15,0.893904891533229,0.693,0.222,1.57315298579387e-10,"9","ACTR3"
7.17540395461186e-15,0.970623177387438,0.333,0.073,1.60011508187845e-10,"9","NIPSNAP2"
8.99520703906646e-15,1.19835928224061,0.4,0.1,2.00593116971182e-10,"9","ERCC1"
1.06610603109969e-14,0.841054665276587,0.587,0.174,2.37741644935231e-10,"9","REEP5"
1.07137155550399e-14,0.91268169333085,0.4,0.098,2.3891585687739e-10,"9","VPS35"
1.0990762242203e-14,1.28373606087067,0.333,0.075,2.45093998001128e-10,"9","OSM"
1.17086745268903e-14,0.987740381487632,0.32,0.069,2.61103441949653e-10,"9","GUSB"
1.20850564140993e-14,0.865766345558402,0.6,0.179,2.69496758034415e-10,"9","NDUFS8"
1.25102184635206e-14,0.893460045057648,0.693,0.223,2.78977871736509e-10,"9","ERGIC3"
1.32651586411189e-14,1.19623542622982,0.32,0.071,2.95813037696952e-10,"9","AC007952.4"
1.48690655735158e-14,0.765309410017624,0.4,0.098,3.31580162289401e-10,"9","RIN3"
1.54463502361629e-14,0.910427684958287,0.893,0.365,3.44453610266433e-10,"9","RNASET2"
1.56576412616552e-14,1.09128317254016,0.267,0.052,3.49165400134911e-10,"9","DNAJB11"
1.57789765010627e-14,0.659176589268356,0.48,0.128,3.51871175973699e-10,"9","TIMM8B"
1.59564218514928e-14,1.1049822670724,0.333,0.075,3.5582820728829e-10,"9","MRPL3"
1.64036122400985e-14,0.877549027614592,0.813,0.286,3.65800552954197e-10,"9","ATP5A1"
1.64937958053851e-14,1.02758364183988,0.32,0.07,3.67811646460088e-10,"9","RARA"
1.72241968406083e-14,0.614211065819809,0.52,0.142,3.84099589545566e-10,"9","ANKRD11"
1.80220096839277e-14,0.926165581788737,0.8,0.292,4.01890815951588e-10,"9","AP002784.2"
1.81857374139345e-14,1.29052736857863,0.253,0.048,4.0554194433074e-10,"9","CNDP2"
1.92209600184388e-14,0.697521929785582,1,0.848,4.28627408411185e-10,"9","OAZ1"
1.97240392506078e-14,0.809293663438234,0.44,0.118,4.39846075288554e-10,"9","ID1"
2.0520791072008e-14,0.772410955309179,0.707,0.225,4.57613640905778e-10,"9","EIF3A"
2.09058481530644e-14,0.685392700021656,0.52,0.147,4.66200413813336e-10,"9","CTSB"
2.14073844184282e-14,0.441567384801145,1,0.98,4.77384672530949e-10,"9","RPL15"
2.17201996924432e-14,1.09288187795723,0.253,0.048,4.84360453141484e-10,"9","MCUR1"
2.21346634600537e-14,0.908836657257335,0.44,0.114,4.93602995159197e-10,"9","SNRPEP4"
2.26251439082931e-14,0.891410077730552,0.453,0.12,5.04540709154935e-10,"9","RGS19"
2.30510510636768e-14,0.873949139409051,0.373,0.09,5.14038438719993e-10,"9","SEC14L1"
2.32923694488832e-14,1.20203123066102,0.28,0.057,5.19419838710095e-10,"9","MAP4K1"
2.41938380290418e-14,0.799032247579611,0.48,0.129,5.39522588047632e-10,"9","NDUFV1"
2.56965649893246e-14,0.744020967765954,0.493,0.135,5.73033399261938e-10,"9","XRN2"
2.57714495474833e-14,0.809936364238734,0.56,0.163,5.74703324908878e-10,"9","MRPL20"
2.73137848334395e-14,1.21459378932876,0.28,0.057,6.09097401785701e-10,"9","DNAJB12"
2.76171689821376e-14,0.844021986856892,0.347,0.079,6.1586286830167e-10,"9","CSGALNACT2"
2.81927716837011e-14,0.891935833935546,0.987,0.626,6.28698808546535e-10,"9","ARPC3"
2.88146759136652e-14,1.01073140234098,0.333,0.076,6.42567272874734e-10,"9","HCK"
2.8913775386353e-14,0.807601698199935,0.493,0.136,6.44777191115673e-10,"9","CAPNS1"
2.94891697156056e-14,0.826366978562018,0.68,0.223,6.57608484658006e-10,"9","NDUFS6"
3.03222231658767e-14,0.82212028371473,0.44,0.115,6.76185576599051e-10,"9","SMS"
3.39942199398903e-14,1.04662033997595,0.347,0.08,7.58071104659553e-10,"9","AC133555.4"
3.69234758454297e-14,0.807631598340376,0.387,0.095,8.23393511353082e-10,"9","BRI3"
3.72407817193252e-14,0.511593305421677,0.333,0.075,8.30469432340953e-10,"9","BASP1"
3.8108860134787e-14,0.844414144158212,0.347,0.08,8.49827581005751e-10,"9","CYB5R4"
3.84082556405015e-14,0.807787901211061,0.347,0.08,8.56504100783183e-10,"9","MRPL12"
3.91969435594465e-14,0.261736931446072,0.813,0.276,8.74091841375657e-10,"9","NAMPT"
4.24211441196725e-14,0.933064297523348,0.947,0.429,9.45991513868696e-10,"9","TPM3"
4.33993546858773e-14,0.868463059880069,0.293,0.062,9.67805609495063e-10,"9","NGLY1"
4.45718863416413e-14,0.954234728227041,0.36,0.086,9.93953065418601e-10,"9","ATP6AP1"
4.49107085627627e-14,0.745665045308944,0.64,0.215,1.00150880094961e-09,"9","RGS1"
4.57813952836316e-14,0.636390654355553,0.507,0.14,1.02092511482498e-09,"9","PGAM1"
4.70313734073275e-14,0.969581958115452,0.413,0.106,1.0487996269834e-09,"9","CSK"
4.79310395215336e-14,0.804186782624136,0.293,0.062,1.0688621813302e-09,"9","SMIM14"
4.85443266091213e-14,0.862177935079041,0.4,0.101,1.0825384833834e-09,"9","NME1"
5.48775654456687e-14,1.05620680013544,0.253,0.049,1.22376970943841e-09,"9","IL6R"
5.61669025330893e-14,0.779135463497375,0.373,0.09,1.25252192648789e-09,"9","KCNAB2"
5.82863477052611e-14,0.694532820799671,0.347,0.08,1.29978555382732e-09,"9","SKAP2"
5.85325414472504e-14,0.652419608210304,0.36,0.085,1.30527567427368e-09,"9","TM9SF2"
6.43712180158004e-14,0.825427435335629,0.52,0.15,1.43547816175235e-09,"9","RHEB"
6.78395295322111e-14,0.97111313075775,0.707,0.246,1.51282150856831e-09,"9","C1QBP"
6.87127134110133e-14,1.14737533143257,0.28,0.058,1.5322935090656e-09,"9","YIPF3"
7.21094879085322e-14,0.368614681491665,0.507,0.141,1.60804158036027e-09,"9","TYMP"
7.46885405250212e-14,0.684466688425897,0.6,0.183,1.66555445370797e-09,"9","MTPN"
7.79245693142947e-14,0.56448379296078,0.88,0.316,1.73771789570877e-09,"9","NPC2"
7.9904731533031e-14,0.78927398376947,0.64,0.199,1.78187551318659e-09,"9","RPS2P55"
8.31694494671571e-14,0.661965009370654,0.587,0.176,1.8546787231176e-09,"9","CLTA"
9.99969750865562e-14,0.664275995786858,0.52,0.148,2.2299325444302e-09,"9","FKBP2"
1.06502442824709e-13,0.651106243881316,0.76,0.248,2.37500447499101e-09,"9","HCLS1"
1.11117114840825e-13,0.853834419729971,1,0.746,2.47791166095039e-09,"9","SH3BGRL3"
1.15618405205252e-13,1.01062024698262,0.293,0.063,2.57829043607713e-09,"9","IMPDH1"
1.31245964222691e-13,0.920060155685644,0.307,0.069,2.92678500216601e-09,"9","TNFAIP2"
1.33503033000832e-13,0.639255988414697,0.6,0.186,2.97711763591855e-09,"9","GSTO1"
1.33668247911548e-13,0.922552105869093,0.28,0.06,2.98080192842752e-09,"9","EREG"
1.43833714234472e-13,0.939105075735153,0.36,0.088,3.20749182742873e-09,"9","NUTM2B-AS1"
1.44914854941605e-13,0.685033043523005,0.4,0.101,3.23160126519779e-09,"9","RBBP6"
1.51511910324245e-13,0.679961657236328,0.707,0.237,3.37871560023066e-09,"9","IQGAP1"
1.65295125749786e-13,0.772396585997654,0.56,0.17,3.68608130422023e-09,"9","CHMP2A"
1.72091798798332e-13,0.660303102218288,0.653,0.206,3.83764711320281e-09,"9","C19orf70"
1.86441949685783e-13,1.17869263262623,0.253,0.051,4.15765547799297e-09,"9","FBXW7"
1.93887754359765e-13,0.88433901103356,0.373,0.093,4.32369692222276e-09,"9","PPP4R3A"
1.9449281916476e-13,0.680654879897343,1,0.734,4.33718986737414e-09,"9","ARPC2"
2.10421717431783e-13,0.754382251030982,0.64,0.207,4.69240429872876e-09,"9","ATP1B3"
2.10950658983803e-13,0.739600971731141,0.333,0.078,4.70419969533881e-09,"9","NAPRT"
2.24943909075811e-13,0.821422909107212,0.467,0.13,5.01624917239059e-09,"9","STX10"
2.44581657764933e-13,0.89941550818581,0.253,0.051,5.45417096815801e-09,"9","ZNF580"
2.45721127418566e-13,0.290676779887203,0.56,0.163,5.47958114143401e-09,"9","SNX27"
2.50917888642292e-13,0.806423625405677,0.347,0.083,5.5954689167231e-09,"9","GLRX3"
2.60738158701663e-13,0.864657288637042,0.387,0.099,5.8144609390471e-09,"9","NUDT1"
2.69869489820994e-13,0.785265837066031,0.387,0.098,6.01808962300817e-09,"9","SURF1"
2.90258376244805e-13,0.720926349675602,0.333,0.078,6.47276179025915e-09,"9","SMARCE1"
2.95380223292027e-13,0.951422944854497,0.333,0.079,6.58697897941221e-09,"9","IAH1"
3.12860812415142e-13,0.709512928105056,0.64,0.206,6.97679611685766e-09,"9","H3F3AP4"
3.25717671410279e-13,0.764363916251433,0.84,0.317,7.26350407244921e-09,"9","PARK7"
3.78596511699035e-13,0.914102003608301,0.253,0.051,8.44270221088848e-09,"9","PRKAG1"
4.0619307019841e-13,0.880874314705125,0.373,0.095,9.05810546542455e-09,"9","SUCLG1"
4.2202068724164e-13,0.637625021120496,0.987,0.848,9.41106132548858e-09,"9","PABPC1"
4.32974373534731e-13,0.620292889191559,0.387,0.099,9.6553285298245e-09,"9","LY96"
4.60418461890556e-13,0.770385208254379,0.667,0.223,1.02673317001594e-08,"9","ENY2"
4.68480309435442e-13,0.82635070972336,0.347,0.085,1.04471109004104e-08,"9","ECHS1"
5.00040655899308e-13,1.17545001302522,0.28,0.062,1.11509066265546e-08,"9","CYB5R3"
5.13558060624197e-13,0.792305751619635,0.373,0.095,1.14523447519196e-08,"9","DOCK2"
5.28292372421168e-13,0.808738779325553,0.973,0.543,1.1780919904992e-08,"9","H3F3A"
5.33170489933831e-13,0.836293887167705,0.573,0.183,1.18897019255244e-08,"9","AKAP13"
5.65635792851098e-13,1.10192443278747,0.333,0.081,1.26136781805795e-08,"9","AKR7A2"
5.7924208510956e-13,0.522899108763561,0.413,0.109,1.29170984979432e-08,"9","ITGAE"
5.81553315419033e-13,0.940516203660752,0.253,0.052,1.29686389338444e-08,"9","CPQ"
6.51792406992357e-13,1.06470211234014,0.253,0.052,1.45349706759296e-08,"9","FLII"
6.56300278460827e-13,0.500187070573024,0.547,0.163,1.46354962096764e-08,"9","CTSC"
6.74538514380807e-13,0.502979496584708,0.747,0.243,1.5042208870692e-08,"9","TRAPPC1"
6.89615545936957e-13,0.830050335721686,0.413,0.115,1.53784266743942e-08,"9","MXD1"
7.38852646853616e-13,0.763224239672923,0.413,0.112,1.64764140248356e-08,"9","ADI1"
7.67735187586966e-13,0.840488827407151,0.96,0.436,1.71204946831893e-08,"9","CLIC1"
8.09518382651497e-13,0.62489655913388,0.68,0.223,1.80522599331284e-08,"9","SCP2"
8.29422562764753e-13,0.690032752094133,0.813,0.3,1.8496123149654e-08,"9","CD63"
8.78824328736361e-13,1.06246214493328,0.28,0.062,1.95977825308209e-08,"9","PDHB"
8.83743546635065e-13,0.866542854764277,0.573,0.184,1.9707481089962e-08,"9","SSR3"
9.14620725291831e-13,0.714833152574582,0.573,0.175,2.03960421740078e-08,"9","APH1A"
1.03277826077688e-12,0.751822939703556,0.427,0.117,2.30309552153244e-08,"9","NUTF2"
1.04017336367495e-12,0.571468970565168,0.667,0.219,2.31958660099514e-08,"9","MIDN"
1.06088008492399e-12,1.11687524858715,0.307,0.072,2.36576258938049e-08,"9","DNPH1"
1.08191734343784e-12,0.778524690770669,0.387,0.101,2.41267567586638e-08,"9","CHMP2B"
1.0951940335372e-12,0.645368891077922,0.453,0.127,2.44228269478795e-08,"9","CCT6A"
1.17548137969127e-12,0.75088459723766,0.333,0.081,2.62132347671152e-08,"9","MIS18BP1"
1.17996700410581e-12,0.669722413309952,0.653,0.212,2.63132641915596e-08,"9","PSMB6"
1.26853597618726e-12,0.667652722027289,0.387,0.102,2.82883522689759e-08,"9","CHMP4B"
1.26874732766663e-12,0.582354222386342,0.507,0.148,2.82930654069658e-08,"9","BANF1"
1.29368101966773e-12,0.619702841696949,0.333,0.08,2.88490867385904e-08,"9","CMIP"
1.45010383670183e-12,0.576160809708765,0.48,0.138,3.23373155584509e-08,"9","GNB1"
1.46569984814998e-12,0.886625968072867,0.36,0.093,3.26851066137447e-08,"9","TMED5"
1.5076575529606e-12,0.875695686099473,0.267,0.058,3.36207634310213e-08,"9","FTH1P2"
1.52294715002344e-12,0.738968294558004,0.653,0.223,3.39617214455228e-08,"9","CSNK1A1"
1.59031855096875e-12,0.892881666905395,0.733,0.273,3.54641036866032e-08,"9","RTN4"
1.65229240786357e-12,0.723474603843887,0.987,0.532,3.68461206953575e-08,"9","RNASEK"
1.67940648681439e-12,0.741961735918671,0.667,0.235,3.74507646559609e-08,"9","RAP2B"
1.82684888646088e-12,0.542330132787575,0.6,0.186,4.07387301680777e-08,"9","NFE2L2"
1.84291313779421e-12,0.840274755645883,0.827,0.344,4.10969629728109e-08,"9","SNRPE"
1.87135164422015e-12,0.75688356974741,0.347,0.087,4.17311416661094e-08,"9","CLEC12A"
2.02273007760925e-12,0.936046106100759,0.427,0.12,4.51068807306862e-08,"9","TAF9"
2.0426291425289e-12,0.918556288370177,0.493,0.151,4.55506298783945e-08,"9","MZT2B"
2.05910325681157e-12,0.529482425584272,0.307,0.072,4.5918002626898e-08,"9","CD300A"
2.07934456394289e-12,0.475077503389798,0.533,0.16,4.63693837759264e-08,"9","TIMM13"
2.11514202290994e-12,0.728379865278394,0.8,0.305,4.71676671108917e-08,"9","PKM"
2.13652023880238e-12,0.649840695996005,0.707,0.255,4.76444013252931e-08,"9","AC020916.1"
2.1666893427131e-12,0.636050593977354,1,0.706,4.83171723425021e-08,"9","CYBA"
2.2005839414293e-12,0.766455930058445,0.68,0.233,4.90730218938734e-08,"9","RPS2P7"
2.21411076598626e-12,0.803043349552044,0.347,0.087,4.93746700814936e-08,"9","PARP1"
2.28734067092701e-12,0.8651175386629,0.28,0.063,5.10076969616722e-08,"9","RAD23B"
2.3019457308288e-12,0.506234389731571,0.773,0.264,5.13333897974823e-08,"9","NDUFA2"
2.39115695971155e-12,0.452886699427872,0.427,0.119,5.33228002015675e-08,"9","MPEG1"
2.39837635814477e-12,0.87755382758029,0.267,0.058,5.34837927866283e-08,"9","TBXAS1"
2.50269386537245e-12,1.24001785803884,0.48,0.158,5.58100731978056e-08,"9","MS4A6A"
2.64175341874556e-12,0.955994834064491,0.307,0.073,5.8911101238026e-08,"9","LARS"
2.67235130387104e-12,0.981285165158046,0.387,0.105,5.95934340763243e-08,"9","FAM162A"
2.74802969992722e-12,0.965796180221188,0.253,0.054,6.1281062308377e-08,"9","RN7SL368P"
2.75610547274828e-12,0.882531110355583,0.267,0.058,6.14611520422867e-08,"9","MSRA"
2.8051772500685e-12,0.695404879237662,0.52,0.16,6.25554526765276e-08,"9","NAAA"
2.80781498061279e-12,0.900789379789911,0.267,0.058,6.26142740676652e-08,"9","DDHD1"
2.85725661989679e-12,0.951142216240562,0.28,0.064,6.37168226236984e-08,"9","ZNF652"
2.95276904513484e-12,0.72485384166024,0.427,0.119,6.58467497065069e-08,"9","EIF4A3"
3.12484178468578e-12,0.635991583442205,0.36,0.092,6.9683971798493e-08,"9","PARL"
3.19837100367334e-12,0.838240697159509,0.6,0.201,7.13236733819155e-08,"9","VPS29"
3.40512952612288e-12,0.620220232903717,0.427,0.119,7.59343884325402e-08,"9","RAB24"
3.43438191292342e-12,0.493783846423012,0.547,0.164,7.65867166581923e-08,"9","RPS7P11"
3.43463392908805e-12,0.603231443828852,1,0.889,7.65923366186635e-08,"9","PFN1"
3.50772074558246e-12,0.80288298505523,0.413,0.116,7.82221726264889e-08,"9","KHDRBS1"
3.51516530095501e-12,0.810866032871817,0.36,0.094,7.83881862112967e-08,"9","AC016734.1"
3.56843450164823e-12,1.42869414249795,0.253,0.055,7.95760893867555e-08,"9","HNRNPAB"
4.16598768806193e-12,0.754038979979379,0.92,0.466,9.29015254437811e-08,"9","PFN1P1"
4.42061813215124e-12,0.822842833150248,0.56,0.184,9.85797843469726e-08,"9","CANX"
4.44519594920065e-12,0.895850556379847,0.427,0.123,9.91278696671744e-08,"9","OLA1"
4.46349239764037e-12,0.967105172555094,0.253,0.055,9.95358804673804e-08,"9","PSMD3"
4.59403790449545e-12,0.518025801337648,0.733,0.257,1.02447045270249e-07,"9","SERPINB1"
4.62455584891603e-12,0.791399993978972,0.813,0.317,1.03127595430827e-07,"9","ATP6V1F"
4.65833507496248e-12,0.517725796914342,0.507,0.155,1.03880872171663e-07,"9","PLEK"
4.85401205033809e-12,0.697683495446004,0.667,0.227,1.08244468722539e-07,"9","MDH2"
4.87660601828155e-12,0.572701431745455,0.96,0.42,1.08748314207679e-07,"9","MCL1"
4.92430790802386e-12,0.918269076895736,0.827,0.36,1.09812066348932e-07,"9","HERPUD1"
5.0108973840416e-12,0.867747260696927,0.947,0.568,1.11743011664128e-07,"9","CORO1A"
5.2345219684401e-12,0.814885724018623,0.733,0.278,1.16729839896214e-07,"9","PLP2"
5.26689758855661e-12,0.793580577068002,0.867,0.381,1.17451816224812e-07,"9","VAMP8"
5.39069440595035e-12,0.609123798285137,0.307,0.073,1.20212485252693e-07,"9","PILRA"
5.39853481644304e-12,0.602516240744695,0.56,0.177,1.2038732640668e-07,"9","LSM6"
5.41462549005706e-12,0.751551334200445,0.387,0.105,1.20746148428272e-07,"9","TXNDC12"
5.90830956078812e-12,1.12361704194447,0.253,0.055,1.31755303205575e-07,"9","DUSP16"
6.09333283973345e-12,0.660071241265151,0.453,0.132,1.35881322326056e-07,"9","BCL7B"
6.1712775714474e-12,1.23428680235463,0.253,0.056,1.37619489843277e-07,"9","ATF5"
6.45957821668127e-12,0.693307801673699,0.587,0.194,1.44048594231992e-07,"9","NDUFA6"
6.48896147237443e-12,1.02783671341675,0.253,0.055,1.4470384083395e-07,"9","VPS41"
6.55194161483678e-12,0.748889738135585,0.32,0.079,1.4610829801086e-07,"9","VBP1"
6.70357530219493e-12,0.992595083048117,0.293,0.07,1.49489729238947e-07,"9","MED29"
6.82577662835774e-12,0.582263310511091,1,0.84,1.52214818812378e-07,"9","MYL6"
6.84841502809268e-12,0.914171336752765,0.76,0.309,1.52719655126467e-07,"9","TUFM"
6.86971116745894e-12,0.805191138132845,0.36,0.096,1.53194559034334e-07,"9","GNA13"
7.35826754380127e-12,0.68307611573513,0.387,0.105,1.64089366226768e-07,"9","MRPS12"
7.82687844129716e-12,0.654657145678177,0.32,0.079,1.74539389240927e-07,"9","TMBIM4"
9.16248030681818e-12,0.578836003990886,0.44,0.126,2.04323310842045e-07,"9","DIAPH1"
9.210589477695e-12,0.788026998674149,0.267,0.061,2.05396145352599e-07,"9","VIM-AS1"
9.32342799269501e-12,0.693826580934441,0.293,0.07,2.07912444237099e-07,"9","HIGD1A"
9.41779487498174e-12,0.690614805027873,0.467,0.14,2.10016825712093e-07,"9","PSMD9"
9.72876940967987e-12,0.617644552328701,0.987,0.508,2.16951557835861e-07,"9","TSPO"
9.98682567173908e-12,0.935863963854443,0.267,0.061,2.22706212479782e-07,"9","MIR22HG"
1.02775847335289e-11,0.512062676745453,0.373,0.1,2.29190139557695e-07,"9","NABP1"
1.15197037469767e-11,0.836933964879354,0.253,0.056,2.5688939355758e-07,"9","CNPPD1"
1.15539523224655e-11,0.480942346893664,0.613,0.2,2.57653136790981e-07,"9","PSMD8"
1.23736914580286e-11,0.45682406221872,0.76,0.305,2.75933319514037e-07,"9","FCN1"
1.27314255291662e-11,0.865850255372661,0.28,0.065,2.83910789300406e-07,"9","COA4"
1.31162493568621e-11,1.00131762262738,0.293,0.072,2.92492360658026e-07,"9","HEXA"
1.35526219178976e-11,0.801392299896937,0.613,0.209,3.02223468769117e-07,"9","AC097523.1"
1.52052648384727e-11,0.925457811740827,0.347,0.093,3.3907740589794e-07,"9","RB1"
1.52875393014425e-11,0.589407235992688,0.587,0.192,3.40912126422169e-07,"9","SOCS3"
1.59094898994412e-11,0.719493174539365,0.707,0.259,3.5478162475754e-07,"9","PSMA4"
1.59879686928235e-11,1.0440880525961,0.293,0.072,3.56531701849964e-07,"9","EIF4E"
1.65048313983445e-11,0.885304557123288,0.253,0.057,3.68057740183083e-07,"9","MRPS26"
1.66656059393767e-11,0.737160535560565,0.493,0.154,3.716430124481e-07,"9","KDM6B"
1.71027403675858e-11,0.831747223011509,0.333,0.087,3.81391110197164e-07,"9","H3F3AP6"
1.73272387206265e-11,0.705999783444347,0.493,0.153,3.86397423469971e-07,"9","SELENOH"
1.7747691812701e-11,0.526753705265744,0.627,0.209,3.95773527423233e-07,"9","PFDN2"
1.80082870555948e-11,0.794838408070611,0.267,0.061,4.01584801339764e-07,"9","SNORD56B"
1.86625206047953e-11,0.663365297514793,0.453,0.136,4.16174209486935e-07,"9","HSPD1"
1.90365785713541e-11,0.726224599709261,0.36,0.097,4.24515702141197e-07,"9","PPP6C"
1.93267250926986e-11,0.674027867540938,0.8,0.317,4.30985969567178e-07,"9","MYADM"
2.0125075596912e-11,0.795247225547162,0.32,0.082,4.48789185811138e-07,"9","CLTB"
2.01796633525991e-11,0.784057910455598,0.28,0.066,4.50006492762961e-07,"9","NUMB"
2.04760507083399e-11,0.813766967364177,0.267,0.062,4.5661593079598e-07,"9","EPRS"
2.30818845803213e-11,0.676899740674499,0.373,0.104,5.14726026141165e-07,"9","YBX3"
2.31322889103038e-11,0.582453686683057,0.453,0.135,5.15850042699775e-07,"9","ETF1"
2.32029531849425e-11,0.85998625955583,0.333,0.088,5.17425856024217e-07,"9","HIKESHI"
2.47342202202285e-11,0.833930681926541,0.347,0.093,5.51573110911095e-07,"9","MAPKAPK3"
2.61889861348982e-11,0.453459127269431,0.467,0.14,5.84014390808229e-07,"9","TAOK3"
2.62424323031238e-11,1.15125972855318,0.28,0.068,5.85206240359661e-07,"9","ECHDC1"
2.78432055500912e-11,0.759396248062883,0.973,0.593,6.20903483767034e-07,"9","PPIA"
2.83181683709186e-11,0.607554102206587,0.64,0.219,6.31495154671486e-07,"9","PSMB7"
2.84728252146536e-11,0.669171321696332,0.48,0.148,6.34944002286775e-07,"9","TMEM147"
2.91839770455124e-11,0.498623936630246,0.347,0.092,6.50802688114926e-07,"9","COMMD8"
2.93373766271632e-11,0.735155870618241,0.253,0.057,6.54223498785739e-07,"9","RRBP1"
3.0268512082203e-11,0.973176253169462,0.28,0.069,6.74987819433127e-07,"9","PTCH2"
3.36175155279778e-11,0.590930739325779,0.533,0.172,7.49670596273904e-07,"9","MRPL52"
3.36618854178767e-11,0.597436647815596,0.987,0.781,7.50660044818651e-07,"9","LRRC75A-AS1"
3.37576605777999e-11,1.15447334969179,0.253,0.059,7.52795830884938e-07,"9","YIF1A"
3.46535532347018e-11,0.64008697824172,0.813,0.307,7.7277423713385e-07,"9","CCT8"
3.50099735060963e-11,0.76141307302743,0.253,0.058,7.80722409185948e-07,"9","SNORD3A"
3.5032101842901e-11,0.309974841689314,0.68,0.237,7.81215871096692e-07,"9","VMP1"
3.71777758096327e-11,0.667543015111442,0.36,0.098,8.29064400554808e-07,"9","DDX27"
3.78657187980864e-11,0.462641195488084,0.96,0.637,8.44405529197327e-07,"9","SAT1"
3.84170476475912e-11,0.733141958382345,0.333,0.088,8.56700162541283e-07,"9","GRSF1"
4.01502907915625e-11,0.685446502713091,0.387,0.11,8.95351484651844e-07,"9","MRPS34"
4.017197430314e-11,0.578864054640738,0.387,0.109,8.95835026960023e-07,"9","ETFA"
4.0253289336073e-11,0.638772299561454,0.76,0.281,8.97648352194429e-07,"9","AC004448.1"
4.15652217620314e-11,0.619871344030265,0.813,0.307,9.269044452933e-07,"9","COPE"
4.36848854506109e-11,0.663604432524917,0.307,0.077,9.74172945548622e-07,"9","KXD1"
4.39930121084749e-11,0.683179252752985,0.373,0.105,9.8104417001899e-07,"9","ZNF106"
4.45810261474193e-11,0.760878404318483,0.333,0.089,9.94156883087451e-07,"9","SERPINB6"
4.83698575123864e-11,0.580322435959247,0.373,0.104,1.07864782252622e-06,"9","FAM96A"
4.87330087454883e-11,0.726300741204366,0.387,0.109,1.08674609502439e-06,"9","DANCR"
4.93785513207489e-11,0.397706551587537,0.467,0.14,1.1011416944527e-06,"9","TMSB4XP8"
5.00404438640574e-11,0.440009766367166,0.52,0.163,1.11590189816848e-06,"9","DRAM2"
5.22012325845695e-11,0.832954182354719,0.253,0.058,1.1640874866359e-06,"9","VPS36"
5.38518708841723e-11,0.670114143817417,0.347,0.094,1.20089672071704e-06,"9","ARID1A"
5.42823197297983e-11,0.637821259377436,0.627,0.218,1.2104957299745e-06,"9","ALKBH7"
5.57367468899415e-11,0.807883890280719,0.253,0.058,1.24292945564569e-06,"9","PAIP1"
5.63889537389117e-11,0.57883128315905,0.32,0.083,1.25747366837773e-06,"9","HOOK3"
5.64471261025026e-11,0.548934281717721,0.347,0.093,1.25877091208581e-06,"9","HMGB1P5"
5.65230177206673e-11,0.779418091665454,0.373,0.106,1.26046329517088e-06,"9","WDR45B"
5.8259124626135e-11,0.813398568208078,0.307,0.079,1.29917847916281e-06,"9","ITPA"
6.2376980514066e-11,0.614138197025702,0.547,0.183,1.39100666546367e-06,"9","DNTTIP2"
6.24075633030518e-11,0.79076193798094,0.293,0.073,1.39168866165806e-06,"9","ZYX"
6.36292902839656e-11,0.65227611960457,1,0.711,1.41893317333243e-06,"9","ATP5G2"
6.51305931921467e-11,0.542133057145445,0.987,0.857,1.45241222818487e-06,"9","S100A6"
6.5948004782986e-11,0.640984017123204,0.92,0.406,1.47064050666059e-06,"9","LRRFIP1"
6.74485586002262e-11,0.452900113134907,0.36,0.099,1.50410285678504e-06,"9","TRIM38"
7.4470307309041e-11,0.502352484956222,0.36,0.099,1.66068785299161e-06,"9","GPAA1"
7.56912207230076e-11,0.801284550707136,0.267,0.064,1.68791422212307e-06,"9","CMTM3"
7.71365926923206e-11,0.688172616397906,0.947,0.457,1.72014601703875e-06,"9","ITGB2"
7.82920826547556e-11,0.9042349901951,0.413,0.127,1.74591344320105e-06,"9","SHKBP1"
8.54770217881575e-11,0.816921345157996,0.44,0.136,1.90613758587591e-06,"9","PER1"
8.63194662567007e-11,0.721845659172331,0.587,0.203,1.92492409752443e-06,"9","HINT1P1"
8.72763307728905e-11,0.530367975400235,0.813,0.302,1.94626217623546e-06,"9","HMGN3"
8.83604267738306e-11,0.406915472879684,0.44,0.13,1.97043751705642e-06,"9","CMTM7"
9.12821427356564e-11,0.82288474660104,0.32,0.085,2.03559178300514e-06,"9","TCIRG1"
1.00800835587501e-10,0.939349649329007,0.293,0.075,2.24785863360126e-06,"9","SSRP1"
1.00945843969011e-10,0.605395464028128,0.56,0.19,2.25109232050894e-06,"9","DDX46"
1.02118204032001e-10,0.50981967760917,0.4,0.117,2.27723594991362e-06,"9","AOAH"
1.07710674406746e-10,0.706017111631596,0.813,0.321,2.40194803927043e-06,"9","ATP5J"
1.1530874526774e-10,0.636132581739553,0.627,0.221,2.5713850194706e-06,"9","HNRNPF"
1.17921010845825e-10,0.600839236782743,0.413,0.123,2.62963854186189e-06,"9","SPAG7"
1.18602300956199e-10,0.495153225773356,0.413,0.123,2.64483131132323e-06,"9","SCPEP1"
1.23293626431377e-10,0.732863027819922,0.453,0.142,2.74944786941972e-06,"9","PSMB2"
1.26282818082845e-10,0.781316793529206,0.32,0.086,2.81610684324743e-06,"9","KDELR1"
1.32826695321596e-10,0.541206302094021,0.64,0.223,2.9620353056716e-06,"9","GADD45GIP1"
1.32995578876293e-10,0.540485036520721,0.36,0.101,2.96580140894133e-06,"9","TACC1"
1.34564454174638e-10,0.937588915794615,0.253,0.06,3.00078732809443e-06,"9","VCL"
1.36583553694014e-10,0.423760340782761,0.773,0.275,3.04581324737652e-06,"9","RAP1A"
1.49424111360817e-10,0.852748301122002,0.28,0.071,3.33215768334621e-06,"9","CREG1"
1.51775659934121e-10,0.660787734207601,0.307,0.081,3.38459721653089e-06,"9","FAM46A"
1.52015278237865e-10,0.582062808288478,0.28,0.07,3.3899407047044e-06,"9","COMMD10"
1.5306635391907e-10,0.494984415871698,0.267,0.065,3.41337969239527e-06,"9","BST1"
1.53130188995457e-10,0.557639421639161,0.427,0.129,3.4148032145987e-06,"9","PFKFB3"
1.59588161200774e-10,0.517342839138877,0.413,0.123,3.55881599477726e-06,"9","STK10"
1.59602563810987e-10,0.925443383061238,0.853,0.447,3.559137172985e-06,"9","HMGN1"
1.60401417104889e-10,0.40634855704977,0.44,0.134,3.57695160143903e-06,"9","PTPN6"
1.67086085298486e-10,0.74735185436339,0.267,0.065,3.72601970215624e-06,"9","HGSNAT"
1.67882286116568e-10,0.46478411967146,0.573,0.195,3.74377498039946e-06,"9","MYO1F"
1.73189336297834e-10,0.809616580484552,0.347,0.098,3.86212219944169e-06,"9","PSMA6P1"
1.76112191046402e-10,0.498537730013008,0.48,0.152,3.92730186033476e-06,"9","ETFB"
1.85409567175311e-10,0.535745979482533,0.413,0.126,4.13463334800944e-06,"9","JARID2"
1.86594585553443e-10,1.11321205233617,0.307,0.083,4.16105925784179e-06,"9","STARD7"
2.09751134034384e-10,0.801605563234509,0.267,0.066,4.67745028896677e-06,"9","VKORC1"
2.18691870454634e-10,0.833831845762865,0.253,0.061,4.87682871113834e-06,"9","COMMD9"
2.23840227413467e-10,0.327223379612906,0.467,0.145,4.99163707132031e-06,"9","PSMA3"
2.2921042312842e-10,0.266503602716819,0.693,0.252,5.11139243576377e-06,"9","ASAH1"
2.31912974044505e-10,0.569330245435787,0.253,0.06,5.17165932119245e-06,"9","PRAM1"
2.32438432272586e-10,0.79989376999843,0.347,0.098,5.18337703967867e-06,"9","TMX1"
2.40918203565139e-10,0.530555051862074,0.653,0.233,5.37247593950261e-06,"9","ANAPC11"
2.4588223324456e-10,0.561766487468117,0.32,0.086,5.48317380135369e-06,"9","EBPL"
2.49986817090994e-10,0.798673689064743,0.253,0.061,5.57470602112917e-06,"9","TAZ"
2.55169670826312e-10,0.466225442474946,0.76,0.281,5.69028365942676e-06,"9","EZR"
2.57108302462246e-10,0.633312658643905,0.64,0.232,5.73351514490808e-06,"9","VPS28"
2.597695189207e-10,0.686050886750098,0.427,0.134,5.7928602719316e-06,"9","TLE3"
2.70572705627832e-10,0.511668980742771,0.493,0.162,6.03377133550066e-06,"9","PAFAH1B2"
2.77487421443262e-10,0.601652679113641,0.453,0.143,6.18796949818475e-06,"9","OSBPL8"
2.95202381573733e-10,0.601221700039225,0.32,0.087,6.58301310909424e-06,"9","RBM8B"
2.96892077582449e-10,0.592579719967615,0.6,0.21,6.6206933300886e-06,"9","CSNK2B"
2.97924716728467e-10,0.521622879988843,0.333,0.092,6.64372118304481e-06,"9","SUPT5H"
3.02049025894237e-10,0.355785048793237,0.507,0.163,6.73569327744148e-06,"9","REL"
3.33795838999629e-10,0.539896193602223,0.44,0.136,7.44364720969172e-06,"9","RPL23P8"
3.49313261459768e-10,0.471928199268734,0.787,0.297,7.78968573055282e-06,"9","ACTR2"
3.50988773068487e-10,0.466537902419732,0.493,0.16,7.82704963942725e-06,"9","PAK2"
3.69162207131317e-10,0.811641649760093,0.853,0.382,8.23231721902838e-06,"9","SLC25A6.1"
3.79541267936139e-10,0.555406868199829,0.6,0.216,8.46377027497591e-06,"9","TUBB4B"
3.85081998705855e-10,0.708431450996955,0.933,0.507,8.58732857114057e-06,"9","COX8A"
3.91883681711042e-10,0.361967908239204,1,0.981,8.73900610215623e-06,"9","RPL8"
4.1172488467453e-10,0.622560899834794,0.6,0.213,9.18146492824203e-06,"9","EIF3I"
4.24191892785478e-10,0.500930299029264,0.413,0.126,9.45947920911617e-06,"9","IDH3G"
4.46014488174131e-10,0.442867714759113,0.813,0.323,9.94612308628312e-06,"9","FTH1P8"
4.54246865607034e-10,0.577920946482251,0.613,0.22,1.01297051030369e-05,"9","GHITM"
4.73233770662345e-10,0.416501270791731,0.547,0.183,1.05531130857703e-05,"9","FAAP20"
4.73274553038478e-10,0.578368651128967,0.507,0.17,1.05540225327581e-05,"9","AUP1"
4.79709120093059e-10,0.469713104816689,0.253,0.062,1.06975133780752e-05,"9","OTUD1"
4.88828670696026e-10,0.556904149006267,0.84,0.344,1.09008793565214e-05,"9","SH3BGRL"
5.04267024033496e-10,0.752668115619189,0.28,0.072,1.1245154635947e-05,"9","PYM1"
5.17840062552322e-10,0.603690036609182,0.76,0.306,1.15478333949168e-05,"9","PSMB3"
5.5062137048469e-10,0.798260227249894,0.267,0.067,1.22788565618086e-05,"9","RPS7P4"
5.82245213963008e-10,0.63111086643039,0.6,0.215,1.29840682713751e-05,"9","SEPT6"
5.88010953346111e-10,0.666731838089016,0.387,0.118,1.31126442596183e-05,"9","C8orf59"
6.30176761755822e-10,0.893266583551514,0.267,0.068,1.40529417871548e-05,"9","RBM42"
6.54691274545725e-10,0.860379723949397,0.28,0.073,1.45996154223697e-05,"9","PREX1"
6.69860982518375e-10,0.612011192916671,0.387,0.117,1.49378999101598e-05,"9","TRMT112P6"
6.79666832198292e-10,0.55551179398676,0.293,0.078,1.51565703580219e-05,"9","CLINT1"
7.19968732015837e-10,0.605064353209887,0.64,0.232,1.60553027239532e-05,"9","GTF2A2"
7.23918957186371e-10,0.607563526907332,0.347,0.1,1.61433927452561e-05,"9","LYRM4"
7.26763553380733e-10,0.432987830910041,0.613,0.214,1.62068272403903e-05,"9","P4HB"
7.391885005391e-10,0.599349161934703,0.747,0.293,1.64839035620219e-05,"9","SMIM26"
7.8857293149483e-10,0.870946329658872,0.307,0.086,1.75851763723347e-05,"9","DCUN1D1"
8.03473650716207e-10,0.42215703268979,0.813,0.312,1.79174624109714e-05,"9","PSMB9"
8.1621772071274e-10,0.447812724557483,0.56,0.194,1.82016551718941e-05,"9","NR3C1"
8.29058616188844e-10,0.440381910517685,0.773,0.296,1.84880071410112e-05,"9","BLOC1S1"
8.31840962613714e-10,0.454308464709797,0.387,0.116,1.85500534662858e-05,"9","PTS"
8.48621881756937e-10,0.557699251606558,0.44,0.141,1.89242679631797e-05,"9","HNRNPD"
8.50605930190082e-10,0.653344879816911,0.307,0.085,1.89685122432388e-05,"9","PIN4"
8.74940007160368e-10,0.458579295804009,0.613,0.219,1.95111621596762e-05,"9","COX17"
8.8600987746467e-10,0.578765523809487,0.44,0.142,1.97580202674621e-05,"9","ACADVL"
9.02397876790668e-10,0.790270920594117,0.28,0.074,2.01234726524319e-05,"9","NF2"
9.98751180623219e-10,0.444119322290002,0.387,0.117,2.22721513278978e-05,"9","SMIM19"
1.04401478842578e-09,0.378187468445814,0.573,0.198,2.32815297818948e-05,"9","C19orf24"
1.06210817024243e-09,0.6617933530665,0.92,0.441,2.36850121964061e-05,"9","HIGD2A"
1.09314415392988e-09,0.785812295475921,0.32,0.091,2.43771146326363e-05,"9","HEBP2"
1.12346202356596e-09,0.525744521685659,0.733,0.277,2.50532031255209e-05,"9","NDUFB8"
1.18356756173815e-09,0.408931259415305,0.293,0.079,2.63935566267609e-05,"9","ZPR1"
1.18495515491713e-09,0.744525231364014,0.307,0.085,2.6424499954652e-05,"9","MZF1-AS1"
1.2377838043099e-09,0.656534643330818,0.36,0.108,2.76025788361109e-05,"9","PFDN1"
1.25998118934854e-09,0.49436736198725,0.653,0.244,2.80975805224725e-05,"9","BST2"
1.32194789031303e-09,0.664684760440357,0.893,0.417,2.94794379539806e-05,"9","PSMA7"
1.32865584807059e-09,0.655504152348168,1,0.639,2.96290254119742e-05,"9","EIF3K"
1.35574479975198e-09,0.385919533039586,0.533,0.182,3.02331090344692e-05,"9","CAST"
1.37372152543263e-09,0.812731405113461,0.28,0.075,3.06339900171477e-05,"9","CUEDC2"
1.42066386319474e-09,0.457764073674765,0.653,0.239,3.16808041492426e-05,"9","SUMO3"
1.45440742736823e-09,0.406395565685247,0.36,0.106,3.24332856303116e-05,"9","COPZ1"
1.4696692878361e-09,0.505482007657534,0.347,0.102,3.2773625118745e-05,"9","PNPLA8"
1.55008502014744e-09,0.662098090492798,0.267,0.069,3.45668959492878e-05,"9","RPL26L1"
1.6281785395756e-09,0.503457776557662,1,0.817,3.63083814325358e-05,"9","SNHG5"
1.74031028800958e-09,0.429207754882421,0.453,0.15,3.88089194226136e-05,"9","HSBP1"
1.80052286991227e-09,0.837712400678932,0.267,0.07,4.01516599990436e-05,"9","PRKRA"
1.81546628855506e-09,0.774780167740659,0.32,0.093,4.04848982347778e-05,"9","HADHB"
1.89728172736904e-09,0.609657074138692,0.64,0.241,4.23093825203296e-05,"9","GNAS"
1.92753346026288e-09,0.669801996670162,0.467,0.158,4.29839961638621e-05,"9","PSMD4"
2.0226238273872e-09,0.393064113890861,1,0.999,4.51045113507345e-05,"9","TMSB4X"
2.05490631504543e-09,0.465240507896882,0.76,0.288,4.58244108255131e-05,"9","NDUFB4"
2.16522729052862e-09,0.30608299210619,0.627,0.223,4.82845685787883e-05,"9","SLIRP"
2.23775491713213e-09,0.505158087588243,0.387,0.12,4.99019346520465e-05,"9","ADRM1"
2.26657001440461e-09,0.614711131731899,0.307,0.087,5.05445113212228e-05,"9","TRAPPC3"
2.27703696582076e-09,0.538202901371882,0.747,0.294,5.07779243378031e-05,"9","C14orf166"
2.27903485804757e-09,0.393123670815497,0.333,0.097,5.08224773344607e-05,"9","PECAM1"
2.31605426581649e-09,0.733736954238053,0.267,0.071,5.16480101277077e-05,"9","NUP210"
2.32040290519493e-09,0.411831932634477,1,0.949,5.1744984785847e-05,"9","RPL23"
2.34590703314611e-09,0.517692424468774,1,0.833,5.23137268391583e-05,"9","ATP5L"
2.53563679287838e-09,0.702879957673142,0.4,0.129,5.65447004811878e-05,"9","NDUFS4"
2.64966238566673e-09,0.60944920199101,0.987,0.612,5.9087471200368e-05,"9","CALM2"
2.65850387761635e-09,0.624799732917839,0.547,0.197,5.92846364708446e-05,"9","RAB5C"
2.67002052798282e-09,0.689798544213728,0.413,0.138,5.9541457774017e-05,"9","SGK1"
2.7462470740059e-09,0.397301746299689,0.52,0.177,6.12413097503315e-05,"9","EIF4H"
2.85990366587743e-09,0.514820363972355,0.707,0.269,6.37758517490667e-05,"9","AL009174.1"
2.86263588722147e-09,0.415418406127324,0.427,0.137,6.38367802850388e-05,"9","CHMP1B"
2.88478107169517e-09,0.330136900100226,0.507,0.17,6.43306178988023e-05,"9","THOC7"
3.0379514155365e-09,0.279453822887991,0.613,0.226,6.77463165664639e-05,"9","FOSL2"
3.1263095171924e-09,0.567864359077318,0.453,0.153,6.97167022333905e-05,"9","WDR33"
3.13443368048609e-09,0.69602889369916,0.453,0.155,6.98978710748398e-05,"9","SNHG15"
3.17457362213189e-09,0.872745933610295,0.267,0.072,7.07929917735411e-05,"9","SLC25A11"
3.3007326963642e-09,0.304419519302054,0.707,0.265,7.36063391289216e-05,"9","CD55"
3.69853199413105e-09,0.706978054024585,0.267,0.071,8.24772634691224e-05,"9","POU2F2"
3.70400315678229e-09,0.496468639503892,0.467,0.158,8.2599270396245e-05,"9","C1orf43"
3.7050112109165e-09,0.682786439069414,0.347,0.107,8.26217500034378e-05,"9","Metazoa-SRP.18"
3.77904140956371e-09,0.786823413920278,0.28,0.077,8.42726234332707e-05,"9","CNOT9"
3.80489578705879e-09,0.585628289946964,0.267,0.071,8.48491760514111e-05,"9","VAMP3"
3.83714418811217e-09,0.448591262558086,0.507,0.178,8.55683153949014e-05,"9","ROCK1"
3.84794714117672e-09,0.635211761359178,0.28,0.077,8.58092212482409e-05,"9","TRIM22"
3.89769222445237e-09,0.541864561201284,0.4,0.129,8.69185366052878e-05,"9","MGAT1"
3.97716483888766e-09,0.625920586814579,0.32,0.093,8.86907759071949e-05,"9","DAZAP1"
3.99984999735753e-09,0.713967933155138,0.28,0.078,8.91966549410729e-05,"9","ASAP1"
4.14142049494174e-09,0.410454823214883,0.427,0.144,9.23536770372008e-05,"9","CSF3R"
4.15193654786388e-09,0.476895512551427,0.413,0.135,9.25881850173646e-05,"9","MAP3K2"
4.31212314971234e-09,0.615624637473612,0.413,0.137,9.61603462385851e-05,"9","DHRS3"
4.43367106175022e-09,0.711495161072916,0.28,0.077,9.88708646770298e-05,"9","C22orf39"
4.44686968183569e-09,0.466589148766875,1,0.874,9.9165193904936e-05,"9","SRGN"
4.62400582271407e-09,0.827866128888107,0.267,0.072,0.000103115329846524,"9","SMARCC1"
4.66252092834059e-09,0.419834071370815,0.333,0.099,0.000103974216701995,"9","BABAM1"
4.74277834488371e-09,0.72310370518087,0.893,0.482,0.000105763957090907,"9","PCBP2"
5.01852749552589e-09,0.417988933444492,0.373,0.116,0.000111913163150227,"9","PPP1R7"
5.06024536494537e-09,0.468658595517662,0.4,0.128,0.000112843471638282,"9","TPRKB"
5.08870309317363e-09,0.642936987366772,0.947,0.547,0.000113478078977772,"9","ANXA1"
5.11943741367152e-09,0.297644764408719,0.293,0.082,0.000114163454324875,"9","ATG16L2"
5.16743666770655e-09,0.579116276282359,0.4,0.129,0.000115233837689856,"9","NDUFB4P12"
5.20815105310376e-09,0.535819247090133,0.307,0.088,0.000116141768484214,"9","STX8"
5.31799228500739e-09,0.520877044962993,0.747,0.314,0.000118591227955665,"9","ARPC4"
5.57510850544031e-09,0.747612999372573,0.333,0.101,0.000124324919671319,"9","PRMT1"
6.18552847818111e-09,0.381129079362899,0.587,0.214,0.000137937285063439,"9","ELOC"
6.41789318557943e-09,0.414554406556622,0.373,0.117,0.000143119018038421,"9","PRKAR1A"
6.64651914602166e-09,0.618536603014778,0.307,0.089,0.000148217376956283,"9","RPSAP15"
6.82401180099357e-09,0.497941815512173,0.413,0.136,0.000152175463162157,"9","IDH3B"
6.85534447756187e-09,0.423119465795097,0.373,0.116,0.00015287418184963,"9","CHRAC1"
6.88280802551577e-09,0.463126430784268,0.68,0.269,0.000153486618969002,"9","ARF6"
6.88626598848823e-09,0.302366935922661,0.693,0.267,0.000153563731543288,"9","PTP4A2"
6.93962287314311e-09,0.523151209369339,0.293,0.083,0.000154753590071091,"9","MTIF3"
7.10656763152016e-09,0.667470971773026,0.347,0.108,0.0001584764581829,"9","AKR1A1"
7.33497244833831e-09,0.347698430725039,0.453,0.151,0.000163569885597944,"9","ITGB1BP1"
7.50174225715033e-09,0.466956652031381,0.36,0.112,0.000167288852334452,"9","EMC4"
7.51380314635469e-09,0.496768812081805,0.787,0.328,0.00016755781016371,"9","NDUFB1"
7.8345898286764e-09,0.528541598855471,0.44,0.149,0.000174711353179484,"9","AC091429.1"
7.86783456341123e-09,0.434679742709515,0.293,0.083,0.00017545271076407,"9","MAP2K1"
8.03437421401145e-09,0.682670674984959,0.28,0.079,0.000179166544972455,"9","PAPD5"
8.18751756765277e-09,0.858251391656042,0.253,0.068,0.000182581641758657,"9","AC097658.1"
8.19895420454028e-09,0.541529344638816,0.333,0.101,0.000182836678761248,"9","CREBBP"
8.2628442389024e-09,0.598162827451819,0.88,0.385,0.000184261426527524,"9","EIF3FP3"
8.37112694888366e-09,0.71966218664146,0.293,0.085,0.000186676130960106,"9","PRKDC"
8.43193985797512e-09,0.778484767750951,0.267,0.074,0.000188032258832845,"9","TATDN1"
8.4396238861466e-09,0.577792372625998,0.32,0.096,0.000188203612661069,"9","GLO1"
8.52300261745248e-09,0.415594373126645,0.387,0.124,0.00019006295836919,"9","FTH1"
8.96337104959463e-09,0.428520488103913,0.293,0.084,0.00019988317440596,"9","TMEM30A"
9.4584317327984e-09,0.549722122235357,0.267,0.073,0.000210923027641404,"9","TIMM10"
1.0025884982843e-08,0.663284655069655,0.333,0.103,0.000223577235117399,"9","SCNM1"
1.00995380987831e-08,0.681699933248284,0.347,0.108,0.000225219699602864,"9","IMPDH2"
1.01925034457046e-08,0.441066343512338,0.347,0.108,0.000227292826839212,"9","HINT2"
1.03255685443151e-08,0.399523682316044,0.507,0.179,0.000230260178538228,"9","MPC2"
1.03854888714567e-08,0.883527754112394,0.333,0.106,0.000231596401833484,"9","TMEM33"
1.05529704603032e-08,0.507800965543791,0.387,0.128,0.000235331241264762,"9","NCOA4"
1.08043216083467e-08,0.444808659136461,0.573,0.213,0.000240936371866132,"9","GNAI3"
1.09800283202938e-08,0.477662296829902,0.44,0.149,0.000244854631542552,"9","NR1H2"
1.10176677207927e-08,0.71405708816096,0.267,0.074,0.000245693990173678,"9","PRPF6"
1.13360948803009e-08,0.648146632262499,0.667,0.274,0.000252794915830709,"9","AC127070.1"
1.15071531308257e-08,0.592362375089853,0.253,0.068,0.000256609514817414,"9","ABCE1"
1.15743290061758e-08,0.590765692172155,0.333,0.102,0.000258107536837721,"9","NME4"
1.16013819431563e-08,0.310435596631023,0.653,0.248,0.000258710817332386,"9","SFPQ"
1.16518942068145e-08,0.535569247236507,0.253,0.068,0.000259837240811964,"9","PQLC3"
1.17526120848669e-08,0.286874580221212,0.44,0.148,0.000262083249492531,"9","SAT2"
1.18661519935857e-08,0.558225388377165,0.28,0.079,0.000264615189456961,"9","DCTN2"
1.20905033336932e-08,0.36336571694472,0.56,0.202,0.000269618224341358,"9","CDC37"
1.27815501865742e-08,0.435186219557223,0.493,0.173,0.000285028569160605,"9","CSRNP1"
1.36751162163177e-08,0.545210296540038,0.373,0.121,0.000304955091623886,"9","VMA21"
1.37444510827095e-08,0.41603307981657,0.32,0.098,0.000306501259144422,"9","RHOB"
1.39098283347891e-08,0.61706798387912,0.973,0.563,0.000310189171865797,"9","PPP1R15A"
1.39127899777462e-08,0.332824521907621,0.347,0.107,0.000310255216503741,"9","PJA2"
1.453530058102e-08,0.475042752558738,0.28,0.08,0.000324137202956747,"9","PSEN1"
1.50200943603402e-08,0.625668255342683,0.4,0.134,0.000334948104235586,"9","RPL7AP50"
1.51199575821112e-08,0.449842193343516,0.347,0.108,0.000337175054081079,"9","SNRPFP1"
1.53930833915225e-08,0.55247082191248,0.253,0.069,0.000343265759630953,"9","PTDSS1"
1.54230266011764e-08,0.566869147537142,0.653,0.261,0.000343933493206235,"9","ZC3HAV1"
1.55245483111194e-08,0.390781232692138,0.733,0.295,0.000346197427337963,"9","WDR83OS"
1.59660478718558e-08,0.395225191124504,0.307,0.091,0.000356042867542384,"9","ASNA1"
1.64288975727387e-08,0.58543220487946,0.6,0.235,0.000366364415872074,"9","NDUFB10"
1.66902449257998e-08,0.327310116173118,0.44,0.149,0.000372192461845336,"9","TGOLN2"
1.69998844951874e-08,0.403946672334877,0.333,0.102,0.00037909742424268,"9","RNF114"
1.71207326414326e-08,0.622944241276862,0.32,0.098,0.000381792337903946,"9","CISD2"
1.72478071365385e-08,0.402844793082399,0.267,0.075,0.000384626099144808,"9","STARD3NL"
1.75824576946238e-08,0.679644391455451,0.253,0.07,0.000392088806590112,"9","C12orf10"
1.79104264049896e-08,0.425001400575455,0.467,0.162,0.000399402508831269,"9","CNIH1"
1.81001626760998e-08,0.532977730915016,0.84,0.368,0.000403633627677026,"9","SNRPF"
1.92104894114255e-08,0.661050038451235,0.44,0.156,0.000428393913874788,"9","SRP72"
1.98627245556341e-08,0.55192884087291,0.267,0.075,0.00044293875759064,"9","PSMC4"
2.11879055663337e-08,0.613747681395775,0.96,0.535,0.000472490294129241,"9","EIF3H"
2.18595821295672e-08,0.644589564141031,0.253,0.07,0.000487468681489349,"9","MRPL14"
2.29746265348603e-08,0.72930155468257,0.28,0.083,0.000512334171727385,"9","CACUL1"
2.31294284264015e-08,0.535045304956737,0.827,0.37,0.000515786253908754,"9","PSMB1"
2.31436399607899e-08,0.310272490077287,0.36,0.115,0.000516103171125615,"9","MRPS7"
2.52221171552227e-08,0.818751431667787,0.373,0.128,0.000562453212561465,"9","TMEM70"
2.54115820735537e-08,0.434351182235901,0.547,0.203,0.000566678280240247,"9","MYH9"
2.56330897023766e-08,0.500137997881685,0.56,0.214,0.000571617900362998,"9","AP2M1"
2.58771511839732e-08,0.397258469427265,0.653,0.252,0.000577060471402602,"9","TOMM22"
2.63834911954542e-08,0.781705540513072,0.373,0.127,0.000588351853658629,"9","SEPT2"
2.71290909955378e-08,0.364626785839605,0.427,0.145,0.000604978729200494,"9","PSMG2"
2.72086025165387e-08,0.443964502696103,0.387,0.128,0.000606751836118814,"9","HAX1"
2.78535320699913e-08,0.348916576099583,0.64,0.25,0.000621133765160806,"9","ZFAND5"
2.79321267002568e-08,0.368853211610565,0.293,0.087,0.000622886425415727,"9","WIPI2"
2.82697804704429e-08,0.439158172194472,0.28,0.082,0.000630416104490877,"9","NSD1"
2.90221105723956e-08,0.696644787635615,0.307,0.094,0.000647193065764422,"9","LCP2"
2.96814112857566e-08,0.539090738948092,0.707,0.299,0.000661895471672372,"9","HSP90B1"
2.96945123394501e-08,0.428790193383845,0.8,0.322,0.000662187625169738,"9","ERH"
3.09020238595385e-08,0.476245199122236,0.293,0.087,0.00068911513206771,"9","LPP"
3.13842420802051e-08,0.364495473296092,0.4,0.135,0.000699868598388574,"9","ADA2"
3.32043986665332e-08,0.396931237912112,0.493,0.178,0.000740458090263691,"9","OCIAD1"
3.4623440790325e-08,0.469066982723762,0.987,0.886,0.000772102729624247,"9","BTF3"
3.60636071332474e-08,0.439528404495442,0.64,0.251,0.000804218439071417,"9","TMEM219"
3.6362030646176e-08,0.615546305445254,0.307,0.095,0.000810873283409726,"9","TRMT1"
3.75538497613873e-08,0.301848647999621,0.307,0.093,0.000837450849678937,"9","SVBP"
3.93714009651144e-08,0.308742107669772,0.547,0.202,0.000877982241522051,"9","ANXA7"
4.03606130065514e-08,0.708226342895045,0.253,0.072,0.000900041670046097,"9","ADPGK"
4.21073544537681e-08,0.472763504946324,0.36,0.119,0.000938994004319029,"9","FUNDC2"
4.2769085390413e-08,0.661959580831849,0.253,0.072,0.00095375060420621,"9","PABPC1P3"
4.31756185902484e-08,0.640227194099028,0.387,0.137,0.000962816294562539,"9","PMAIP1"
4.43415242577327e-08,0.611324980405581,0.267,0.077,0.00098881599094744,"9","NMI"
4.43870717040078e-08,0.324905691034483,0.507,0.182,0.000989831698999374,"9","HNRNPA1P48"
4.46605422265108e-08,0.308655594323196,0.347,0.111,0.00099593009165119,"9","SLC9A3R1"
4.52019748889007e-08,0.405272178790554,0.627,0.239,0.00100800404002249,"9","RPL29P11"
4.58592061792998e-08,0.50657832075762,0.28,0.083,0.00102266029779839,"9","MED13L"
4.72124284237055e-08,0.287420015406914,0.28,0.082,0.00105283715384863,"9","IQSEC1"
4.83514170340222e-08,0.537954839157076,0.653,0.269,0.0010782365998587,"9","PEBP1"
4.95909823905892e-08,0.504272954054971,0.333,0.107,0.00110587890731014,"9","HECTD1"
5.33192898488102e-08,0.532446495842126,0.293,0.089,0.00118902016362847,"9","HPRT1"
6.01317755715061e-08,0.336561807634312,0.373,0.124,0.00134093859524459,"9","MFF"
6.0951981888162e-08,0.449884445596042,0.653,0.264,0.00135922919610601,"9","C7orf73"
6.23862725409902e-08,0.461051458871005,0.533,0.201,0.00139121387766408,"9","RANBP1"
6.31194667158769e-08,0.508580352160341,0.973,0.609,0.00140756410776405,"9","TOB1"
6.42517080401478e-08,0.456292736371362,0.813,0.352,0.0014328130892953,"9","TBCA"
6.51959618125411e-08,0.263601790240602,0.36,0.118,0.00145386994841967,"9","LSM10"
6.56852474340952e-08,0.491097979691035,0.28,0.084,0.00146478101778032,"9","RSU1"
6.64658494622242e-08,0.345602787189523,0.453,0.16,0.0014821884430076,"9","WAS"
6.99390908403513e-08,0.251487266052191,0.36,0.118,0.00155964172573983,"9","METRNL"
7.16792570130766e-08,0.265088876423363,0.573,0.217,0.00159844743139161,"9","PPP1CA"
7.1855963771483e-08,0.517900065167201,0.413,0.146,0.00160238799210407,"9","CCT4"
7.3127359529006e-08,0.361240315553709,0.52,0.192,0.00163074011749683,"9","EIF2A"
7.44332836276083e-08,0.448386930988537,0.347,0.114,0.00165986222489566,"9","COMMD7"
7.46676232157134e-08,0.392892005069999,0.64,0.25,0.00166508799771041,"9","SRRM2"
7.6101365022682e-08,0.565863361825749,0.933,0.5,0.00169706044000581,"9","COX7B"
7.63018755449218e-08,0.629266186157508,0.307,0.097,0.00170153182465176,"9","AC116347.1"
8.10025341749981e-08,0.376347854576193,0.307,0.095,0.00180635651210246,"9","AL118516.1"
8.1354262913652e-08,0.578803223011937,0.44,0.163,0.00181420006297444,"9","FAM118A"
8.16719929688724e-08,0.39772164751858,0.453,0.166,0.00182128544320585,"9","LTA4H"
8.22530886623274e-08,0.357345944558812,0.453,0.166,0.0018342438771699,"9","AKIRIN2"
8.47838371106398e-08,0.267602540962296,0.787,0.327,0.00189067956756727,"9","VSIR"
8.94713793754634e-08,0.715846048055225,0.293,0.092,0.00199521176007283,"9","AGO2"
9.36565936468274e-08,0.462097386856689,0.333,0.109,0.00208854203832425,"9","RPN1"
9.43350129682219e-08,0.596684484616801,0.32,0.104,0.00210367078919135,"9","STOML2"
1.01039117507011e-07,0.690129321028577,0.267,0.08,0.00225317232040634,"9","DARS"
1.01188688924429e-07,0.477292654317743,0.68,0.294,0.00225650776301478,"9","RBX1"
1.02180066371982e-07,0.428198794122848,0.28,0.085,0.00227861548009519,"9","RANBP2"
1.06816012296187e-07,0.818857932928873,0.32,0.107,0.00238199707420498,"9","NAA20"
1.07250120743282e-07,0.462989698843908,0.427,0.156,0.0023916776925752,"9","SPG21"
1.07304375622257e-07,0.271570817921635,0.627,0.246,0.00239288757637632,"9","TMEM50A"
1.08120342909593e-07,0.477425812507436,0.693,0.293,0.00241108364688392,"9","FBL"
1.11328316188084e-07,0.341119477675647,0.253,0.073,0.00248262145099428,"9","NIN"
1.17544599595131e-07,0.359818188532638,0.667,0.277,0.00262124457097143,"9","DYNLL1"
1.17657903673486e-07,0.52020429705469,1,0.596,0.00262377125191874,"9","EMP3"
1.18172444297363e-07,0.360361137189459,0.627,0.245,0.0026352455078312,"9","MRPS21"
1.20886429091798e-07,0.391799817846398,0.52,0.196,0.0026957673687471,"9","RPL24P7"
1.2165745915494e-07,0.553332471261724,0.32,0.104,0.00271296133915516,"9","NCKAP1L"
1.23311677346633e-07,0.454009774242743,0.707,0.297,0.00274985040482991,"9","SNRPD1"
1.25578995015504e-07,0.651014284396577,0.253,0.075,0.00280041158884574,"9","LAGE3"
1.31339569534108e-07,0.334678391506034,0.28,0.085,0.00292887240061062,"9","LIPA"
1.31745799931964e-07,0.469222917686443,0.987,0.607,0.0029379313384828,"9","ALDOA"
1.36903619259237e-07,0.339628220889602,0.387,0.133,0.00305295070948098,"9","SDHC"
1.44293441897298e-07,0.416157374659235,0.613,0.245,0.00321774375430975,"9","DPP7"
1.45228656861727e-07,0.445181606028482,0.32,0.104,0.00323859904801652,"9","AKR1B1"
1.47240261664854e-07,0.563529358538101,0.96,0.588,0.00328345783512625,"9","RBM3"
1.48554974229259e-07,0.363146059476878,0.32,0.104,0.00331277592531248,"9","TMEM205"
1.48845678668287e-07,0.478738475922196,0.36,0.124,0.0033192586343028,"9","NDUFA10"
1.54132170144915e-07,0.531198647284043,0.28,0.087,0.0034371473942316,"9","AFF4"
1.55842634033072e-07,0.273561516357836,0.307,0.098,0.0034752907389375,"9","SKIL"
1.58788275655524e-07,0.58197206144479,0.28,0.087,0.00354097854711819,"9","MKKS"
1.60436674398601e-07,0.35626773152556,0.333,0.113,0.0035777378390888,"9","CD36"
1.60567107978801e-07,0.529972453022883,0.28,0.087,0.00358064650792727,"9","COQ7"
1.6650903339846e-07,0.558776746715697,0.28,0.087,0.00371315144478566,"9","JOSD2"
1.70393871209819e-07,0.322421118668914,0.547,0.209,0.00379978332797897,"9","COX14"
1.77025928712053e-07,0.400688603658379,0.747,0.306,0.00394767821027879,"9","AL121612.1"
1.82713596588e-07,0.418721994856118,0.36,0.123,0.0040745132039124,"9","KLF13"
1.85376676799405e-07,0.420842228481608,0.413,0.151,0.00413389989262672,"9","CDKN2D"
1.91880835551102e-07,0.353147480719947,0.507,0.193,0.00427894263278957,"9","CASP4"
1.91892146824399e-07,0.410767783864835,0.347,0.117,0.0042791948741841,"9","TMEM165"
1.93183411557335e-07,0.523317374984247,0.813,0.398,0.00430799007772858,"9","PGK1"
1.98862682172177e-07,0.365583235179627,0.28,0.087,0.00443463781243955,"9","MPLKIP"
2.03143351735827e-07,0.473119815501857,0.72,0.308,0.00453009674370895,"9","AC044787.1"
2.03283612594486e-07,0.436825844618926,0.48,0.182,0.00453322456085704,"9","RASSF5"
2.07074280226837e-07,0.349500231958606,1,0.909,0.00461775644905847,"9","SERF2"
2.07126503886302e-07,0.52875684537385,0.267,0.082,0.00461892103666453,"9","RNF126"
2.12191336006903e-07,0.354625620618034,0.307,0.099,0.00473186679295394,"9","FRG1"
2.13773903051555e-07,0.282387183035767,0.28,0.086,0.00476715803804967,"9","NDRG1"
2.30528975159071e-07,0.567716210270204,0.253,0.077,0.00514079614604728,"9","TET2"
2.40018591891939e-07,0.498402492601238,0.987,0.72,0.00535241459919024,"9","HINT1"
2.43445911686752e-07,0.299505034839703,0.747,0.312,0.00542884383061457,"9","EIF5"
2.44003456827552e-07,0.499204257610274,0.267,0.082,0.00544127708725442,"9","RYBP"
2.44115159109522e-07,0.454812396489051,0.293,0.094,0.00544376804814234,"9","SLC43A2"
2.54529410482138e-07,0.327751778012828,0.533,0.205,0.00567600585375167,"9","FOXN3"
2.56036510902254e-07,0.369952227791842,0.733,0.31,0.00570961419312027,"9","SELENOF"
2.65030972942806e-07,0.560938982668137,0.973,0.575,0.00591019069662458,"9","AC026366.1"
2.68440653841668e-07,0.271680793348168,0.813,0.357,0.0059862265806692,"9","PPP1CB"
2.7414469637981e-07,0.300453451041107,0.267,0.082,0.00611342672926976,"9","ATP6V1E1"
2.76468534294482e-07,0.393720608092413,0.28,0.087,0.00616524831476695,"9","FMNL1"
2.78197268302296e-07,0.279457481873882,0.307,0.099,0.0062037990831412,"9","FAM173A"
2.86586057145653e-07,0.548904310785124,0.253,0.076,0.00639086907434806,"9","TMEM183A"
2.87120107170357e-07,0.379637793609169,0.667,0.29,0.00640277838989895,"9","SET"
2.92579435838569e-07,0.443044882407101,0.253,0.076,0.00652452141920009,"9","ITGB2-AS1"
3.07741052067259e-07,0.4081090462704,0.347,0.12,0.00686262546109988,"9","TXNDC17"
3.27001073581419e-07,0.435925380784589,0.347,0.119,0.00729212394086563,"9","MORF4L2"
3.28002758829794e-07,0.433925008401164,0.253,0.077,0.00731446152190441,"9","GCA"
3.330167514917e-07,0.634839098211117,0.267,0.083,0.0074262735582649,"9","HSF1"
3.38766448173286e-07,0.425673746874955,0.853,0.407,0.00755449179426429,"9","LIMD2"
3.44261086388817e-07,0.44018461996339,0.453,0.173,0.00767702222647063,"9","MYCBP2"
3.47018641564509e-07,0.42126162559789,0.293,0.095,0.00773851570688855,"9","ZDHHC12"
3.53516940484978e-07,0.55741781551395,0.293,0.095,0.00788342777281501,"9","FRG1BP"
3.56302996444529e-07,0.413552081094503,0.467,0.179,0.00794555682071301,"9","SNRPD3"
3.64160344511866e-07,0.344578640489984,0.373,0.132,0.00812077568261462,"9","ANAPC5"
3.65701914193013e-07,0.457585741383276,0.987,0.865,0.0081551526865042,"9","S100A4"
3.80726713376085e-07,0.343129261159952,0.44,0.165,0.00849020570828669,"9","MRPL55"
3.81760409516313e-07,0.414892618200323,0.747,0.319,0.00851325713221377,"9","AC009245.1"
3.97603162791672e-07,0.358456807561546,0.72,0.295,0.00886655053025429,"9","AC136632.1"
3.99569717263238e-07,0.308078267013428,0.427,0.157,0.00891040469497022,"9","DDX3Y"
4.12090924797938e-07,0.3202750690026,0.613,0.248,0.00918962762299401,"9","H2AFV"
4.20277551032799e-07,0.449071392092749,0.253,0.077,0.00937218938803143,"9","AL355802.2"
4.45743131837081e-07,0.397921852903593,0.253,0.077,0.00994007183996691,"9","CEBPZOS"
4.54454887042229e-07,0.344416743278491,0.48,0.188,0.0101343439810417,"9","CAPZA2"
4.5851788775063e-07,0.4419788498789,0.573,0.238,0.010224948896839,"9","TMED10"
4.59116596151858e-07,0.404700565098803,0.653,0.277,0.0102383000941864,"9","SEM1"
4.60256650098153e-07,0.545161465270638,0.827,0.439,0.0102637232971888,"9","ATP5O"
4.72505828237568e-07,0.379066694387587,0.333,0.114,0.0105368799696978,"9","FAM50A"
4.82068290027702e-07,0.475263247955659,0.867,0.422,0.0107501228676178,"9","EIF2S3"
5.11857054426846e-07,0.27638827170183,0.427,0.158,0.0114144123137187,"9","EIF2S2"
5.30439623506634e-07,0.37647836958353,0.52,0.211,0.0118288036041979,"9","MOB1A"
5.40108154244e-07,0.399237020548918,0.307,0.103,0.0120444118396412,"9","GID8"
5.43498550880321e-07,0.357159013189257,0.333,0.114,0.0121200176846312,"9","LLPH"
5.55569068048241e-07,0.346115681334564,0.533,0.212,0.0123891902174758,"9","ROMO1"
5.73116420330544e-07,0.484331980492673,0.893,0.517,0.0127804961733711,"9","COX5B"
6.00560978673219e-07,0.396638565520612,0.787,0.352,0.0133925098244128,"9","PSME2"
6.03890494283809e-07,0.542782433768813,0.36,0.13,0.0134667580225289,"9","DPM1"
6.40837298034528e-07,0.620006668082653,0.893,0.522,0.01429067174617,"9","ID2"
6.63827511092935e-07,0.397771219095513,0.44,0.168,0.0148033534973724,"9","AC007182.2"
6.67851602323494e-07,0.480942885069899,0.907,0.451,0.0148930907318139,"9","ERP29"
6.68661902425315e-07,0.397425913723373,0.8,0.356,0.0149111604240845,"9","SNRPB"
6.71084533352264e-07,0.309991936364833,0.36,0.127,0.0149651850937555,"9","MFNG"
6.75760395101313e-07,0.416266931293585,0.547,0.22,0.0150694568107593,"9","LSM4"
6.78938161273533e-07,0.38133202593549,0.467,0.181,0.0151403209963998,"9","IGBP1"
6.79275830468171e-07,0.276297972999635,0.36,0.127,0.0151478510194402,"9","PTBP1"
6.83408165906169e-07,0.385149123853694,0.253,0.078,0.0152400020997076,"9","MSL3"
6.85826944788103e-07,0.255435463402823,0.4,0.147,0.0152939408687747,"9","SSNA1"
7.11002743430942e-07,0.515007227412214,0.293,0.097,0.01585536117851,"9","GTF2H5"
7.15657820444393e-07,0.297824751105077,0.587,0.237,0.01595916939591,"9","MAGOH"
7.20394379701114e-07,0.346809533311464,0.933,0.442,0.0160647946673349,"9","NDUFB2"
7.22863944504638e-07,0.391131225461363,0.373,0.136,0.0161198659624534,"9","EWSR1"
7.63610474521949e-07,0.337869446989532,0.76,0.325,0.0170285135818395,"9","EIF3M"
7.747577321876e-07,0.469999951186141,1,0.75,0.0172770974277835,"9","FO393411.1"
7.78170853649538e-07,0.419954322662366,0.333,0.118,0.0173532100363847,"9","PCMT1"
7.90580816787719e-07,0.333513736111737,0.467,0.181,0.0176299522143661,"9","NUP214"
8.02421168929605e-07,0.395079473067567,0.28,0.091,0.0178939920671302,"9","CBWD2"
9.13152412921901e-07,0.274857227326008,0.44,0.169,0.0203632988081584,"9","TMED9"
9.42415736112037e-07,0.395993049652715,0.333,0.118,0.0210158709152984,"9","IQGAP2"
9.52403259901862e-07,0.481575064009745,0.28,0.094,0.0212385926958115,"9","FOXO3"
9.63156510146178e-07,0.521441060607586,0.267,0.087,0.0214783901762598,"9","PRPF38A"
9.64509139637199e-07,0.416717120732603,0.893,0.434,0.0215085538139095,"9","TMSB4XP4"
9.68642114145004e-07,0.319018600083784,1,0.957,0.0216007191454336,"9","RPL7A"
9.75684269407424e-07,0.268669477547264,0.253,0.079,0.0217577592077855,"9","MPHOSPH6"
9.97087906401529e-07,0.375041723760827,0.36,0.13,0.0222350603127541,"9","ELOVL5"
1.00431394267366e-06,0.430745846711056,0.347,0.125,0.0223962009216227,"9","PQBP1"
1.00871967470268e-06,0.390448353779238,1,0.874,0.0224944487458698,"9","AC008038.1"
1.02610809059782e-06,0.365078310098136,0.493,0.197,0.0228822104203315,"9","SNRPC"
1.05875680551262e-06,0.525871682211665,0.373,0.142,0.0236102767629314,"9","Z93241.1"
1.08586287899966e-06,0.337973238658773,0.253,0.08,0.0242147422016925,"9","WDR45"
1.11600127742099e-06,0.406516546197037,0.267,0.086,0.0248868284864881,"9","FAM105A"
1.12738987255742e-06,0.4284372095731,0.267,0.087,0.0251407941580306,"9","CDK2AP2"
1.1944629323172e-06,0.392098613576641,0.333,0.118,0.0266365233906735,"9","TXNL1"
1.19635717141427e-06,0.301958668907242,0.4,0.149,0.0266787649225382,"9","FAM204A"
1.19846214770491e-06,0.369648429121091,1,0.862,0.0267257058938194,"9","COX4I1"
1.21882222835342e-06,0.36279668884666,0.387,0.144,0.0271797356922813,"9","CCT2"
1.23909015110129e-06,0.471694948272847,0.84,0.417,0.0276317103695589,"9","CYCS"
1.24028618575898e-06,0.305399788393003,0.253,0.08,0.0276583819424253,"9","SH3BP2"
1.26172869679137e-06,0.522797499996393,0.267,0.087,0.0281365499384476,"9","CCDC124"
1.31082678031135e-06,0.412514880811879,0.547,0.229,0.0292314372009431,"9","VDAC2"
1.34311589463824e-06,0.291977129387938,0.333,0.118,0.0299514844504328,"9","RPA3"
1.35110872443405e-06,0.252303704406395,0.28,0.093,0.0301297245548793,"9","RAD23A"
1.40481159824653e-06,0.547036398672526,0.92,0.483,0.0313272986408976,"9","GPX4"
1.41486084169998e-06,0.302917308201188,0.533,0.217,0.0315513967699096,"9","KTN1"
1.45825178727158e-06,0.35118037912855,0.507,0.211,0.0325190148561562,"9","GABARAPL1"
1.50169764392143e-06,0.326829878045086,0.653,0.282,0.0334878574594479,"9","LSM3"
1.63832079704693e-06,0.385925456709524,0.32,0.113,0.0365345537741465,"9","PDCD2"
1.70345574496904e-06,0.316173161034488,0.28,0.094,0.0379870631128095,"9","COPA"
1.70837214365035e-06,0.484091256432323,0.28,0.095,0.0380966988034029,"9","PSMD2"
1.7831572515728e-06,0.509220732674139,0.973,0.644,0.0397644067100735,"9","SUB1"
1.78900608844265e-06,0.333844283685465,0.307,0.106,0.0398948357722711,"9","NXF1"
1.86009824887333e-06,0.287120756436218,0.333,0.12,0.0414801909498752,"9","TLN1"
1.97918052524818e-06,0.28291370125553,0.467,0.186,0.0441357257130344,"9","TRABD"
1.98412166062206e-06,0.373432261858769,0.733,0.334,0.044245913031872,"9","MRPL33"
2.03437421939694e-06,0.260325300828255,0.733,0.317,0.0453665450925519,"9","RBM8A"
2.0626358985958e-06,0.426587757489506,0.893,0.446,0.0459967805386863,"9","YWHAB"
2.10937641945948e-06,0.471064287232902,0.28,0.095,0.0470390941539463,"9","PEX16"
2.13979978233369e-06,0.366354755292061,0.387,0.147,0.0477175351460414,"9","MRPS36"
2.19472763211317e-06,0.284558476745086,0.4,0.153,0.0489424261961236,"9","BLOC1S2"
2.23087010750066e-06,0.319169497058493,0.253,0.082,0.0497484033972648,"9","MAD2L2"
2.27008122272932e-06,0.271167810043104,0.773,0.348,0.0506228112668639,"9","NOP10"
2.27802459191447e-06,0.417553890617882,0.693,0.327,0.0507999483996926,"9","ATF4"
2.32166071199287e-06,0.361559884790215,1,0.908,0.0517730338774411,"9","RPLP0"
2.32990846621155e-06,0.443016835248759,0.48,0.199,0.0519569587965177,"9","PTGER4"
2.41930084453481e-06,0.256611575974915,0.4,0.154,0.0539504088331263,"9","ARL6IP1"
2.46255450204106e-06,0.387037890881447,0.84,0.414,0.0549149653955157,"9","NDUFB11"
2.6640386126537e-06,0.369501135651366,0.307,0.109,0.0594080610621775,"9","MZT2A"
2.69772566426421e-06,0.370684626286355,0.28,0.096,0.0601592823130918,"9","PABPN1"
2.81150395287557e-06,0.380927471352119,0.28,0.096,0.0626965381491252,"9","TM9SF3"
2.87185311227076e-06,0.286309980231723,0.48,0.193,0.064042324403638,"9","NCOR1"
2.9020970148734e-06,0.305986170792028,0.493,0.201,0.0647167634316767,"9","PSMC5"
3.5208285574982e-06,0.250379584281421,0.613,0.257,0.0785144768322098,"9","STRAP"
3.65372207447333e-06,0.455240902142498,0.88,0.475,0.0814780022607553,"9","SEC61B"
3.68606444872137e-06,0.494543039422485,0.933,0.575,0.0821992372064867,"9","EIF3F"
3.80013326234556e-06,0.352750028699274,1,0.918,0.0847429717503061,"9","RPL4"
3.80854006798997e-06,0.267943656615321,0.987,0.68,0.0849304435161763,"9","ZFP36"
3.84843522922422e-06,0.308066027227843,0.453,0.183,0.0858201056117002,"9","HSPB1"
3.94064015295424e-06,0.353619581754822,0.36,0.136,0.0878762754108796,"9","SDHD"
3.98469871922147e-06,0.410534043865565,1,0.745,0.0888587814386387,"9","RPL7AP30"
4.05889025540317e-06,0.414055015804086,0.933,0.48,0.0905132526954908,"9","EEF1B2P3"
4.06110834824727e-06,0.401817680441174,0.813,0.418,0.0905627161659142,"9","LDHA"
4.06414797796372e-06,0.260737316879888,0.267,0.09,0.0906304999085909,"9","TSC22D4"
4.20008212002066e-06,0.343189361906838,0.92,0.464,0.0936618312764608,"9","RHOA"
4.2395543044756e-06,0.29940650394897,0.28,0.097,0.094542060989806,"9","PTPN1"
4.50481727006386e-06,0.27750141926735,0.253,0.085,0.100457425122424,"9","CGGBP1"
4.73830149882272e-06,0.264085012864912,0.493,0.204,0.105664123423747,"9","ACP1"
4.91905848056254e-06,0.275505989972656,0.32,0.116,0.109695004116545,"9","DHX9"
5.3146394675141e-06,0.432038243033685,0.907,0.47,0.118516460125564,"9","SMDT1"
5.40543848326856e-06,0.42493405260483,0.253,0.085,0.120541278176889,"9","SF3A1"
5.4785139964506e-06,0.347520617804929,0.36,0.14,0.122170862120848,"9","MRPL51"
5.6507317292383e-06,0.283359744055209,0.253,0.085,0.126011317562014,"9","SF3B4"
5.74495449060918e-06,0.332547398149995,0.267,0.092,0.128112485140585,"9","SMU1"
6.071491990238e-06,0.302404758354865,0.347,0.132,0.135394271382307,"9","DOCK8"
6.24816738738649e-06,0.38991763107537,0.373,0.146,0.139334132738719,"9","ECH1"
6.76564754285e-06,0.427136065622828,0.307,0.113,0.150873940205555,"9","NUDCD2"
6.80856673472614e-06,0.29648549020862,0.72,0.33,0.151831038184393,"9","TRMT112"
6.83419103131268e-06,0.535708733160912,0.347,0.134,0.152402459998273,"9","DAP3"
6.95568976112775e-06,0.305207489206994,0.627,0.289,0.155111881673149,"9","SELL"
7.59122776875232e-06,0.453390376497842,0.307,0.114,0.169284379243177,"9","TMEM126A"
7.93700509106288e-06,0.287917383905672,0.36,0.139,0.176995213530702,"9","PRKCSH"
8.30270688430748e-06,0.296370870764578,0.427,0.175,0.185150363520057,"9","RPN2"
8.307616975602e-06,0.2716969780651,0.253,0.087,0.185259858555925,"9","RBM22"
8.39285649077844e-06,0.306083811952558,1,0.944,0.187160699744359,"9","AC022431.1"
9.24397744787668e-06,0.369905218797303,0.427,0.179,0.20614069708765,"9","WDR1"
9.42037001893222e-06,0.461822365027099,0.96,0.643,0.210074251422188,"9","RPL4P4"
1.1223538274917e-05,0.357793942578527,0.267,0.095,0.250284903530649,"9","ZFAND1"
1.140951854141e-05,0.274480163499372,0.32,0.122,0.254432263473443,"9","MDH1"
1.19361070453235e-05,0.387061057659447,0.893,0.457,0.266175187110715,"9","ARL6IP4"
1.24656087456903e-05,0.309575630822922,1,0.937,0.277983075028894,"9","RPL22"
1.40409312112507e-05,0.268850403649144,0.493,0.219,0.31311276601089,"9","APLP2"
1.44141482509699e-05,0.327203769296774,0.84,0.425,0.321435505996629,"9","POMP"
1.4600957357638e-05,0.495063733182786,0.76,0.388,0.325601349075327,"9","H2AFZ"
1.56898845749661e-05,0.26851799515057,0.28,0.102,0.349884426021744,"9","NSMCE1"
1.66332314538013e-05,0.390421386080639,0.4,0.166,0.37092106141977,"9","XRCC5"
1.87144945797268e-05,0.293095828924224,0.933,0.544,0.417333229127908,"9","LAMTOR4"
1.90611068833446e-05,0.302389284533198,0.293,0.11,0.425062683498584,"9","AL080243.2"
2.01008265687908e-05,0.404354762912893,1,0.629,0.448248432484035,"9","AC026403.1"
2.0858648626025e-05,0.260506891190709,0.533,0.239,0.465147864360358,"9","IDI1"
2.18555441555653e-05,0.391370855134058,0.973,0.693,0.487378634669107,"9","RPL7AP6"
2.3905647221233e-05,0.541349795005691,0.267,0.099,0.533095933033495,"9","PDCL3"
2.4425143280599e-05,0.339760856506616,0.867,0.467,0.544680695157357,"9","COX6A1"
2.47669334603629e-05,0.287346226093006,0.973,0.649,0.552302616166093,"9","C14orf2"
2.72610252956488e-05,0.362662634102191,0.92,0.596,0.607920864092968,"9","RBM39"
3.2656716219002e-05,0.291771546768312,0.92,0.479,0.728244771683744,"9","POLR2L"
3.3155768189621e-05,0.279369057916225,0.293,0.113,0.739373630628549,"9","CENPX"
3.369098552641e-05,0.260300513869675,0.307,0.12,0.751308977238943,"9","RABGGTB"
3.57608423418342e-05,0.330955047586748,0.987,0.624,0.797466784222902,"9","COX6B1"
3.60827206898028e-05,0.341798411913581,0.36,0.151,0.804644671382603,"9","RNF138"
3.70407758684796e-05,0.363174071431194,0.893,0.506,0.826009301867095,"9","ATP5D"
4.13318353371068e-05,0.269317306695503,0.36,0.149,0.921699928017481,"9","ILF2"
4.16837637488122e-05,0.252624886407123,0.267,0.1,0.929547931598513,"9","NUP58"
5.16321750119352e-05,0.322617225685582,0.267,0.102,1,"9","PLEKHB2"
5.28234115056791e-05,0.513930218943522,0.253,0.097,1,"9","MRPS33"
5.41107138233677e-05,0.363962023046294,0.973,0.636,1,"9","NAP1L1"
5.50466483921753e-05,0.33526007271002,0.853,0.445,1,"9","RPLP0P6"
5.75655429643546e-05,0.302900238103859,0.427,0.192,1,"9","SYAP1"
5.95010903276424e-05,0.276362097152454,1,0.939,1,"9","NACA"
6.29749299771665e-05,0.344203579735196,1,0.861,1,"9","HNRNPA1"
6.61204932011e-05,0.262540784446676,1,0.949,1,"9","RACK1"
6.87104171172549e-05,0.258163790454159,0.28,0.11,1,"9","TRMT10C"
8.85524735550797e-05,0.389026010970291,0.907,0.551,1,"9","NACA3P"
8.91866991856326e-05,0.275278661264451,0.28,0.111,1,"9","PSMD13"
9.04827763533913e-05,0.294708362924852,0.68,0.329,1,"9","EID1"
9.80044291472379e-05,0.339910702081232,0.253,0.098,1,"9","CSNK1D"
0.000123681414699374,0.322349846489186,0.347,0.152,1,"9","PCF11"
0.000138313350761767,0.29093905545164,0.4,0.177,1,"9","RPL10P15"
0.000143375015625532,0.287714199888763,1,0.895,1,"9","RPS7P1"
0.000144341009493484,0.339314096630156,1,0.696,1,"9","CHCHD2"
0.000225724455499756,0.285636378830873,0.773,0.417,1,"9","TUBA1A"
0.000245137999584768,0.309700562406249,0.987,0.832,1,"9","RPS7P10"
0.000261732332369622,0.33539183959916,0.933,0.626,1,"9","NDUFA4"
0.000311525326202141,0.288761414425715,0.867,0.49,1,"9","NDUFA1"
0.000340805454637829,0.305767229732748,0.987,0.782,1,"9","RPS23"
0.000341121470231381,0.305690327814154,1,0.797,1,"9","EEF2"
0.000360632056655057,0.255999284089071,0.773,0.422,1,"9","NEDD8"
0.000408530703136095,0.255662538711522,0.32,0.145,1,"9","RNASEH2C"
0.0011633280641279,0.266586136853457,0.96,0.6,1,"9","SUMO2"
0.00118938242719086,0.298136328739866,0.947,0.656,1,"9","FXYD5"
0.0038917618157476,0.253090884509259,0.893,0.567,1,"9","EDF1"
0.00609097719700234,0.253708693819538,0.973,0.677,1,"9","CCNI"
0,9.16350525072176,0.893,0.001,0,"10","LILRA4"
0,8.3022693248187,0.75,0.006,0,"10","SERPINF1"
0,10.4875951786467,0.714,0.001,0,"10","SCT"
0,9.59079092307554,0.643,0.001,0,"10","NRP1"
0,8.46815528300499,0.536,0.002,0,"10","AC119428.2"
0,8.78159704450358,0.5,0.001,0,"10","CLEC4C"
0,9.93169691401381,0.321,0,0,"10","SHD"
5.48312571638906e-285,7.82319909381665,0.464,0.002,1.22273703475476e-280,"10","PPP1R14BP2"
2.44672809309056e-263,7.06825971587367,0.607,0.005,5.45620364759195e-259,"10","TPM2"
2.3492748349831e-254,4.59327354557989,0.464,0.003,5.23888288201231e-250,"10","PTCRA"
8.16221827585009e-253,7.40199821036806,0.393,0.002,1.82017467551457e-248,"10","IL3RA"
4.20362888948517e-194,6.89920497980389,0.786,0.016,9.37409242355194e-190,"10","PPP1R14BP3"
8.7596323287013e-191,6.60172248077848,0.357,0.002,1.95339800930039e-186,"10","DNASE1L3"
1.65979016349772e-179,6.70805992986758,0.429,0.004,3.70133206459992e-175,"10","SMPD3"
1.87573377731313e-174,6.27216672039093,0.429,0.004,4.18288632340827e-170,"10","MAP1A"
3.55033187417179e-170,6.5836527193607,0.893,0.025,7.91724007940309e-166,"10","PLD4"
4.25676421681553e-165,6.60073245411705,0.286,0.002,9.49258420349863e-161,"10","PLXNA4"
4.40522833559796e-163,6.54408063061976,0.786,0.019,9.82365918838345e-159,"10","PPP1R14B"
5.40591928185363e-162,6.34181053468023,0.571,0.009,1.20551999985336e-157,"10","DERL3"
1.14696196147396e-150,5.62701603389349,0.357,0.003,2.55772517408693e-146,"10","EGLN3"
1.65120790139107e-145,5.62678590593664,0.643,0.014,3.68219362010209e-141,"10","TSPAN13"
3.21418363060839e-145,5.45529323807042,0.643,0.014,7.16762949625672e-141,"10","FAM129C"
8.35555291306333e-144,7.21179052605079,0.25,0.001,1.86328829961312e-139,"10","LAMP5"
6.42912502241115e-135,7.91509662624364,0.25,0.002,1.43369487999769e-130,"10","SCN9A"
1.12706411611952e-134,7.02752698437239,0.25,0.002,2.51335297894654e-130,"10","CRYM"
5.99637533059404e-127,5.85103609441324,0.893,0.035,1.33719169872247e-122,"10","CCDC50"
7.88316109110199e-127,5.65542661051321,1,0.045,1.75794492331574e-122,"10","JCHAIN"
4.63368932715133e-123,5.62322178523685,0.571,0.013,1.03331271995475e-118,"10","IRF4"
1.28780636714112e-118,5.32949611652186,0.893,0.037,2.87180819872469e-114,"10","TCF4"
7.22113557899454e-117,6.65452418490292,0.286,0.003,1.61031323411578e-112,"10","LINC00996"
3.69013115824983e-103,4.54070900922747,0.714,0.026,8.22899248289712e-99,"10","FCER1A"
1.22624197017319e-101,4.46786796251391,0.429,0.009,2.73451959348621e-97,"10","DAB2"
2.30648297540745e-101,4.9468939280093,0.714,0.027,5.14345703515861e-97,"10","MZB1"
7.56804504134539e-95,6.07765822736301,0.357,0.006,1.68767404422002e-90,"10","MYBL2"
9.63818540980176e-90,5.85921510581618,0.464,0.012,2.14931534638579e-85,"10","GAS6"
6.98122775270556e-89,5.66961020596509,0.429,0.01,1.55681378885334e-84,"10","SPIB"
4.2779315012142e-88,5.7360671133009,0.321,0.005,9.53978724770767e-84,"10","RASD1"
6.95714576172661e-86,5.56516263858851,0.964,0.065,1.55144350486503e-81,"10","ITM2C"
1.98054976013373e-82,5.68128819681956,0.25,0.003,4.41662596509821e-78,"10","AP001442.1"
4.23145575844041e-79,4.92021921222016,0.893,0.058,9.43614634132213e-75,"10","APP"
7.19656663758517e-72,4.92476419907748,0.929,0.072,1.60483436018149e-67,"10","IRF8"
3.15239821185848e-70,5.04089644973312,0.429,0.013,7.02984801244441e-66,"10","TNFRSF21"
2.39157868302216e-68,4.76492571773899,0.607,0.029,5.33322046313942e-64,"10","LILRB4"
8.14306350165412e-67,5.25695064755889,0.25,0.004,1.81590316086887e-62,"10","COBLL1"
2.50338444032621e-66,4.32188620422878,0.964,0.083,5.58254730192744e-62,"10","BCL11A"
7.08262858741787e-60,5.02408874906602,0.786,0.06,1.57942617499418e-55,"10","IRF7"
4.33971655666633e-59,3.94157665599683,0.786,0.056,9.67756792136592e-55,"10","MAPKAPK2"
1.43932479468489e-55,4.60082163654999,0.786,0.063,3.2096942921473e-51,"10","SOX4"
3.73972051784636e-55,4.6575093442892,0.321,0.01,8.3395767547974e-51,"10","AC023590.1"
7.23628214785185e-55,5.58978013262483,0.25,0.006,1.61369091897096e-50,"10","BLNK"
6.0335824664053e-52,5.09583476036133,0.25,0.006,1.34548889000838e-47,"10","AC120049.1"
1.45146299052689e-51,4.04697045517277,0.571,0.034,3.23676246887497e-47,"10","CD2AP"
9.72774557693437e-50,3.89518206057126,0.893,0.09,2.16928726365636e-45,"10","RNASE6"
2.10304687873887e-47,4.70018811902324,0.286,0.009,4.68979453958767e-43,"10","AC108704.2"
8.33817080678522e-43,3.99497540507384,0.357,0.016,1.8594120899131e-38,"10","RIPOR1"
3.02676295140109e-42,4.24844053526553,0.464,0.027,6.74968138162442e-38,"10","SLC15A4"
3.55213831305621e-42,3.20652461670517,0.786,0.075,7.92126843811534e-38,"10","RUBCN"
5.02604676931707e-40,3.54710022417026,0.5,0.033,1.12080842955771e-35,"10","GNG7"
9.79906253006133e-38,3.47512479884909,0.857,0.109,2.18519094420368e-33,"10","STMN1"
9.14467381693456e-37,3.72596339147276,0.536,0.042,2.03926226117641e-32,"10","LDLRAD4"
5.50182807088339e-36,4.7921738939475,0.25,0.009,1.226907659807e-31,"10","GAB1"
1.06111370243501e-35,4.35423686201831,0.357,0.019,2.36628355643007e-31,"10","GPM6B"
3.04173485957503e-35,3.58248669599463,0.429,0.028,6.78306873685232e-31,"10","GSN"
9.3494981516876e-35,3.61753317543563,0.429,0.028,2.08493808782633e-30,"10","GAPT"
7.4615118185375e-34,4.13385477474493,0.25,0.01,1.66391713553386e-29,"10","AC141586.1"
1.08044877507639e-31,4.1064465067447,0.321,0.017,2.40940076842034e-27,"10","SIDT1"
1.5269932151293e-31,3.49819271923361,0.964,0.211,3.40519486973834e-27,"10","C12orf75"
4.60097195064186e-31,3.53650830481505,0.5,0.043,1.02601674499313e-26,"10","C12orf45"
4.66573077194957e-31,3.81469890273571,0.321,0.018,1.04045796214475e-26,"10","CDH23"
1.28534580074882e-30,3.41162051542702,0.393,0.027,2.86632113566988e-26,"10","DAAM1"
7.70992374726527e-29,3.13647703209966,0.714,0.092,1.71931299564016e-24,"10","SNHG7"
1.17489554378019e-28,3.60606680416561,0.286,0.015,2.62001706262983e-24,"10","REPIN1"
1.24279218080846e-28,3.40864388480562,0.643,0.078,2.77142656320287e-24,"10","DDAH2"
5.73976352684645e-28,3.3586009042291,0.464,0.041,1.27996726648676e-23,"10","SEL1L3"
1.96556234385509e-26,4.1811855188908,0.321,0.021,4.38320402679685e-22,"10","FAM213A"
2.30052901296362e-25,3.35751712218891,0.321,0.022,5.13017969890886e-21,"10","VEGFB"
4.20660284221256e-25,2.91904230233663,0.964,0.229,9.38072433813402e-21,"10","ALOX5AP"
7.54929116878154e-25,3.66350925688888,0.643,0.093,1.68349193063828e-20,"10","NAPSB"
3.7336864718859e-24,3.56945356701257,0.357,0.029,8.32612083230556e-20,"10","CXCR3"
5.50607570526033e-24,3.74692896399643,0.286,0.018,1.22785488227305e-19,"10","BCL7A"
6.38242312144583e-24,2.81424960198014,0.571,0.071,1.42328035608242e-19,"10","CLIC3"
1.94552980014464e-23,3.66724670537848,0.357,0.029,4.33853145432254e-19,"10","SMIM3"
1.94680783867765e-23,3.72530013976433,0.857,0.192,4.34138148025116e-19,"10","GZMB"
2.55553007672079e-23,2.87608273719162,0.464,0.048,5.69883207108736e-19,"10","RPS6KA4"
9.70853546670066e-23,2.31044800362742,0.929,0.193,2.16500340907425e-18,"10","HLA-DMA"
2.12201550453117e-22,4.00202945952308,0.393,0.038,4.73209457510451e-18,"10","ARID3A"
2.97236244496677e-22,3.06943335478969,0.607,0.087,6.6283682522759e-18,"10","CDK2AP2"
5.91473612968842e-22,3.5263669367602,0.393,0.038,1.31898615692052e-17,"10","GRAMD1B"
1.20083116907648e-21,2.98883904295713,1,0.478,2.67785350704054e-17,"10","SEC61B"
1.51608616509301e-21,3.42245293556686,0.357,0.031,3.38087214815741e-17,"10","SND1-IT1"
3.6918780999822e-21,3.33291370476413,0.321,0.026,8.23288816296031e-17,"10","N4BP2"
5.55785257100959e-21,2.8131884506644,1,0.39,1.23940112333514e-16,"10","PLAC8"
1.34441920680084e-20,2.69680377179956,0.464,0.053,2.99805483116588e-16,"10","DDB1"
1.36201719829178e-20,5.52858504740708,0.25,0.017,3.03729835219067e-16,"10","PTGDS"
1.84287098318289e-20,3.16164668543317,0.429,0.048,4.10960229249785e-16,"10","ST3GAL2"
3.05261219216165e-20,2.63257643166681,0.679,0.116,6.80732518852048e-16,"10","SPINT2"
8.21130647450898e-20,2.9397901219705,0.464,0.056,1.8311213438155e-15,"10","CCDC88A"
1.45206978874986e-19,3.72428391719658,0.286,0.023,3.23811562891218e-15,"10","ASPH"
3.03023692627937e-19,2.15368475320646,0.786,0.15,6.757428345603e-15,"10","FKBP2"
5.65689104985335e-19,2.75823829315024,0.786,0.17,1.2614867041173e-14,"10","SELENOS"
6.19965666314254e-19,3.09466409900321,0.393,0.043,1.38252343588079e-14,"10","CORO1C"
8.02900921462544e-19,2.2630755220631,0.929,0.281,1.79046905486147e-14,"10","PLP2"
1.0615288765792e-18,2.98168100518416,0.429,0.05,2.36720939477161e-14,"10","TP53I13"
1.55289378623963e-18,3.07112927030326,0.321,0.03,3.46295314331438e-14,"10","ST6GALNAC4"
3.62364005703391e-18,2.75096238924031,0.929,0.321,8.08071732718562e-14,"10","NPC2"
5.27072135814932e-18,2.7270390773924,0.5,0.071,1.1753708628673e-13,"10","HIGD1A"
6.12119185172805e-18,2.07520611491177,0.964,0.361,1.36502578293536e-13,"10","TAGLN2"
6.91978693739262e-18,2.64909483829386,0.464,0.061,1.54311248703855e-13,"10","SLC7A5"
7.72023890171911e-18,2.75379784476971,1,0.617,1.72161327508336e-13,"10","CD74"
9.24703966022389e-18,3.19005406189126,0.357,0.038,2.06208984422993e-13,"10","AC092117.2"
1.10875373190384e-17,2.70600947155711,0.321,0.03,2.47252082214557e-13,"10","RP9"
1.39546109305434e-17,3.59738849003772,0.286,0.025,3.11187823751117e-13,"10","SLC1A5"
2.25163448239716e-17,2.53308209685091,0.5,0.07,5.02114489574567e-13,"10","PPM1K"
3.2353971041392e-17,3.43263829063856,0.25,0.02,7.21493554223042e-13,"10","PRMT7"
4.23018641370086e-17,3.73740221288444,0.286,0.026,9.43331570255292e-13,"10","CLN8"
4.74772306684617e-17,2.27553424870999,0.679,0.127,1.0587422439067e-12,"10","HM13"
7.51871791348738e-17,2.6189683468131,0.571,0.096,1.67667409470769e-12,"10","DCK"
1.20722045583167e-16,2.08529229889752,0.607,0.105,2.69210161650462e-12,"10","HLA-DQA1"
2.7310377734966e-16,2.66063419880453,0.5,0.078,6.09021423489743e-12,"10","SFT2D2"
6.13633861540541e-16,2.61144749638845,0.536,0.089,1.36840351123541e-11,"10","TGFBI"
7.66233606757689e-16,2.92727701575676,0.357,0.042,1.70870094306965e-11,"10","NOP56P1"
7.75191559855034e-16,2.32600158503439,0.429,0.057,1.72867717847673e-11,"10","EDEM1"
1.04414871040525e-15,3.31695405185816,0.25,0.022,2.32845162420371e-11,"10","MYL6B"
1.23286915077358e-15,2.84558022573131,0.321,0.034,2.74929820622508e-11,"10","SCARB2"
2.02605811079708e-15,2.39214864968178,0.929,0.4,4.51810958707749e-11,"10","SPCS1"
3.98534646592029e-15,2.58618478378127,0.464,0.073,8.88732261900224e-11,"10","ALDH2"
4.1943960839835e-15,1.89109822512094,0.964,0.385,9.3535032672832e-11,"10","VAMP8"
6.83089117850447e-15,2.75325158016484,0.357,0.044,1.5232887328065e-10,"10","EP400NL"
9.69496316803297e-15,2.51167623728649,0.357,0.044,2.16197678647135e-10,"10","FEZ2"
1.20950601869726e-14,3.10248131314661,0.286,0.03,2.69719842169488e-10,"10","HS3ST3B1"
1.9622883683604e-14,2.3330153782067,0.821,0.239,4.3759030614437e-10,"10","TMED10"
2.1826142794311e-14,2.2276217310657,0.786,0.216,4.86722984313135e-10,"10","OSTC"
2.99923436363926e-14,2.16175394529617,0.714,0.17,6.68829263091555e-10,"10","TMED9"
4.07525739547777e-14,2.31987455669143,0.357,0.046,9.08782399191542e-10,"10","STX7"
4.09466881213911e-14,1.66308979050072,1,0.401,9.13111145107022e-10,"10","HLA-DPB1"
4.58206260957593e-14,2.22134167310572,0.536,0.097,1.02179996193543e-09,"10","RAB11FIP1"
8.7278998423501e-14,2.49059493675973,0.321,0.039,1.94632166484407e-09,"10","FCHSD2"
9.62859930940312e-14,2.51501756661343,0.321,0.039,2.1471776459969e-09,"10","GALNT2"
1.03222497154929e-13,1.92891331862296,0.607,0.12,2.30186168655492e-09,"10","MPEG1"
1.2205052622713e-13,2.94545764988296,0.321,0.04,2.72172673486499e-09,"10","ADAM19"
1.25659248161123e-13,1.82087325195663,0.964,0.455,2.80220123399305e-09,"10","ERP29"
1.70788108215431e-13,1.64007177534395,1,0.46,3.80857481320411e-09,"10","HLA-DRA"
2.22903885055628e-13,2.34829138809407,0.929,0.369,4.97075663674051e-09,"10","RNASET2"
3.328049316298e-13,2.39812763960705,0.393,0.058,7.42154997534453e-09,"10","PDPK1"
3.44077332163661e-13,2.4276158850611,0.429,0.069,7.67292450724965e-09,"10","N4BP2L1"
4.42155918278469e-13,2.75211001620474,0.25,0.026,9.86007697760985e-09,"10","SERBP1P5"
4.70242722221387e-13,2.37121200972418,0.393,0.058,1.04864127055369e-08,"10","LRRC58"
5.54693720835433e-13,1.6262199462496,0.964,0.339,1.23696699746302e-08,"10","HLA-DPA1"
5.63197953530353e-13,3.40445893067652,0.25,0.027,1.25593143637269e-08,"10","CSF2RB"
6.53785721467986e-13,2.78456355726417,0.25,0.026,1.45794215887361e-08,"10","DUSP5"
7.29699932090995e-13,2.62846002725809,0.393,0.06,1.62723084856292e-08,"10","AGPAT2"
1.00212157264749e-12,1.96315399532167,0.607,0.129,2.23473110700391e-08,"10","CAT"
1.01434953953554e-12,2.15314331778595,0.357,0.049,2.26199947316425e-08,"10","CNP"
1.67293225194267e-12,2.48154891493448,0.464,0.087,3.73063892183215e-08,"10","TM9SF2"
1.71332374014751e-12,2.01145401337024,0.643,0.153,3.82071194052894e-08,"10","NUCB2"
1.96712867702352e-12,3.19604707586598,0.286,0.036,4.38669694976244e-08,"10","SLC2A6"
2.06998319539267e-12,2.6770984954319,0.25,0.027,4.61606252572567e-08,"10","PI4KA"
2.13857128547904e-12,1.61010758268102,0.964,0.426,4.76901396661827e-08,"10","GPX1"
2.26754308152754e-12,2.45295960359319,0.25,0.027,5.05662107180641e-08,"10","ALG2"
2.29249330094971e-12,2.62358323686008,0.357,0.053,5.11226006111786e-08,"10","MIF4GD"
2.49419522397831e-12,1.75876635362931,0.929,0.534,5.56205534947164e-08,"10","SEC61G"
2.52419983548159e-12,2.19443337754597,0.75,0.219,5.62896563312394e-08,"10","GPR183"
2.53707552172705e-12,1.75048006877573,0.679,0.155,5.65767841345132e-08,"10","DHRS7"
3.2703142470382e-12,2.36194928676604,0.286,0.034,7.29280077089518e-08,"10","ARHGEF7"
3.74768247476584e-12,2.50755232434857,0.464,0.087,8.35733191872782e-08,"10","PDIA4"
4.38496191834353e-12,2.13676450073098,0.429,0.072,9.77846507790607e-08,"10","SMARCB1"
4.84129212508152e-12,1.48678250945618,0.929,0.307,1.07960814389318e-07,"10","HLA-DRB1"
4.88612535735866e-12,1.72470065486191,0.75,0.195,1.08960595469098e-07,"10","HLA-DRB5"
5.65277713903424e-12,2.04384305192949,0.607,0.143,1.26056930200464e-07,"10","BID"
6.59924603335376e-12,2.14410203280461,0.393,0.063,1.47163186543789e-07,"10","SMIM14"
7.18848464665658e-12,2.75106583870597,0.25,0.028,1.60303207620442e-07,"10","PTMS"
7.42446241335671e-12,1.66269083341932,0.571,0.116,1.65565511817855e-07,"10","VPS13C"
7.75181785519196e-12,1.6609062435518,1,0.566,1.72865538170781e-07,"10","SSR4"
1.21903103601899e-11,1.90951436896853,0.679,0.169,2.71843921032235e-07,"10","ELMSAN1"
1.37323615123304e-11,1.81267363302688,0.857,0.321,3.06231661724967e-07,"10","PARK7"
1.91708522433342e-11,1.80520800504778,0.964,0.363,4.27510005026354e-07,"10","HERPUD1"
1.99116622744432e-11,2.54696347822062,0.357,0.056,4.44030068720084e-07,"10","SULF2"
2.187178755753e-11,2.12580963086911,0.679,0.208,4.87740862532918e-07,"10","SH3KBP1"
2.49799186758288e-11,2.30038899272928,0.464,0.091,5.57052186470983e-07,"10","TMEM109"
2.96960251530058e-11,2.11544192506983,0.5,0.102,6.6222136091203e-07,"10","ERCC1"
3.04735876495085e-11,1.88952089856258,0.607,0.145,6.79561004584039e-07,"10","CAPG"
3.18637147839497e-11,2.43325319371305,0.25,0.029,7.10560839682077e-07,"10","DCPS"
3.27823189135874e-11,3.77478004499467,0.25,0.031,7.31045711772998e-07,"10","CDYL"
4.06508287619359e-11,2.82848609473783,0.25,0.03,9.06513481391171e-07,"10","QTRT2"
5.62209341150679e-11,2.51806865923301,0.25,0.03,1.25372683076602e-06,"10","RALGAPA2"
6.7775132175979e-11,1.71596801912505,0.5,0.1,1.51138544752433e-06,"10","TBL1XR1"
7.2452372052175e-11,1.83429397447449,0.643,0.163,1.6156878967635e-06,"10","CCDC69"
8.15318473448483e-11,1.67727377000433,0.821,0.245,1.81816019579012e-06,"10","TRAM1"
9.79893614191378e-11,2.06714114650143,0.5,0.109,2.18516275964677e-06,"10","MLF2"
1.01676983380715e-10,2.4666352071784,0.571,0.15,2.26739672938994e-06,"10","CTSB"
1.02744419225722e-10,2.15020952114371,0.464,0.095,2.29120054873361e-06,"10","CTSZ"
1.16676773366464e-10,1.3485437262936,1,0.708,2.60189204607215e-06,"10","CYBA"
1.57957450795558e-10,1.76394268977995,0.821,0.268,3.52245115274094e-06,"10","PAXX"
2.51404627703406e-10,1.83734223687659,0.571,0.136,5.60632319778596e-06,"10","ETV6"
2.99396497873102e-10,1.68116358309383,0.607,0.15,6.67654190257017e-06,"10","TMEM147"
3.28798964168108e-10,1.50395946356623,0.929,0.438,7.33221690094882e-06,"10","TMEM258"
3.49799954278832e-10,1.9547633882097,0.714,0.224,7.80053898041795e-06,"10","GRN"
3.97409055925379e-10,2.06155337171677,0.357,0.061,8.86222194713595e-06,"10","NUDT5"
4.0490790345291e-10,1.83815465078566,0.393,0.071,9.0294462469999e-06,"10","LAIR1"
4.25913122725423e-10,2.18535589690739,0.393,0.074,9.49786263677694e-06,"10","NIN"
6.59240419397519e-10,2.46907781260595,0.321,0.053,1.47010613525647e-05,"10","SNRNP25"
7.47467079560909e-10,1.09158091608122,1,0.39,1.66685158742083e-05,"10","CST3"
8.30564862375248e-10,2.4917495866428,0.286,0.042,1.8521596430968e-05,"10","IGF2R"
8.3108901619718e-10,1.48419426873429,0.786,0.255,1.85332850611971e-05,"10","SNX3"
8.38273532737618e-10,2.01971902711402,0.536,0.131,1.86934997800489e-05,"10","NOP56"
8.53379573183221e-10,2.55039984449832,0.321,0.054,1.90303644819858e-05,"10","SLC20A1"
8.57344800342096e-10,1.191637274393,1,0.381,1.91187890476287e-05,"10","FCER1G"
9.68745944263698e-10,2.53200856540226,0.357,0.066,2.16030345570805e-05,"10","ADA"
1.14344385665847e-09,1.84311620790667,0.607,0.164,2.54987980034838e-05,"10","AP3S1"
1.2783733965294e-09,1.65563110624679,0.607,0.158,2.85077267426057e-05,"10","SRP72"
1.38812257489354e-09,2.71844752334488,0.25,0.035,3.09551334201259e-05,"10","AHI1"
1.56717978662739e-09,1.91928547011091,0.536,0.135,3.49481092417908e-05,"10","PRMT9"
1.65119710275018e-09,1.64678899209051,0.571,0.145,3.68216953913289e-05,"10","ANKRD11"
1.66222204482837e-09,2.58886468754264,0.25,0.035,3.70675515996726e-05,"10","KMT5B"
1.95210058717763e-09,1.3569683751024,0.857,0.29,4.35318430940611e-05,"10","SELL"
2.05497580820134e-09,1.44174087217617,0.571,0.136,4.58259605228898e-05,"10","MAP3K2"
2.25367419793671e-09,2.00559032389222,0.321,0.055,5.02569346139886e-05,"10","SYK"
2.31324140257748e-09,1.6183338549191,0.679,0.187,5.15852832774778e-05,"10","TRABD"
2.34454392728462e-09,2.1883111358845,0.429,0.094,5.22833295784469e-05,"10","ZNF791"
2.37428430323344e-09,2.44486899624823,0.25,0.035,5.29465399621056e-05,"10","TMEM19"
2.52424129009795e-09,2.46509493362464,0.25,0.035,5.62905807691843e-05,"10","SMC6"
2.68262283660114e-09,1.2959161281669,0.964,0.705,5.98224892562054e-05,"10","SRP14"
2.7860899507151e-09,1.69245560430048,0.464,0.1,6.21298059009467e-05,"10","BEX4"
2.81025876913201e-09,2.00217659563851,0.321,0.054,6.26687705516438e-05,"10","SLC35A3"
2.84182654593537e-09,2.00179781549763,0.286,0.044,6.33727319743588e-05,"10","TMIGD2"
2.85021084871897e-09,2.16752800559308,0.536,0.14,6.35597019264329e-05,"10","SEC11C"
3.36440822241252e-09,1.4846932786201,0.607,0.16,7.50263033597991e-05,"10","HLA-DQB1"
3.39612372942881e-09,1.90219061606013,0.536,0.135,7.57335591662625e-05,"10","KDM5A"
3.45863720489578e-09,1.56059947179334,0.607,0.17,7.7127609669176e-05,"10","LYN"
3.49081308108605e-09,1.77787325131574,0.714,0.243,7.78451317082189e-05,"10","SPCS2"
3.79828039965381e-09,2.4756757327766,0.25,0.036,8.47016529122799e-05,"10","ATP6V1H"
3.97960104989014e-09,2.0949252810908,0.429,0.092,8.87451034125502e-05,"10","CHD9"
3.98308532257849e-09,2.408260700911,0.321,0.057,8.88228026935003e-05,"10","ATF5"
5.30667069104464e-09,1.40995497868175,0.75,0.237,0.000118338756410295,"10","CD164"
6.01078258079881e-09,1.75218225032757,0.464,0.105,0.000134040451551813,"10","STOML2"
6.78731636229488e-09,1.84413206537386,0.571,0.161,0.000151357154879176,"10","SAMHD1"
7.05013864239971e-09,1.56359844759128,0.607,0.17,0.000157218091725513,"10","RNF130"
1.03770568004374e-08,2.14528533026237,0.536,0.151,0.000231408366649753,"10","PHACTR1"
1.26425735496545e-08,1.99943819625302,0.25,0.037,0.000281929390157295,"10","CYSLTR1"
1.27372971427639e-08,2.34362880013722,0.357,0.073,0.000284041726283636,"10","LMAN1"
1.40371801127594e-08,1.56617650395862,0.393,0.079,0.000313029116514534,"10","BAP1"
1.43869036073927e-08,1.66952588739909,0.607,0.171,0.000320827950444858,"10","DNAJC3"
1.47638107577014e-08,1.58020405457211,0.357,0.068,0.000329232979896742,"10","ZSCAN16-AS1"
1.75727768932585e-08,2.05424324053516,0.286,0.048,0.000391872924719665,"10","CREB3L2"
2.0917204130962e-08,2.35270023909808,0.393,0.088,0.000466453652120453,"10","COQ7"
2.33541922726034e-08,1.42630805119861,0.821,0.313,0.000520798487679055,"10","SELENOF"
2.34547192865031e-08,1.28953012518398,0.714,0.209,0.000523040240089019,"10","C19orf70"
2.74578973727437e-08,1.75372269329396,0.607,0.185,0.000612311111412185,"10","PRKCB"
2.79694991837164e-08,2.03325371608645,0.25,0.039,0.000623719831796876,"10","CXXC5"
2.94675093491201e-08,2.13441477087009,0.321,0.062,0.000657125458485379,"10","GNA15"
2.96424210786132e-08,2.18561686688386,0.429,0.1,0.000661025990053074,"10","TMX1"
3.55046031582577e-08,1.63920657320749,0.393,0.084,0.000791752650429147,"10","TMEM141"
3.57842804470811e-08,1.70532080690507,0.786,0.315,0.000797989453969908,"10","TXN"
3.62256303513107e-08,1.77491915261293,0.607,0.181,0.000807831556834229,"10","MYDGF"
3.97393131609156e-08,1.77263673801204,0.429,0.101,0.000886186683488418,"10","NUDT1"
5.31405348504374e-08,2.271848585984,0.25,0.04,0.00118503392716475,"10","JKAMP"
5.31486904697251e-08,1.54917566683177,0.714,0.25,0.00118521579747487,"10","SIVA1"
5.7123506296213e-08,1.63511231690469,0.5,0.132,0.00127385419040555,"10","SH3GLB1"
6.38468494398602e-08,1.90540106535908,0.321,0.062,0.00142378474250888,"10","RRP15"
6.88119931839853e-08,1.50551109122098,0.393,0.085,0.00153450744800287,"10","TM2D1"
7.43869536313104e-08,2.08147572079701,0.393,0.094,0.00165882906597822,"10","CD4"
7.51436529724891e-08,1.4707619157375,0.571,0.163,0.00167570346128651,"10","TIMM13"
7.7989817555828e-08,1.54609984041078,0.429,0.1,0.00173917293149496,"10","PSMA6P1"
8.40184674889695e-08,2.05402896503899,0.286,0.052,0.00187361182500402,"10","SDHAF3"
8.45551975127832e-08,2.33619784522662,0.25,0.042,0.00188558090453507,"10","SRPRB"
9.00760357113646e-08,1.43267420980868,0.571,0.162,0.00200869559636343,"10","SFT2D1"
9.22812669890969e-08,1.90627233965734,0.25,0.041,0.00205787225385686,"10","CLSTN1"
9.86623621843379e-08,1.99196482998888,0.25,0.041,0.00220017067671073,"10","IRF2BPL"
1.00745900367554e-07,1.38766705309452,0.643,0.201,0.00224663357819645,"10","IRF2BP2"
1.01894786109999e-07,1.51791021537991,0.536,0.151,0.00227225373025298,"10","IDH2"
1.07195883907393e-07,2.20419571308991,0.429,0.11,0.00239046821113485,"10","RPN1"
1.09867617287645e-07,1.70169465849595,0.5,0.141,0.00245004786551447,"10","THEMIS2"
1.41374247909893e-07,1.93688440724052,0.464,0.124,0.0031526457283906,"10","JAML"
1.42881960118693e-07,1.68643468055424,0.5,0.139,0.00318626771064686,"10","LUC7L3"
1.4371806882518e-07,1.66479933667622,0.393,0.09,0.00320491293480152,"10","NUTM2B-AS1"
1.44640118554832e-07,1.22182819615702,0.893,0.393,0.00322547464377275,"10","BRK1"
1.46398980102791e-07,2.1313668587364,0.357,0.078,0.00326469725629223,"10","TRIM22"
1.55938573202642e-07,1.95960875239677,0.286,0.053,0.00347743018241891,"10","GGA2"
1.56942248212749e-07,2.28253827631253,0.25,0.043,0.0034998121351443,"10","CCDC14"
1.6465693595217e-07,1.19735385224111,0.893,0.356,0.0036718496717334,"10","ATP5J2"
1.68742116568667e-07,1.30806349826761,0.643,0.194,0.00376294919948128,"10","WASF2"
1.83604207443259e-07,0.735668769821327,0.964,0.917,0.00409437382598468,"10","ATP5E"
2.05037567399412e-07,1.31871062478855,0.679,0.229,0.00457233775300688,"10","PTPRE"
2.14688407243689e-07,2.16470345920588,0.321,0.068,0.00478755148153427,"10","SND1"
2.26898214230831e-07,2.20999660908149,0.25,0.043,0.00505983017734753,"10","NAA25"
2.31372758566922e-07,1.53949573163007,0.607,0.199,0.00515961251604235,"10","CNPY3"
2.85728607335506e-07,1.64646858297328,0.607,0.187,0.00637174794358179,"10","SSR3"
2.88050370707282e-07,2.05716491070544,0.25,0.044,0.0064235232667724,"10","TBC1D5"
3.00884914580646e-07,1.7176703771598,0.393,0.096,0.0067097335951484,"10","SEC63"
3.18601790605143e-07,2.29852725013481,0.25,0.045,0.00710481993049468,"10","MCTP1"
3.43197431404364e-07,1.04416203806254,0.964,0.615,0.00765330272031732,"10","CALM2"
3.55385849867231e-07,2.54797608794165,0.321,0.071,0.00792510445203926,"10","PRKRA"
3.77148106591804e-07,1.75398796352007,0.357,0.081,0.00841040277699723,"10","CHD4"
3.8926260799322e-07,1.36561041657259,0.821,0.323,0.0086805561582488,"10","ATP6V0B"
4.27561559437153e-07,1.40069665819255,0.429,0.105,0.00953462277544851,"10","ZNF511"
4.30963222533525e-07,1.75588659173481,0.357,0.082,0.00961047986249761,"10","CCAR1"
4.39865907840568e-07,1.84897741969252,0.464,0.136,0.00980900974484467,"10","PPM1G"
5.08957146766011e-07,1.90061076566105,0.286,0.056,0.011349744372882,"10","MAGT1"
5.09271053330286e-07,2.10435101108448,0.25,0.046,0.0113567444892654,"10","BCAP29"
6.16481030861152e-07,1.37198931576393,0.571,0.176,0.0137475269882037,"10","LMAN2"
6.86927159694048e-07,1.58077925866228,0.571,0.176,0.0153184756611773,"10","BCAP31"
7.0754138146504e-07,1.96002116055535,0.321,0.072,0.0157781728066704,"10","ARFGAP3"
7.16309062414383e-07,1.73769765453631,0.321,0.07,0.0159736920918407,"10","MRPL16"
7.5244153323521e-07,1.61522247516036,0.393,0.1,0.0167794461911452,"10","MEF2C"
7.64375144294711e-07,1.22398896370028,0.821,0.38,0.0170455657177721,"10","PNISR"
7.68330713500346e-07,2.13187307091938,0.286,0.06,0.0171337749110577,"10","PIK3AP1"
7.70554652563394e-07,2.09879254210891,0.357,0.089,0.0171833687521637,"10","TXNP6"
7.71975585304565e-07,1.35828959400569,0.679,0.244,0.0172150555522918,"10","GNAS"
7.8480547757298e-07,1.19864189540254,0.893,0.45,0.0175011621498775,"10","HMGN1"
7.87734303328572e-07,1.51298719042658,0.571,0.187,0.0175664749642271,"10","DBNL"
8.85128503846607e-07,1.24589812490387,0.429,0.109,0.0197383656357793,"10","HINT2"
9.26044847932416e-07,2.09192625488078,0.286,0.06,0.0206508001088929,"10","YIF1A"
9.29715664104643e-07,1.53652929115854,0.25,0.046,0.0207326593095335,"10","DEDD"
9.69521707360533e-07,1.38470059205929,0.286,0.057,0.0216203340741399,"10","RING1"
1.00363390915078e-06,1.34691068638589,0.536,0.159,0.0223810361740625,"10","NOL7"
1.0967360595077e-06,1.40755884825058,0.714,0.302,0.0244572141270216,"10","HSP90B1"
1.14813674595356e-06,1.63535426891934,0.357,0.085,0.0256034494347643,"10","IER3IP1"
1.19458845561613e-06,1.60848005299132,0.393,0.1,0.0266393225602397,"10","IL16"
1.20432737933375e-06,1.51093190447249,0.357,0.084,0.0268565005591426,"10","SCAMP2"
1.2190960454347e-06,0.700325218259131,1,0.909,0.0271858418131938,"10","RPLP0"
1.22400046194901e-06,1.10072590984869,0.929,0.703,0.0272952103014629,"10","MYL12A"
1.23930554338852e-06,2.32742268554519,0.25,0.049,0.0276365136175639,"10","MLEC"
1.27269510770867e-06,1.5749933652698,0.536,0.161,0.0283811009019033,"10","TBCC"
1.28874815633363e-06,1.31298590701849,0.571,0.181,0.0287390838862399,"10","WDR1"
1.32249583202628e-06,1.59641661227892,0.357,0.085,0.0294916570541861,"10","EFCAB14"
1.35536965036232e-06,1.71698151165466,0.571,0.186,0.0302247432030798,"10","SSR1"
1.49607546062668e-06,1.76213518354565,0.321,0.073,0.0333624827719751,"10","ACBD6"
1.6374988354173e-06,1.99604651527389,0.321,0.073,0.0365162240298057,"10","CD300A"
1.78080778789389e-06,1.22817094510465,0.821,0.428,0.0397120136700337,"10","DBI"
1.89937599289013e-06,2.11387509650389,0.286,0.063,0.04235608464145,"10","NGLY1"
1.98416007974038e-06,1.26151616311514,0.464,0.131,0.0442467697782104,"10","BAG1"
2.01267354903657e-06,1.79018085117781,0.25,0.049,0.0448826201435155,"10","MICAL1"
2.26483890699812e-06,1.77032324183941,0.321,0.075,0.0505059076260581,"10","LARS"
2.28861981068831e-06,1.89711075719635,0.25,0.049,0.0510362217783493,"10","RPAIN"
2.28867413715726e-06,1.23513222161145,0.75,0.323,0.0510374332586069,"10","MTDH"
2.40722368011678e-06,1.45930214667882,0.286,0.06,0.0536810880666041,"10","CBX4"
2.47334072541067e-06,1.9731922192466,0.357,0.094,0.055155498176658,"10","ZMYM2"
2.53190314426195e-06,2.37401896478229,0.25,0.052,0.0564614401170415,"10","PARVB"
2.55860415663225e-06,1.96930485835385,0.25,0.05,0.0570568726928993,"10","AHCY"
2.62530349860536e-06,0.952059544918246,0.929,0.522,0.0585442680188995,"10","GUK1"
2.7080319577989e-06,2.21705046735114,0.321,0.081,0.0603891126589155,"10","CCDC186"
2.74580221972105e-06,1.73582443961117,0.393,0.107,0.0612313894997793,"10","HLA-DMB"
2.74642604453731e-06,1.61260580093124,0.393,0.107,0.0612453007931819,"10","ZNF106"
2.97260252846512e-06,1.60029590184561,0.321,0.075,0.0662890363847721,"10","PHC3"
3.41464668587506e-06,1.11318016764372,0.821,0.443,0.0761466210950138,"10","LSP1"
3.7137850750382e-06,1.1555463191974,0.536,0.168,0.0828174071733518,"10","AKIRIN2"
3.92319660066432e-06,1.96674375433677,0.393,0.111,0.0874872841948143,"10","OGT"
4.08443699773911e-06,1.67595458480562,0.429,0.122,0.0910829450495822,"10","EIF4A3"
4.10588962575679e-06,1.08555521631417,0.536,0.166,0.0915613386543764,"10","CTSC"
4.16815380296169e-06,1.64898036888756,0.25,0.05,0.0929498298060457,"10","CTDNEP1"
4.17797235701062e-06,1.85504651275015,0.321,0.078,0.0931687835613368,"10","CCDC18-AS1"
4.18305468660482e-06,1.94167770139714,0.357,0.097,0.0932821195112874,"10","FYTTD1"
4.57115598041614e-06,2.151727205955,0.25,0.052,0.10193677836328,"10","PAFAH1B3"
4.6249537472045e-06,1.75386465744009,0.25,0.051,0.10313646856266,"10","TOR3A"
4.70523133038826e-06,1.698507237859,0.286,0.064,0.104926658667658,"10","FAM214A"
4.8903584055865e-06,1.29301193921168,0.536,0.175,0.109054992444579,"10","GGNBP2"
5.00947379108942e-06,1.38832486580666,0.357,0.09,0.111711265541294,"10","GRSF1"
5.26533567707553e-06,1.43260998967641,0.393,0.107,0.117416985598784,"10","MRPS12"
5.2976030656371e-06,2.75077740624911,0.25,0.054,0.118136548363707,"10","DNAJB11"
5.45015695808947e-06,1.54085627542732,0.357,0.093,0.121538500165395,"10","SH2B3"
5.63004073336191e-06,1.63987502425111,0.429,0.131,0.125549908353971,"10","COMT"
5.75587891884951e-06,1.27799649454463,0.429,0.123,0.128356099890344,"10","BHLHE40"
5.85769433461887e-06,1.48433239285552,0.357,0.093,0.130626583662001,"10","DNAJC1"
6.1818719964292e-06,0.950021445506984,0.964,0.722,0.137855745520371,"10","HINT1"
6.65528637042524e-06,1.38833341077905,0.536,0.187,0.148412886060483,"10","AKAP13"
6.81302066355278e-06,0.875166591373282,0.964,0.511,0.151930360797227,"10","COX8A"
6.92086526085065e-06,1.87373071696101,0.429,0.142,0.15433529531697,"10","HMGA1"
6.92488176434269e-06,1.21397762443652,0.607,0.226,0.154424863344842,"10","NDUFC2"
7.00801416039915e-06,1.12716787138377,0.464,0.135,0.156278715776901,"10","SDHC"
7.21270183276931e-06,1.37814817528878,0.25,0.052,0.160843250870756,"10","AC084033.3"
7.5955433148848e-06,1.76722750780371,0.321,0.083,0.169380615921931,"10","SKAP2"
8.39805751072749e-06,0.629305079239934,0.571,0.184,0.187276682489223,"10","KLF4"
8.56766047505752e-06,1.33268605006304,0.464,0.144,0.191058828593783,"10","HMGN2"
8.83490624618057e-06,2.11200400206599,0.25,0.056,0.197018409289827,"10","HLA-DQA2"
8.85480137831287e-06,1.16613552401443,0.607,0.22,0.197462070736377,"10","KTN1"
8.85890081751203e-06,0.945310547776973,0.893,0.448,0.197553488230518,"10","RPLP0P6"
9.24754997042232e-06,1.14234146077395,0.571,0.189,0.206220364340418,"10","SPCS3"
9.42689774723363e-06,1.4519329298752,0.286,0.066,0.21021981976331,"10","APPL1"
9.9770256072335e-06,0.784347089079747,1,0.988,0.222487671041307,"10","MT-RNR2"
9.9771538017684e-06,1.06422137233793,0.5,0.158,0.222490529779435,"10","PLEK"
1.02095043794968e-05,1.46984866868646,0.5,0.165,0.227671947662779,"10","NBDY"
1.06222142254766e-05,1.35832803387288,0.393,0.112,0.236875377228128,"10","ITGAE"
1.09120223346259e-05,1.49124736570803,0.286,0.066,0.243338098062157,"10","CDC5L"
1.12665795917289e-05,1.41480235854113,0.393,0.114,0.251244724895554,"10","ADI1"
1.25074958242156e-05,1.42409450532024,0.321,0.081,0.278917156880008,"10","WDR45"
1.25301022822863e-05,1.54928029437034,0.321,0.082,0.279421280894985,"10","CYB5R4"
1.35297514873786e-05,1.51628275006415,0.25,0.054,0.301713458168543,"10","CCDC18"
1.36084644822926e-05,1.86260006217774,0.25,0.056,0.303468757955126,"10","CYTH4"
1.36436860408437e-05,1.58627710823404,0.321,0.082,0.304254198710815,"10","TECRP1"
1.40269070137336e-05,1.18025644179838,0.357,0.094,0.31280002640626,"10","SUPT5H"
1.40947035346434e-05,1.17113149483516,0.714,0.291,0.314311888822548,"10","ATP5A1"
1.43804114323616e-05,1.50010940544772,0.321,0.082,0.320683174941663,"10","CCS"
1.50383931737197e-05,1.5754601978936,0.357,0.1,0.335356167773949,"10","OFD1"
1.52698042770025e-05,1.79373847926279,0.25,0.056,0.340516635377155,"10","RBM28"
1.53762811979585e-05,1.25654561455622,0.786,0.409,0.342891070714474,"10","RGS2"
1.54020304973362e-05,1.59303163538485,0.25,0.055,0.343465280090598,"10","SMIM30"
1.58314869711724e-05,1.9753637085006,0.25,0.056,0.353042159457144,"10","PDS5A"
1.6583811313154e-05,1.24424833592868,0.679,0.272,0.369818992283333,"10","PEBP1"
1.74950542744523e-05,1.40476571183126,0.321,0.083,0.390139710320287,"10","MAPRE2"
1.88155105111144e-05,1.39508185157619,0.429,0.136,0.419585884397851,"10","PSENEN"
1.90358337978642e-05,1.43231027753189,0.536,0.2,0.424499093692371,"10","DSTN"
1.92668414143921e-05,1.42212910799488,0.286,0.068,0.429650563540944,"10","ARL6IP6"
1.94493497957573e-05,1.01573327876686,0.964,0.647,0.433720500445387,"10","SUB1"
2.0201457106106e-05,1.61999148954173,0.321,0.086,0.450492493466164,"10","DNAJC4"
2.27290730289485e-05,2.05606349833792,0.25,0.059,0.506858328545553,"10","RRBP1"
2.30990769182144e-05,1.28490803767851,0.464,0.153,0.515109415276181,"10","CDKN2D"
2.39585727098975e-05,0.818851167082719,1,0.841,0.534276171430714,"10","MYL6"
2.4812617842644e-05,1.12494599692659,0.607,0.222,0.553321377890962,"10","LSM4"
2.56435889762741e-05,1.90298416329048,0.286,0.071,0.571852034170912,"10","RPL26L1"
2.63740772981511e-05,1.33901506161333,0.321,0.084,0.58814192374877,"10","MCTS1"
2.70724904071637e-05,1.05749491514304,0.536,0.187,0.603716536079751,"10","CANX"
3.03069599425075e-05,1.13246078377159,0.536,0.193,0.675845206717916,"10","NONO"
3.13814427031847e-05,1.30197490909566,0.25,0.057,0.699806172281018,"10","GAB2"
3.16673064366789e-05,0.830188463515313,0.607,0.21,0.70618093353794,"10","H3F3AP4"
3.16907121667605e-05,1.46892211998544,0.357,0.103,0.706702881318758,"10","NME1"
3.19300298156524e-05,0.774967251261109,0.929,0.699,0.712039664889049,"10","CHCHD2"
3.21745663544001e-05,1.37530430900082,0.286,0.071,0.717492829703121,"10","TMEM248"
3.44462423209255e-05,1.60399886577554,0.25,0.058,0.768151203756639,"10","FMNL3"
3.45992254742099e-05,0.980601022263692,0.536,0.182,0.77156272807488,"10","KIF5B"
3.64446567963139e-05,1.09836477302457,0.5,0.167,0.812715846557799,"10","BUD23"
3.64921490159523e-05,1.56864735068366,0.286,0.074,0.813774923055737,"10","TXNL4A"
3.65139339647846e-05,1.38103766806825,0.536,0.197,0.814260727414696,"10","NR3C1"
3.70044885669021e-05,1.32513897086596,0.357,0.103,0.825200095041916,"10","SPPL2A"
3.78484984530745e-05,1.27662735133555,0.464,0.159,0.844021515503561,"10","ZNF706"
3.82050897015188e-05,1.16940337595842,0.5,0.173,0.85197350034387,"10","ORMDL1"
4.00529708801151e-05,0.932083843443429,0.714,0.303,0.893181250626567,"10","AC058791.1"
4.09389242458341e-05,1.85410460807171,0.25,0.06,0.912938010682101,"10","CHID1"
4.14574270203899e-05,1.81003167935212,0.25,0.06,0.924500622554694,"10","VPS36"
4.27062472385054e-05,1.77649488305531,0.286,0.076,0.952349313418671,"10","LAGE3"
4.30828871382496e-05,1.17106731323503,0.786,0.435,0.960748383182967,"10","SLC25A5"
4.40845146663576e-05,1.34971285380583,0.286,0.071,0.983084677059775,"10","SLC44A2"
4.46831232310658e-05,1.44856587271484,0.321,0.089,0.996433648052768,"10","AC022400.7"
4.51497461489136e-05,1.84122864200616,0.25,0.06,1,"10","KATNBL1"
4.5320668307561e-05,1.14720544056015,0.393,0.119,1,"10","IQGAP2"
4.84480142325656e-05,1.01295980254964,0.786,0.38,1,"10","ARF1"
5.08324566548151e-05,1.10105005162262,0.464,0.156,1,"10","PTRHD1"
5.17198780440228e-05,1.63537141861616,0.25,0.06,1,"10","C1orf228"
5.5184556630706e-05,1.15142818697206,0.357,0.103,1,"10","ABI1"
5.6363870825463e-05,1.26738877472954,0.357,0.104,1,"10","RBBP7"
5.65498841363448e-05,1.2387156120281,0.321,0.088,1,"10","EBPL"
5.67479350040024e-05,1.04067305990703,0.464,0.154,1,"10","EMB"
5.80600008944743e-05,0.463275953217213,1,0.976,1,"10","RPS11"
5.84992178577661e-05,1.32268219251779,0.25,0.059,1,"10","MEF2D"
6.33074700033732e-05,1.40740566019048,0.429,0.146,1,"10","NUCB1"
6.38374658072789e-05,1.38844343991172,0.429,0.146,1,"10","MAP2K3"
7.16933984245683e-05,1.52829689351884,0.25,0.061,1,"10","ASB8"
7.3245679331756e-05,1.73266819154789,0.25,0.063,1,"10","ATP2A3"
7.38611864162328e-05,1.11365507952759,0.536,0.212,1,"10","TSPYL2"
7.39292177548742e-05,1.08821976805721,0.607,0.257,1,"10","ABRACL"
7.48979348751864e-05,0.994577179083619,0.679,0.313,1,"10","AP2S1"
7.49842942378762e-05,1.18809561118738,0.321,0.09,1,"10","OAZ2"
7.53078201941538e-05,1.05287168112113,0.75,0.344,1,"10","PRDX6"
7.63483038641851e-05,0.75041696714798,0.964,0.797,1,"10","RPL36AL"
7.66909645743577e-05,1.8683291443795,0.25,0.063,1,"10","CYB5R3"
7.80449452957587e-05,1.10828488239546,0.643,0.3,1,"10","RABAC1"
8.07544445201901e-05,1.41574390863768,0.25,0.062,1,"10","NCF4"
8.12393503231284e-05,0.910025217593435,0.929,0.634,1,"10","HMGB1"
8.43678561354846e-05,1.08508586628261,0.714,0.328,1,"10","PDIA3"
8.47958331001526e-05,1.72235301068144,0.25,0.063,1,"10","DPYSL2"
8.52713150322302e-05,1.84196613375492,0.286,0.081,1,"10","TMEM208"
8.5506034904921e-05,1.22797464006493,0.393,0.125,1,"10","ZCRB1"
8.67364530676321e-05,1.36827712114823,0.286,0.076,1,"10","MAPKAPK5-AS1"
8.68154216113934e-05,1.24519329894159,0.5,0.179,1,"10","APH1A"
8.92602183463712e-05,1.42110833380006,0.357,0.11,1,"10","BDP1"
8.92715022029392e-05,1.13435126527578,0.286,0.075,1,"10","EIF2AK1"
9.1818878839041e-05,1.26410983829811,0.5,0.18,1,"10","LINC-PINT"
9.31864967488583e-05,1.1045165012834,0.857,0.592,1,"10","RBM3"
9.46442915722672e-05,1.35397156389882,0.357,0.115,1,"10","NCF1C"
9.51877580594292e-05,1.06347376442632,0.536,0.206,1,"10","SVIP"
9.81353913930374e-05,0.594138173887186,0.964,0.91,1,"10","SERF2"
9.92140663306535e-05,1.67505228400024,0.286,0.079,1,"10","TMED3"
0.00010413322639416,1.64436767864771,0.25,0.063,1,"10","EPRS"
0.000104354719607184,1.3617703495694,0.286,0.077,1,"10","PSMD11"
0.000105907665916715,1.44760501602931,0.286,0.078,1,"10","SENP6"
0.000106540086246933,0.687270117842508,0.964,0.819,1,"10","SNHG5"
0.000109178080405554,1.42141096787296,0.321,0.095,1,"10","SREK1"
0.000111976956015232,1.42307826587066,0.321,0.093,1,"10","TOMM20P4"
0.000114586633266913,1.02369196251511,0.429,0.141,1,"10","GNB1"
0.000115198643276222,0.644906959457,0.571,0.219,1,"10","RGS1"
0.000118383611347362,1.49349402359465,0.286,0.079,1,"10","MRPS5"
0.000119621277535788,1.66220124475115,0.286,0.081,1,"10","SPCS2P4"
0.000119912577777269,0.839472220706263,0.464,0.156,1,"10","ARL6IP1"
0.000121906269456037,1.13998772632501,0.321,0.091,1,"10","TMUB1"
0.00012351770728448,1.57786726018974,0.321,0.099,1,"10","SMC3"
0.000125428323749447,0.897673236735474,0.75,0.348,1,"10","SNRPE"
0.000134110396010608,0.923474917197458,0.643,0.266,1,"10","GABARAPL2"
0.000136157521185802,1.12681071650465,0.357,0.109,1,"10","PHF5A"
0.000136997925460573,0.634143872958382,0.964,0.844,1,"10","CFL1"
0.000137457065650708,1.32241928646221,0.357,0.114,1,"10","MANF"
0.000138456661378674,1.06253433743658,0.429,0.144,1,"10","SDHB"
0.000139111603892142,0.809196950703874,0.429,0.141,1,"10","CYBB"
0.000139589025375093,0.762944318993981,0.929,0.628,1,"10","NDUFA4"
0.000141459933945561,1.6476632310495,0.25,0.066,1,"10","CMTM3"
0.000146969635202637,1.30483990475956,0.429,0.154,1,"10","MZT2B"
0.000150990657988993,1.4759039121384,0.286,0.08,1,"10","PIAS1"
0.000153881118596854,1.13309883805651,0.607,0.261,1,"10","LAPTM4A"
0.000154079441054219,0.900687132703352,0.607,0.248,1,"10","TRAPPC1"
0.000160269040124436,1.5277594903147,0.25,0.065,1,"10","NSMCE4A"
0.000161488054559378,1.2986732807895,0.321,0.096,1,"10","PSMD2"
0.0001632562323823,1.20113679404201,0.321,0.094,1,"10","POP5"
0.000173024639745531,1.61195220255858,0.25,0.066,1,"10","EIF3B"
0.000173786717474385,1.33652606938582,0.25,0.064,1,"10","CD320"
0.000174744309062874,1.14037806525722,0.429,0.15,1,"10","NDUFC1"
0.000174962121486752,1.02983146512869,0.429,0.145,1,"10","CCT2"
0.000180666744553886,1.06457220442133,0.5,0.189,1,"10","ATP5G1"
0.00018285480657329,1.56989310150475,0.321,0.102,1,"10","COG3"
0.000184082992601388,1.2015187563122,0.321,0.098,1,"10","PRDX3"
0.000187572617186817,0.934154148700008,0.286,0.078,1,"10","IFNGR2"
0.000191846068381426,0.928804215947686,0.5,0.187,1,"10","MTPN"
0.000194684869152087,1.18675105851153,0.321,0.095,1,"10","LPXN"
0.000196095081858966,1.06775416828085,0.393,0.131,1,"10","TIMM8B"
0.000196670807549946,0.841770337592656,0.964,0.596,1,"10","PPIA"
0.000201038435698805,1.3175543661858,0.25,0.065,1,"10","GAR1"
0.000211536616805976,1.45969175156392,0.25,0.067,1,"10","OIP5-AS1"
0.000218244170826847,1.11064242368679,0.464,0.177,1,"10","NME2P1"
0.000219541662267828,1.12546302890338,0.464,0.178,1,"10","NASP"
0.000221292978759206,1.30110819227787,0.393,0.132,1,"10","TMCO1"
0.000227326411304792,1.45460358894553,0.25,0.067,1,"10","VKORC1"
0.000229225609102171,1.48597017464583,0.25,0.067,1,"10","NPLOC4"
0.000234130915919854,0.934484352080052,0.571,0.233,1,"10","RBM25"
0.000244322574082302,0.83808295309244,0.571,0.227,1,"10","SLIRP"
0.000246227811058012,0.930758098776193,0.357,0.112,1,"10","MED23"
0.000255832463738455,1.23012171860469,0.25,0.066,1,"10","XPO4"
0.000257619042622581,1.14903885227192,0.286,0.082,1,"10","IAH1"
0.000259709031105012,1.30094251729715,0.286,0.083,1,"10","CHMP5"
0.000268361194165923,1.75752888304575,0.393,0.135,1,"10","GOLGA4"
0.000268978814328276,0.985406797946146,0.321,0.098,1,"10","TFDP2"
0.000269496230381988,1.53109313158713,0.286,0.085,1,"10","MRPS35"
0.000276514348470617,1.5115396137434,0.321,0.103,1,"10","RNASEH2B"
0.000278919917370737,1.14759370912641,0.571,0.228,1,"10","ERGIC3"
0.000279744595467782,0.940391143643541,0.679,0.299,1,"10","SELENOT"
0.000280393207865154,1.28861471030818,0.429,0.163,1,"10","RFTN1"
0.000286295399680679,1.82616958655559,0.25,0.069,1,"10","RPSAP12"
0.000297058974171051,1.32880484532884,0.429,0.16,1,"10","PHIP"
0.000302618149408942,1.23726307064632,0.286,0.083,1,"10","LAP3"
0.000307144430224625,1.05971362312275,1,0.871,1,"10","MT-RNR1"
0.00032531197440344,1.11362610342395,0.286,0.083,1,"10","MRPL28"
0.000325522693225104,0.726966098824974,0.75,0.349,1,"10","SH3BGRL"
0.000328958723110206,1.45699234847778,0.357,0.126,1,"10","SPAG7"
0.000334301794292486,1.1593289429852,0.286,0.084,1,"10","MAD2L2"
0.000339007814955905,1.1560534341279,0.429,0.161,1,"10","MS4A6A"
0.000351200461861113,0.819673194883957,0.643,0.28,1,"10","SEM1"
0.000402273149112448,1.14623132827475,0.357,0.121,1,"10","NDUFAF3"
0.000403516638646986,1.00852864491748,0.5,0.199,1,"10","AIMP1"
0.000405926669368892,1.05823265685888,0.321,0.101,1,"10","BABAM1"
0.000414435987462295,0.760373669656227,0.536,0.207,1,"10","HSPA9"
0.000419399730096368,0.671462162376209,0.929,0.633,1,"10","AC026403.1"
0.000420684198971838,0.952753273325988,0.357,0.116,1,"10","LLPH"
0.000423259854907756,0.999437042684409,0.393,0.135,1,"10","PA2G4"
0.000426108488748538,1.099672342404,0.357,0.119,1,"10","SMIM19"
0.000442522967650361,1.44701658445077,0.321,0.106,1,"10","DENR"
0.000444209159400582,1.11830309484629,0.286,0.084,1,"10","SHC1"
0.000444276333890574,1.19614456628871,0.286,0.087,1,"10","PCBP1-AS1"
0.000448175811811513,1.17729280332525,0.357,0.121,1,"10","BPTF"
0.000463912860501874,1.22363196284784,0.321,0.106,1,"10","PNKD"
0.000468436864053554,0.849170735650957,0.643,0.292,1,"10","HSPE1"
0.000481344511936414,1.03953244743012,0.714,0.367,1,"10","ARL4C"
0.000492098000460146,0.973616811122734,0.464,0.18,1,"10","DDX17"
0.000496107077838966,1.17529002101504,0.429,0.165,1,"10","AL121944.1"
0.000499031901734719,1.5396216886756,0.25,0.072,1,"10","TTTY15"
0.000499767732596495,0.769638043749369,0.429,0.15,1,"10","CNOT7"
0.000502206812520144,1.43544798511404,0.357,0.129,1,"10","SEPT2"
0.000507996518832296,0.805455104293035,0.571,0.237,1,"10","ANAPC11"
0.000557316487799169,0.670915081599109,0.571,0.248,1,"10","AP1S2"
0.000558332361255171,1.3481480678215,0.393,0.151,1,"10","CYC1"
0.000559500703015023,1.55098721549419,0.25,0.074,1,"10","RNF11"
0.000560076114931625,0.53435652138751,0.857,0.433,1,"10","PSAP"
0.000564225238928035,1.15507674722805,0.607,0.313,1,"10","COPE"
0.000577626266316486,1.25522518122715,0.25,0.071,1,"10","CDC123"
0.000591617756147948,0.958290857655188,0.607,0.284,1,"10","COX5A"
0.000594025669893701,0.937917957156382,0.321,0.103,1,"10","TACC1"
0.000594537126687043,0.964442411186819,0.429,0.161,1,"10","EIF2S2"
0.000596399049930824,1.01191981098682,0.607,0.301,1,"10","SNRPD1"
0.000609917088068995,0.794587839445564,0.429,0.153,1,"10","ZNF428"
0.000611671959970439,0.833524345033475,0.679,0.318,1,"10","ARGLU1"
0.00061280428608594,1.09774667485426,0.321,0.107,1,"10","FAM96A"
0.000613380791009868,0.6562759288198,0.714,0.308,1,"10","NDUFA3"
0.000614348109341115,0.735681033458132,0.5,0.192,1,"10","ANKRD10"
0.000642904885834473,1.44064402109888,0.25,0.074,1,"10","SMARCC1"
0.000655094696413575,0.890621250767206,0.464,0.177,1,"10","SF3B2"
0.000657254807191204,1.12232660105288,0.25,0.072,1,"10","DCAF13"
0.000659245800182057,0.757831373833128,0.857,0.47,1,"10","COX6A1"
0.000706655172464024,0.992302897099423,0.25,0.072,1,"10","MRPL14"
0.000734252744162204,1.4378375955579,0.286,0.092,1,"10","LMBRD1"
0.000755768562852646,1.47145022359694,0.25,0.075,1,"10","PNPLA2"
0.000758917995658168,0.882535142473533,0.536,0.232,1,"10","ZC3H15"
0.000776718816581883,1.84142239748661,0.286,0.096,1,"10","MTF2"
0.000801030077421962,0.819989397218178,0.321,0.103,1,"10","PRMT1"
0.000812968201950007,0.882362984892826,0.429,0.161,1,"10","C1orf43"
0.000826681898501532,1.52842635582731,0.286,0.096,1,"10","PCM1"
0.000863328689360421,1.38058949913144,0.286,0.096,1,"10","SLC43A2"
0.000865149645757563,1.10267527887236,0.393,0.149,1,"10","SSNA1"
0.000874507607504208,1.30465659473566,0.25,0.075,1,"10","PREX1"
0.000885657450098341,1.61842997299576,0.25,0.078,1,"10","EPM2AIP1"
0.000944197820438835,1.22221389653647,0.357,0.131,1,"10","NDUFS4"
0.000954823803428783,0.698199619836663,0.393,0.143,1,"10","EIF1AY"
0.000956295175839862,0.91850882318112,0.393,0.144,1,"10","POLR2E"
0.000992713447489072,0.692635667319648,0.75,0.372,1,"10","LSM7"
0.000995019941906029,1.0210938832771,0.464,0.193,1,"10","TMEM256"
0.000997799397167391,0.997631053447426,0.5,0.217,1,"10","EIF3I"
0.00100179186279136,1.34464238568506,0.286,0.095,1,"10","BCL2L11"
0.00102041585117213,1.12480516343357,0.25,0.075,1,"10","CRELD2"
0.00102627455281301,0.456192248514657,0.929,0.835,1,"10","ATP5L"
0.00102634695945326,0.991044128896477,0.321,0.107,1,"10","APBB1IP"
0.00104122217342856,0.9898671799152,0.321,0.109,1,"10","COPZ1"
0.0010596841622514,0.880302722550995,0.571,0.259,1,"10","ATP5C1"
0.0010639289543326,0.988661072355076,0.393,0.145,1,"10","ACADVL"
0.00107940899685461,0.965697289287731,0.357,0.128,1,"10","PSMA5"
0.0010887314594212,0.752803805350098,0.429,0.163,1,"10","YWHAE"
0.0011484825961294,0.954478841405286,0.786,0.413,1,"10","IDS"
0.00114854739275214,1.13079017109583,0.321,0.11,1,"10","FBXW5"
0.00115030024029722,1.54094453291788,0.321,0.122,1,"10","ID1"
0.0011592680824408,0.790380873491297,0.393,0.143,1,"10","PGAM1"
0.00119494988586533,0.968028567844132,0.429,0.175,1,"10","SLTM"
0.00121175241825177,0.742033465221882,0.857,0.563,1,"10","MYL12B"
0.00125967849307477,1.05948434593837,0.357,0.129,1,"10","TECR"
0.00125979496354461,0.948491296427221,0.393,0.151,1,"10","AC016831.5"
0.00127438462802944,1.20498697798821,0.25,0.077,1,"10","RBM14"
0.00129313393268778,1.16671981356441,0.321,0.114,1,"10","EMC4"
0.00131034907691197,0.705931746550386,0.821,0.641,1,"10","COX6C"
0.00133223150752627,1.03838930406067,0.286,0.093,1,"10","TRIAP1"
0.00136719111936374,1.19475479596959,0.25,0.078,1,"10","SRPRA"
0.00137160501063971,1.06998307619585,0.321,0.113,1,"10","PSMD13"
0.00139552247769694,0.929375737201849,0.5,0.213,1,"10","AC097523.1"
0.00146897508764551,1.23834658257469,0.286,0.098,1,"10","MRPS33"
0.0014808771610387,1.03983196480239,0.286,0.095,1,"10","TMED5"
0.00150443558735757,0.812730364586523,0.821,0.482,1,"10","HNRNPC"
0.00154395329372094,1.06845809790791,0.286,0.095,1,"10","NUB1"
0.00157490461880328,0.843560750141505,0.357,0.131,1,"10","NANS"
0.00159035302990314,0.990329006830136,0.357,0.137,1,"10","TPP1"
0.00162818472402803,1.20846351620765,0.321,0.117,1,"10","PPP1R10"
0.00164618995311539,0.874199770016458,0.607,0.284,1,"10","TMED2"
0.00169012523031303,0.53658127001056,0.536,0.217,1,"10","AP2M1"
0.00170728226555429,0.936414602282614,0.393,0.156,1,"10","WDR33"
0.00171393702739172,1.35993189647328,0.25,0.081,1,"10","DMXL1"
0.00175239921725004,0.294513566776697,1,0.98,1,"10","RPL15"
0.00178082337392501,1.11945103973033,0.25,0.079,1,"10","C22orf39"
0.00181243303881556,0.706721484572633,0.821,0.516,1,"10","SSR2"
0.0018132101079267,1.12818869369224,0.286,0.098,1,"10","GLO1"
0.00182583020288838,0.672771020827708,0.786,0.418,1,"10","NDUFB11"
0.00184483156975501,0.648564184898026,1,0.863,1,"10","HNRNPA1"
0.00189273378867918,0.622907271352765,0.5,0.207,1,"10","PNN"
0.00190932189102483,0.734603432683436,0.321,0.111,1,"10","AL357060.2"
0.00196386317055107,0.675116917732891,0.929,0.567,1,"10","PPP1R15A"
0.0019852736178965,1.01366083758542,0.286,0.096,1,"10","MRPL22"
0.00203635427635237,0.801168324743126,0.714,0.399,1,"10","TMEM59"
0.00208036729225716,1.09749671731266,0.357,0.14,1,"10","KDM2A"
0.00208767478242002,1.05797366647758,0.607,0.322,1,"10","MYADM"
0.00209721979173721,0.558093747810627,0.75,0.377,1,"10","EIF5A"
0.00212694683460322,0.865451510961418,0.286,0.096,1,"10","PPP4R3A"
0.00215232027601557,0.785559360622951,0.464,0.195,1,"10","SLC38A1"
0.00216146254888827,1.01649728703371,0.5,0.238,1,"10","TTC3"
0.00218096769438422,1.08687330559069,0.25,0.082,1,"10","MFSD1"
0.00219616967366956,0.551135541397484,0.536,0.234,1,"10","PYCARD"
0.00224066037904979,0.946615922905824,0.286,0.098,1,"10","WDR20"
0.00224415719338756,0.811212889433088,0.357,0.134,1,"10","ANAPC5"
0.00224871332112985,1.16673877836339,0.321,0.121,1,"10","MORF4L2"
0.00228643338379817,1.17529975479559,0.357,0.142,1,"10","MRPL51"
0.00231348993714547,1.15718074997281,0.25,0.081,1,"10","CALR"
0.00236107268112883,0.577261263177209,0.321,0.115,1,"10","CD36"
0.00236687248616476,1.09140330258902,0.429,0.187,1,"10","TBCB"
0.00243003532143359,0.54222368912761,0.643,0.28,1,"10","KRT10"
0.00244258360144441,1.08200875610514,0.464,0.224,1,"10","SRP9"
0.00244843208574933,0.585255652068191,0.893,0.625,1,"10","OST4"
0.00255095282528793,1.05485708277784,0.464,0.219,1,"10","P4HB"
0.00255882541393499,0.787415187939456,0.357,0.133,1,"10","CMTM7"
0.00259673458979434,0.537008415243436,0.964,0.747,1,"10","RPL7AP30"
0.00261053364274613,0.783914520073151,0.429,0.176,1,"10","HNRNPR"
0.00264778241262865,1.1488472061485,0.25,0.084,1,"10","NCOA3"
0.00265258174997195,0.991687814339827,0.429,0.181,1,"10","SNRPA1"
0.00265321665028315,1.13969392052145,0.286,0.104,1,"10","CHMP4B"
0.00265416225746575,0.880772370928673,0.536,0.251,1,"10","C1QBP"
0.00266031225149234,0.93012488600903,0.286,0.099,1,"10","PTPN1"
0.00266308218347523,1.04745151421748,0.286,0.101,1,"10","ACAP2"
0.00269068621310256,0.873108689266293,0.357,0.139,1,"10","AC016831.1"
0.00272051050818554,0.79304788412751,0.25,0.08,1,"10","MIR1244-3"
0.00277833393233727,1.2471600036437,0.321,0.125,1,"10","ZNF292"
0.00279196015080197,1.17049535970464,0.25,0.085,1,"10","MED13L"
0.0028120637567161,0.602734379847843,0.714,0.369,1,"10","TRA2B"
0.00284988870158148,0.723599663658576,0.321,0.115,1,"10","NUDCD2"
0.00286120556985182,0.835782653346794,0.286,0.099,1,"10","GTF2H5"
0.00292742320017576,0.787876112056684,0.25,0.081,1,"10","PFDN6"
0.00295025898805477,1.47329198229369,0.286,0.111,1,"10","GLIPR1"
0.00299673420133405,0.820723498287213,0.25,0.083,1,"10","H1FX"
0.00307755876117239,0.635350719111219,0.321,0.117,1,"10","SP3"
0.0031336993621993,1.07320079735291,0.393,0.168,1,"10","GTF3C6"
0.00314136988556672,0.905505903170674,0.357,0.142,1,"10","RBM38"
0.00316409898324882,0.740882165883247,0.464,0.213,1,"10","TUBB"
0.00322193261891063,0.60003992736398,0.964,0.707,1,"10","VIM"
0.00323230030084029,0.485845248541564,0.857,0.454,1,"10","ATP6V0E1"
0.0033488486214673,0.605014514140069,0.464,0.192,1,"10","DYNLRB1"
0.00339814783118189,0.705183485233748,0.643,0.321,1,"10","RBM8A"
0.00349102688463652,0.571908740871853,0.643,0.33,1,"10","ATF4"
0.00349523786116716,0.707754181198097,0.679,0.396,1,"10","EIF4G2"
0.00352477841422537,0.642353742982466,0.571,0.265,1,"10","LSM5"
0.00354353657356154,0.691528967963023,0.286,0.1,1,"10","RAB4A"
0.00354967067385601,0.744748451936716,0.5,0.224,1,"10","EIF1AX"
0.00355037777494117,0.590697049434773,0.5,0.224,1,"10","FCGRT"
0.00362655692082172,0.830798869786557,0.536,0.27,1,"10","NDUFA2"
0.00365701629732918,0.840534936942728,0.321,0.122,1,"10","TLN1"
0.00366371281144881,0.933957803807802,0.321,0.123,1,"10","FXR1"
0.00366501319555849,0.541659069990233,0.75,0.36,1,"10","SNRPB"
0.00373118106565491,0.845728379187173,0.429,0.185,1,"10","SRSF10"
0.00375669437137606,1.51847201893011,0.286,0.112,1,"10","DANCR"
0.00376149805498988,0.84589521813191,0.25,0.084,1,"10","AKR7A2"
0.00380099956650414,0.941749098235529,0.286,0.103,1,"10","PAFAH1B1"
0.00383858368356575,0.702781991563759,0.643,0.351,1,"10","COPS9"
0.00384594954715547,1.04521092104036,0.429,0.198,1,"10","FAM96B"
0.00387151529543014,0.7892274710664,0.286,0.101,1,"10","TRIM38"
0.00388981736788241,1.1642092599702,0.25,0.087,1,"10","TSSC4"
0.00390622834325971,0.683453741814729,0.286,0.101,1,"10","RNF10"
0.00393680042074406,0.746850560152324,0.286,0.101,1,"10","PARVG"
0.00394682111178118,0.407658823169092,0.857,0.536,1,"10","RNASEK"
0.00396396868633234,1.12856712247221,0.357,0.153,1,"10","ODC1"
0.00398215554909374,0.647342332704812,0.321,0.119,1,"10","PTS"
0.00408348756021303,0.451843420534996,0.464,0.187,1,"10","TCEA1"
0.00412935416854267,0.874029098703212,0.286,0.103,1,"10","PLEKHB2"
0.00419013350918516,0.795583445077603,0.536,0.253,1,"10","MDM4"
0.00420903180822543,0.744847587297127,0.679,0.347,1,"10","ANKRD12"
0.00426671431622902,0.753261315864969,0.429,0.183,1,"10","NDUFS8"
0.00427985738417742,0.546727338675528,0.393,0.157,1,"10","KMT2C"
0.004371407333058,1.02422657609305,0.25,0.087,1,"10","SF3B4"
0.00439117749235997,0.615943050461704,0.286,0.104,1,"10","EIF4EBP1"
0.00445742617278404,0.757981808901804,0.571,0.288,1,"10","SEPT9"
0.00448955359880129,0.739958696975011,0.357,0.142,1,"10","NXT1"
0.00459101241933967,0.569834330594922,0.679,0.346,1,"10","HNRNPA3"
0.00468623941577233,0.971114915431073,0.25,0.087,1,"10","PPP2R3C"
0.00471596717088889,0.862216085325471,0.25,0.087,1,"10","PIN4"
0.00474411912106768,1.01742765002229,0.286,0.107,1,"10","ESF1"
0.00474573286374453,0.771637361044706,0.25,0.086,1,"10","LAMP2"
0.00485923772222093,0.777148014449643,0.25,0.086,1,"10","RABIF"
0.00487471828016958,1.04830505179805,0.357,0.153,1,"10","PTPN2"
0.00495291780880773,0.603167665263305,0.964,0.678,1,"10","RPSAP19"
0.00497701949028708,0.569541260133851,0.786,0.483,1,"10","POLR2L"
0.00498155300946246,0.620465849955713,0.321,0.12,1,"10","C8orf59"
0.00504699998069796,0.983839024240387,0.286,0.107,1,"10","ATF6B"
0.00508263585804058,0.724180286666925,0.464,0.206,1,"10","NDUFAF8"
0.00511216626079502,0.768046509018264,0.714,0.418,1,"10","JTB"
0.00515284057941122,0.673380510202591,0.286,0.103,1,"10","ARPP19"
0.00526728026193188,0.630064398901563,0.286,0.104,1,"10","LCOR"
0.00531311548657601,0.438609486330567,0.929,0.651,1,"10","C14orf2"
0.00536527843580655,0.874527511662722,0.321,0.13,1,"10","TPM4"
0.00542675796524979,1.36675052950748,0.286,0.115,1,"10","PDCD2"
0.00552008818318722,0.730945011489009,0.75,0.436,1,"10","HSPA5"
0.00557832081725583,0.537014490255311,0.536,0.243,1,"10","SUMO3"
0.00561235565897585,0.753878431020876,0.286,0.105,1,"10","SCNM1"
0.00570666890592029,0.726699968428695,0.357,0.146,1,"10","OSBPL8"
0.00570881838615851,0.757708110294974,0.286,0.106,1,"10","NCKAP1L"
0.00571503005302745,0.437636561908154,0.643,0.3,1,"10","LAMTOR5"
0.00572401038339294,0.562373413364346,0.821,0.47,1,"10","CCNL1"
0.00572509563277578,0.353306190740895,0.964,0.85,1,"10","OAZ1"
0.00573714710421217,0.374011127207386,1,0.921,1,"10","RPSA"
0.00584338667099118,0.953471328331201,0.321,0.13,1,"10","FIBP"
0.00587091358170383,0.78558469968625,0.536,0.28,1,"10","DYNLL1"
0.00596531709447537,0.498580733834393,0.75,0.402,1,"10","PGK1"
0.00597429956217788,0.48695940328032,0.964,0.783,1,"10","COMMD6"
0.00608440579259911,0.665684230101566,0.357,0.145,1,"10","ITSN2"
0.00610421440980294,0.776393215705831,0.25,0.088,1,"10","KDELR1"
0.00614804896949401,0.678590130861655,0.607,0.317,1,"10","COX7A2L"
0.00616168542872969,0.895662088153885,0.536,0.294,1,"10","ATP5B"
0.00630775216180691,0.506198615966723,1,0.777,1,"10","CIRBP"
0.00634471706270109,0.82419551348142,0.321,0.13,1,"10","RNF149"
0.00638241216692635,1.01950090770808,0.393,0.182,1,"10","SNRPD3"
0.00639066667340506,0.45655457681518,0.893,0.603,1,"10","SUMO2"
0.00641216026046848,1.01480926277154,0.321,0.132,1,"10","HDAC1"
0.00641721156566079,1.08648104997623,0.25,0.092,1,"10","PPA2"
0.00653379496491416,0.401598492770858,0.821,0.468,1,"10","RHOA"
0.00664724991283875,0.928601852304903,0.286,0.111,1,"10","TWF2"
0.00679234255700391,0.879130414505678,0.286,0.109,1,"10","ZRANB2"
0.00685510254489651,0.658655488268579,0.429,0.192,1,"10","DCXR"
0.00691879804762619,0.63512415959604,0.464,0.211,1,"10","RNH1"
0.0071600582569762,1.08410515164632,0.25,0.092,1,"10","PCNA"
0.0071716104079273,0.661252532007932,0.821,0.656,1,"10","COX7A2"
0.00724629131092454,1.06674897216134,0.321,0.135,1,"10","TMEM14C"
0.00730832636464531,0.787029145079919,0.25,0.09,1,"10","PARP1"
0.00732245929036299,0.830612180810907,0.393,0.175,1,"10","KDELR2"
0.00732426348934519,0.77440864526316,0.357,0.149,1,"10","EMC7"
0.00733935479300159,0.855704878318956,0.286,0.11,1,"10","HBS1L"
0.0074192802217614,0.646971191147382,0.571,0.311,1,"10","PSMB3"
0.00752169064262056,0.599296920269436,0.679,0.355,1,"10","RAN"
0.00752841095052796,0.653606991324506,0.571,0.298,1,"10","RBX1"
0.00757585049696765,0.847437242904824,0.286,0.111,1,"10","SNRPFP1"
0.00775538917074875,0.82712090113099,0.286,0.112,1,"10","LBR"
0.00788444915183606,0.652676841846283,0.607,0.312,1,"10","AC044787.1"
0.00800774924547969,0.622301619688479,0.321,0.127,1,"10","YTHDF2"
0.00808682190882609,0.888237563911584,0.25,0.092,1,"10","TRADD"
0.00815015369244604,0.777546795839654,0.357,0.151,1,"10","AKAP9"
0.00831615866933073,0.621810984973785,0.821,0.516,1,"10","KLF6"
0.00833399678033484,0.565862247476262,0.464,0.211,1,"10","METTL26"
0.00842320121822295,0.904527315629331,0.286,0.114,1,"10","LYPLA1"
0.00855224290883625,0.677767656845285,0.536,0.264,1,"10","TMEM14B"
0.00856068412343518,0.664277454952764,0.5,0.252,1,"10","SFPQ"
0.00858843840495664,0.43958282056485,0.321,0.126,1,"10","TNIP1"
0.00864630719009988,0.484738900241268,0.75,0.429,1,"10","POMP"
0.00868333343965624,0.690955452952084,0.607,0.327,1,"10","ERH"
0.00870119736560622,1.08626535217365,0.25,0.096,1,"10","HMGB1P5"
0.00871246240880841,0.936997531891288,0.286,0.117,1,"10","FERMT3"
0.00874081325675582,0.923606073234049,0.25,0.093,1,"10","HEBP2"
0.00875784597413989,0.771669172458774,0.321,0.133,1,"10","POLR2A"
0.00876167187537421,0.813283925271533,0.571,0.327,1,"10","ATP5J"
0.00879586760254572,0.804897945598969,0.25,0.093,1,"10","POLR2B"
0.00887946599480439,1.2116834933941,0.321,0.143,1,"10","CBX6"
0.00891277125873459,0.649436343307512,0.643,0.364,1,"10","SNRPG"
0.00902132314495487,0.641001760656261,0.286,0.111,1,"10","NDUFS3"
0.00906950916090879,0.253314072249523,1,0.982,1,"10","RPS2"
0.00907713794705229,0.524008473809143,0.821,0.489,1,"10","EEF1A1P5"
0.00919212682968243,0.623057311806045,0.464,0.218,1,"10","SCAF11"
0.00921262801564057,0.5936714548309,0.714,0.38,1,"10","GTF3A"
0.00930610643722146,1.2539528358696,0.25,0.097,1,"10","ZDHHC12"
0.00933246650909675,0.908859975759483,0.25,0.095,1,"10","RAD23A"
0.00943274975595918,1.58260085629045,0.286,0.113,1,"10","TTC14"
0.0095222915833753,0.843940441849821,0.25,0.094,1,"10","EBLN3P"
0.00953101574302102,0.998662172303722,0.25,0.096,1,"10","NELFE"
0.00995099892219046,0.741087999352663,0.25,0.093,1,"10","PIH1D1"
0.00999054653724363,0.897626240359351,0.393,0.179,1,"10","PDCD6"
